cdTimestamp,Location_ID,Latitude,Longitude,LULC_Type,Temperature,Humidity,Wind_Speed,Solar_Radiation,Precipitation,Air_Pressure,NDVI
2022-01-01 00:00:00,Station_1,42.92078476270857,-70.44207578989742,Agricultural,-1.45,30.99,1.03,747.73,9,980.36,0.87
2022-01-01 00:05:00,Station_1,45.87895445081719,-88.55317991947317,Forest,24.93,58.33,9.05,297.29,0,1020.3,0.56
2022-01-01 00:10:00,Station_1,32.14761907093353,-91.38717515405654,Agricultural,20.6,74.46,8.63,549.58,2,1024.56,0.52
2022-01-01 00:15:00,Station_1,26.725934480230865,-114.65461964884194,Barren,3.09,65.3,7.9,755.51,10,1043.17,0.46
2022-01-01 00:20:00,Station_1,40.87775912367596,-92.34548215839234,Barren,17.44,44.88,11.49,979.98,1,998.33,0.47
2022-01-01 00:25:00,Station_1,36.820347412971316,-116.39655371021692,Urban,4.62,74.19,12.63,786.51,4,1003.35,0.29
2022-01-01 00:30:00,Station_1,41.57112454220815,-70.23258308833141,Water,32.39,31.06,2.31,769.45,9,1041.41,0.66
2022-01-01 00:35:00,Station_1,36.388390709110695,-97.52900545770406,Barren,28.13,56.94,7.91,725.82,1,992.23,0.81
2022-01-01 00:40:00,Station_1,44.46546643171579,-75.30278870040998,Agricultural,-1.87,48.09,12.74,462.53,9,1025.07,0.1
2022-01-01 00:45:00,Station_1,43.16995479223344,-70.52356971625909,Water,8.16,68.57,1.43,694.18,8,990.57,0.76
2022-01-01 00:50:00,Station_1,44.664592455739886,-122.71930295536032,Barren,-9.98,63.97,2.93,419.29,4,988.11,0.63
2022-01-01 00:55:00,Station_1,43.23913975730687,-104.35719384935321,Agricultural,1.23,34.44,11.41,853.36,7,984.88,0.76
2022-01-01 01:00:00,Station_1,33.39641435601118,-86.67851780405215,Forest,5.54,74.11,12.0,256.74,6,1044.21,0.35
2022-01-01 01:05:00,Station_1,47.026283810145515,-89.01972723701496,Urban,12.15,68.55,13.21,908.97,6,1038.39,0.62
2022-01-01 01:10:00,Station_1,31.94823626519551,-73.76629168259564,Barren,1.21,39.06,0.64,885.92,8,1013.24,0.38
2022-01-01 01:15:00,Station_1,28.364657943712423,-93.46558049684656,Agricultural,8.46,58.06,14.42,786.53,3,1031.43,0.19
2022-01-01 01:20:00,Station_1,28.77202243313338,-61.17708160292375,Agricultural,0.19,85.25,3.4,855.94,4,982.76,0.31
2022-01-01 01:25:00,Station_1,28.334317870802476,-81.22746405845727,Urban,5.77,73.83,12.65,885.55,6,1006.1,0.7
2022-01-01 01:30:00,Station_1,48.278135782017586,-69.22153001278784,Water,25.0,49.63,0.06,656.65,5,1027.96,0.55
2022-01-01 01:35:00,Station_1,40.53752810371144,-65.41292032620265,Water,28.84,49.26,2.59,900.45,7,1027.42,0.71
2022-01-01 01:40:00,Station_1,39.38937605490482,-60.85318567115169,Water,9.03,56.79,4.9,600.54,3,1038.29,0.17
2022-01-01 01:45:00,Station_1,47.26367426880184,-78.6650360208703,Forest,16.6,70.72,4.61,448.15,4,1012.41,0.3
2022-01-01 01:50:00,Station_1,40.351636774344854,-82.31288693133072,Urban,-1.89,31.46,2.76,882.44,5,1013.14,0.15
2022-01-01 01:55:00,Station_1,43.18671769834629,-76.06689671637508,Barren,31.12,36.16,12.97,774.09,10,1008.54,0.32
2022-01-01 02:00:00,Station_1,34.787582710575336,-85.4024426925995,Barren,7.78,76.47,5.69,561.01,3,1024.75,0.39
2022-01-01 02:05:00,Station_1,38.36782122973261,-100.76776139677199,Forest,-2.95,82.19,11.46,264.62,3,992.61,0.71
2022-01-01 02:10:00,Station_1,27.393650644471208,-71.50244603611831,Urban,-6.71,44.11,9.41,137.91,1,1002.56,0.31
2022-01-01 02:15:00,Station_1,33.428288474024036,-122.71289930360447,Forest,1.06,62.9,13.48,303.5,0,1027.91,0.55
2022-01-01 02:20:00,Station_1,42.343078132816544,-100.52506289952008,Urban,10.96,76.35,8.38,342.49,9,985.6,0.33
2022-01-01 02:25:00,Station_1,27.33106545787652,-97.11301213966708,Barren,16.03,72.42,11.88,738.36,9,1008.95,0.44
2022-01-01 02:30:00,Station_1,26.747231247741986,-78.10219755192092,Forest,-3.32,45.27,10.57,744.07,6,1006.29,0.42
2022-01-01 02:35:00,Station_1,26.433055474348723,-68.13767475585973,Urban,9.95,38.05,7.45,888.62,3,1044.84,0.22
2022-01-01 02:40:00,Station_1,40.36796951499855,-113.25001040925021,Water,15.63,38.32,11.27,254.75,5,1046.77,0.71
2022-01-01 02:45:00,Station_1,43.340723994996445,-114.76874483287791,Agricultural,27.89,81.09,2.47,405.85,5,1035.9,0.61
2022-01-01 02:50:00,Station_1,33.961305161676286,-112.967901948968,Agricultural,15.95,55.13,11.94,573.98,6,986.19,0.85
2022-01-01 02:55:00,Station_1,32.44929747853507,-100.70338161655337,Water,-9.76,44.92,12.52,279.81,4,1038.89,0.2
2022-01-01 03:00:00,Station_1,26.896335491349948,-105.86372049000579,Forest,-2.22,88.32,6.74,773.97,8,986.97,0.28
2022-01-01 03:05:00,Station_1,35.23208022077549,-71.68590349906083,Agricultural,29.73,41.84,10.79,928.12,0,1017.75,0.15
2022-01-01 03:10:00,Station_1,36.753828782991285,-75.69973192499788,Agricultural,12.95,30.28,5.4,632.05,5,1022.62,0.63
2022-01-01 03:15:00,Station_1,36.267865141690606,-88.77792577818028,Agricultural,21.33,52.73,4.28,207.1,4,1031.65,0.27
2022-01-01 03:20:00,Station_1,38.98232403854902,-81.31661506295372,Barren,27.3,34.97,1.51,215.66,1,999.21,0.65
2022-01-01 03:25:00,Station_1,29.07815574712784,-86.66914765959037,Barren,25.97,82.24,13.38,136.28,9,1014.09,0.13
2022-01-01 03:30:00,Station_1,48.7057226108511,-100.2645747503482,Agricultural,-6.2,45.06,6.1,573.76,4,1039.03,0.13
2022-01-01 03:35:00,Station_1,28.644702580108024,-89.01698677699069,Agricultural,28.6,52.03,5.52,829.78,10,1030.47,0.68
2022-01-01 03:40:00,Station_1,44.57036068443581,-117.14238432416906,Agricultural,4.85,37.05,3.56,401.54,4,999.51,0.82
2022-01-01 03:45:00,Station_1,46.90747400924832,-76.46128178183645,Forest,29.56,52.72,11.81,974.18,1,1004.22,0.59
2022-01-01 03:50:00,Station_1,26.405999912439142,-107.75637950322552,Urban,-5.34,62.69,6.0,276.33,3,1033.59,0.13
2022-01-01 03:55:00,Station_1,49.376715182388054,-97.27997390814971,Urban,-7.53,79.15,9.51,203.03,1,1018.37,0.54
2022-01-01 04:00:00,Station_1,42.665165590531174,-93.1647758139012,Urban,19.09,42.29,0.13,443.03,0,1017.04,0.37
2022-01-01 04:05:00,Station_1,41.907336981754554,-63.53965933171053,Water,23.99,79.92,7.88,719.63,10,1020.65,0.81
2022-01-01 04:10:00,Station_1,28.97218266394418,-97.79172275920844,Forest,14.42,53.37,7.54,774.96,6,984.05,0.72
2022-01-01 04:15:00,Station_1,36.1474271211753,-81.8687490098362,Water,33.92,64.95,9.59,861.28,5,1030.13,0.75
2022-01-01 04:20:00,Station_1,47.409263978647004,-70.26292173531357,Water,34.0,36.99,11.19,278.05,10,1042.61,0.24
2022-01-01 04:25:00,Station_1,32.78736812231141,-92.2184157951528,Forest,15.14,75.61,8.16,211.88,0,1000.84,0.32
2022-01-01 04:30:00,Station_1,33.97494146531257,-107.19709261346017,Forest,-9.8,87.86,3.13,305.86,6,1019.03,0.33
2022-01-01 04:35:00,Station_1,41.60333215859636,-111.29206242877488,Water,5.24,33.24,3.9,434.75,0,1022.6,0.75
2022-01-01 04:40:00,Station_1,35.61770874232146,-99.14041240299728,Barren,17.33,45.05,2.14,263.85,1,1039.66,0.32
2022-01-01 04:45:00,Station_1,47.8852808738325,-74.30145371225262,Water,33.74,72.54,3.11,783.51,10,1004.95,0.19
2022-01-01 04:50:00,Station_1,37.73597315772675,-97.55304312611175,Barren,5.33,64.56,4.5,677.3,9,1006.83,0.43
2022-01-01 04:55:00,Station_1,45.25092517235262,-84.71203697290701,Forest,21.73,49.36,6.32,993.73,9,1021.52,0.12
2022-01-01 05:00:00,Station_1,35.524631987145085,-74.2330176603081,Barren,28.24,45.76,13.04,354.01,1,1048.84,0.1
2022-01-01 05:05:00,Station_1,29.029333426747787,-83.47013139353912,Barren,18.53,66.25,6.7,713.36,5,990.85,0.25
2022-01-01 05:10:00,Station_1,37.99458586322807,-98.99873064664287,Urban,18.38,30.56,4.21,542.02,0,1005.38,0.65
2022-01-01 05:15:00,Station_1,39.216188950619674,-114.73617633895815,Water,22.56,89.54,7.07,497.07,10,1011.61,0.28
2022-01-01 05:20:00,Station_1,32.585897094828205,-78.44937874338109,Urban,-2.12,48.87,9.33,777.76,3,1041.26,0.7
2022-01-01 05:25:00,Station_1,40.046286472652554,-124.73587964567851,Urban,7.03,57.38,9.74,411.2,3,992.13,0.33
2022-01-01 05:30:00,Station_1,29.689148291769186,-117.47667809264236,Barren,32.4,85.41,13.18,120.35,2,1012.18,0.32
2022-01-01 05:35:00,Station_1,35.20527435185047,-93.79166576380898,Forest,14.13,47.7,0.3,283.42,4,1015.77,0.26
2022-01-01 05:40:00,Station_1,37.53710261289528,-97.51256959350673,Agricultural,-4.51,80.4,11.57,172.54,0,1003.94,0.73
2022-01-01 05:45:00,Station_1,37.52519809924079,-69.85799290009325,Barren,33.4,47.15,8.79,478.49,3,989.96,0.77
2022-01-01 05:50:00,Station_1,41.933991443497604,-89.02733543009916,Barren,31.75,35.55,9.39,670.46,2,988.96,0.5
2022-01-01 05:55:00,Station_1,40.21708346456235,-73.45024879330573,Urban,-8.95,60.08,6.17,559.37,2,1047.01,0.52
2022-01-01 06:00:00,Station_1,43.707983200234466,-68.65122838277352,Urban,34.12,45.36,5.87,924.95,1,1028.49,0.1
2022-01-01 06:05:00,Station_1,28.0630870115083,-66.54587239392302,Forest,5.57,34.12,2.21,103.65,7,1044.19,0.29
2022-01-01 06:10:00,Station_1,37.664942090241084,-94.14364588978653,Agricultural,17.92,65.56,8.56,980.84,1,1046.98,0.84
2022-01-01 06:15:00,Station_1,42.759763709403074,-61.31585645183767,Forest,1.56,43.58,14.95,711.12,0,1049.36,0.26
2022-01-01 06:20:00,Station_1,44.87228141577371,-115.91061984284934,Forest,-4.35,68.73,12.68,513.92,4,1035.01,0.4
2022-01-01 06:25:00,Station_1,39.77194176973579,-72.99603484130716,Barren,-0.24,30.41,7.32,832.56,4,987.76,0.23
2022-01-01 06:30:00,Station_1,37.604258802731586,-112.94019833151665,Forest,21.78,75.11,2.07,877.78,2,1006.43,0.81
2022-01-01 06:35:00,Station_1,44.97545045273836,-84.45860613391045,Urban,-0.72,63.29,1.56,515.0,4,1042.52,0.69
2022-01-01 06:40:00,Station_1,31.75577461417167,-68.99899220866388,Barren,2.85,49.51,2.96,687.06,2,1032.67,0.35
2022-01-01 06:45:00,Station_1,26.231242098154276,-103.41337691311315,Urban,24.62,73.71,0.49,581.38,10,983.57,0.32
2022-01-01 06:50:00,Station_1,38.45883953371664,-112.31601720854184,Water,13.37,86.44,8.56,706.11,9,1021.69,0.6
2022-01-01 06:55:00,Station_1,31.917152904909994,-80.61201903304737,Forest,11.54,55.78,6.6,212.95,10,1019.51,0.43
2022-01-01 07:00:00,Station_1,38.20132000267308,-108.64828131304887,Water,4.1,57.0,6.75,590.65,4,1008.2,0.54
2022-01-01 07:05:00,Station_1,38.484295271775764,-103.90272541303607,Barren,-4.67,67.71,1.95,171.46,10,1034.01,0.6
2022-01-01 07:10:00,Station_1,48.481880209559236,-99.54939073336166,Water,30.64,76.51,13.25,949.38,5,985.87,0.34
2022-01-01 07:15:00,Station_1,40.00712688088268,-109.02684854710208,Forest,-5.85,59.13,9.36,159.36,8,1037.34,0.26
2022-01-01 07:20:00,Station_1,35.739727900935975,-121.32887835040026,Urban,17.45,80.5,11.86,721.65,2,999.02,0.58
2022-01-01 07:25:00,Station_1,27.36579917307735,-108.52586518503561,Forest,1.32,48.84,11.77,723.34,10,1045.62,0.73
2022-01-01 07:30:00,Station_1,48.06682400862594,-119.06301192120664,Agricultural,12.27,78.72,10.98,365.67,1,989.99,0.61
2022-01-01 07:35:00,Station_1,44.3137037677926,-100.37289637119133,Urban,5.13,37.91,4.27,349.1,4,1048.75,0.69
2022-01-01 07:40:00,Station_1,32.2012879081215,-72.34906260287724,Water,-1.31,71.89,0.63,524.54,1,1040.77,0.72
2022-01-01 07:45:00,Station_1,40.321084122669134,-115.42605070502847,Urban,23.12,87.7,14.04,884.63,7,1010.62,0.49
2022-01-01 07:50:00,Station_1,46.6750722858975,-91.17380784696186,Urban,22.34,38.22,7.61,671.04,6,1032.34,0.38
2022-01-01 07:55:00,Station_1,45.58148170332154,-82.10980692205851,Water,15.54,49.95,1.6,729.09,7,1007.98,0.49
2022-01-01 08:00:00,Station_1,32.43946632492246,-91.33083282126682,Water,30.38,43.71,3.68,939.99,6,985.34,0.12
2022-01-01 08:05:00,Station_1,37.69152125354618,-114.34319015282054,Barren,-1.94,84.6,12.63,686.36,3,988.69,0.33
2022-01-01 08:10:00,Station_1,30.690619896646727,-81.18488542401714,Water,4.14,68.34,7.72,573.86,0,1008.72,0.16
2022-01-01 08:15:00,Station_1,27.897205140234412,-103.73510100585759,Urban,26.52,68.83,7.75,957.18,6,1034.96,0.71
2022-01-01 08:20:00,Station_1,35.137325880712076,-80.75522230921888,Urban,6.92,61.62,8.15,407.15,6,988.77,0.14
2022-01-01 08:25:00,Station_1,46.111078467368905,-80.87565749210748,Water,22.28,34.58,11.55,870.81,0,1048.3,0.33
2022-01-01 08:30:00,Station_1,39.03140399819386,-64.0830238305453,Barren,0.85,61.84,14.53,502.99,8,1004.73,0.12
2022-01-01 08:35:00,Station_1,37.099772930635666,-97.7059928327485,Forest,18.7,62.97,3.63,379.03,9,994.47,0.37
2022-01-01 08:40:00,Station_1,48.75903676579096,-86.58947981102,Agricultural,-3.18,40.64,10.4,713.66,8,1040.12,0.87
2022-01-01 08:45:00,Station_1,45.30253483272691,-70.2054220864471,Urban,33.4,52.78,2.47,911.64,8,1034.18,0.26
2022-01-01 08:50:00,Station_1,44.721237494002295,-114.08326873312497,Forest,30.56,83.42,4.77,996.0,2,1008.49,0.71
2022-01-01 08:55:00,Station_1,40.47986621781098,-66.15943393733795,Agricultural,3.11,48.52,2.89,456.51,8,1029.54,0.46
2022-01-01 09:00:00,Station_1,31.128473767280422,-76.21157513979077,Urban,8.27,81.11,8.25,807.5,0,1018.27,0.62
2022-01-01 09:05:00,Station_1,38.08535440384945,-85.96802615715907,Water,14.62,53.27,3.9,490.33,6,1003.96,0.14
2022-01-01 09:10:00,Station_1,26.2226384087679,-110.02434469220185,Water,14.66,45.62,9.89,247.75,1,1042.79,0.47
2022-01-01 09:15:00,Station_1,35.18654191520732,-87.96288744175094,Agricultural,20.7,36.71,3.34,604.7,3,1046.45,0.59
2022-01-01 09:20:00,Station_1,47.12670262657223,-121.29264549069559,Urban,-4.3,54.12,13.96,303.08,10,1020.94,0.43
2022-01-01 09:25:00,Station_1,31.353776024619677,-99.97946423363871,Urban,16.15,62.64,13.12,914.37,3,1008.53,0.49
2022-01-01 09:30:00,Station_1,40.65894822974012,-70.48800126396858,Agricultural,9.07,56.15,2.08,447.66,4,1021.22,0.37
2022-01-01 09:35:00,Station_1,35.7804043187471,-108.87220722223388,Water,8.61,53.91,3.89,368.94,3,1009.29,0.13
2022-01-01 09:40:00,Station_1,44.280504715240276,-74.17054745451877,Urban,3.86,62.69,9.17,413.5,4,1015.1,0.52
2022-01-01 09:45:00,Station_1,35.68531533219708,-78.58345942782564,Agricultural,16.65,87.77,3.41,397.9,9,1031.93,0.42
2022-01-01 09:50:00,Station_1,35.95055788709201,-77.82977048526874,Forest,-7.2,76.92,3.91,915.81,8,1034.77,0.22
2022-01-01 09:55:00,Station_1,31.48676994307659,-98.4640064254744,Water,-1.92,68.2,13.32,129.59,2,1037.72,0.26
2022-01-01 10:00:00,Station_1,38.722124331945295,-89.93700898145997,Forest,24.27,89.3,10.6,954.92,8,1037.25,0.75
2022-01-01 10:05:00,Station_1,37.292829798719126,-95.42447992368741,Agricultural,9.69,88.04,1.43,322.34,10,1040.43,0.78
2022-01-01 10:10:00,Station_1,40.30422429299719,-72.96893095367835,Water,-5.31,88.28,6.67,250.69,5,986.47,0.52
2022-01-01 10:15:00,Station_1,36.24168950775909,-97.5643216008896,Water,10.46,45.96,3.72,429.89,1,1019.69,0.79
2022-01-01 10:20:00,Station_1,27.892300047030723,-101.04684978797451,Agricultural,32.18,60.36,2.59,143.45,0,1029.94,0.57
2022-01-01 10:25:00,Station_1,33.69695727946692,-104.50519836612295,Agricultural,29.02,32.09,7.8,174.12,10,1026.18,0.28
2022-01-01 10:30:00,Station_1,39.675715986809266,-62.44455758739412,Water,12.54,55.52,0.97,166.89,2,1012.75,0.38
2022-01-01 10:35:00,Station_1,31.242770535887583,-122.84446245636757,Barren,13.18,73.19,10.36,347.89,10,985.54,0.3
2022-01-01 10:40:00,Station_1,36.268674432159486,-75.12177264919364,Agricultural,30.83,59.2,6.51,929.87,4,990.37,0.21
2022-01-01 10:45:00,Station_1,44.959430897351325,-64.93540845787811,Barren,-6.5,65.63,2.06,729.58,5,1042.53,0.85
2022-01-01 10:50:00,Station_1,38.259133781242646,-66.37088877559091,Barren,-8.77,66.59,10.38,304.68,1,1012.49,0.26
2022-01-01 10:55:00,Station_1,29.89058623147735,-94.17027096573406,Water,29.4,36.69,1.11,267.31,9,1008.61,0.22
2022-01-01 11:00:00,Station_1,37.20861542806112,-124.36090772468826,Urban,-8.85,74.51,8.86,834.4,4,1028.14,0.37
2022-01-01 11:05:00,Station_1,38.75802527240843,-64.95046294112615,Forest,6.58,66.91,6.52,837.4,0,1048.07,0.16
2022-01-01 11:10:00,Station_1,41.05039881849428,-81.33126743564641,Agricultural,13.5,84.99,11.16,797.87,6,1011.11,0.7
2022-01-01 11:15:00,Station_1,33.42120142187727,-63.21539690043019,Forest,14.29,78.77,1.04,158.8,1,1026.39,0.76
2022-01-01 11:20:00,Station_1,43.730460562777765,-76.4280044145527,Forest,8.88,62.93,11.5,938.64,9,1002.87,0.12
2022-01-01 11:25:00,Station_1,37.09599003855954,-78.8993688339779,Water,29.91,79.74,11.04,440.13,10,1033.85,0.72
2022-01-01 11:30:00,Station_1,47.096021930514105,-123.86072523241685,Water,10.3,45.6,12.44,297.74,3,995.96,0.86
2022-01-01 11:35:00,Station_1,45.4518931607834,-98.56165744919264,Agricultural,27.9,71.61,0.52,737.88,9,996.95,0.47
2022-01-01 11:40:00,Station_1,40.24509100840132,-90.3621377779296,Urban,21.89,64.56,0.86,604.53,5,1041.51,0.86
2022-01-01 11:45:00,Station_1,37.624632885858205,-70.89132018261708,Water,13.63,75.97,11.78,722.33,8,999.35,0.2
2022-01-01 11:50:00,Station_1,47.59288021071221,-79.01536207340394,Barren,-6.58,77.71,1.79,673.58,3,1020.55,0.3
2022-01-01 11:55:00,Station_1,25.50440265332135,-100.31044256144206,Urban,-0.98,73.58,5.05,491.53,5,1036.78,0.47
2022-01-01 12:00:00,Station_1,32.493876818096965,-64.43350811706034,Agricultural,13.04,84.26,3.39,765.02,4,984.06,0.27
2022-01-01 12:05:00,Station_1,25.022798811086556,-61.0839972057995,Agricultural,0.26,47.29,12.88,223.18,7,995.6,0.6
2022-01-01 12:10:00,Station_1,48.43737576516628,-79.41298497834039,Forest,11.62,72.67,1.58,119.47,3,984.45,0.69
2022-01-01 12:15:00,Station_1,35.93819130301953,-103.318346083772,Water,7.17,67.6,9.63,717.22,3,1042.07,0.45
2022-01-01 12:20:00,Station_1,32.8915085814168,-69.46488847405826,Agricultural,30.13,88.36,14.09,902.9,4,1002.95,0.58
2022-01-01 12:25:00,Station_1,37.60468090151093,-84.56954963104054,Forest,12.34,54.02,11.79,851.62,9,996.75,0.75
2022-01-01 12:30:00,Station_1,42.17819227983424,-68.76203477050407,Agricultural,27.63,88.81,8.74,356.63,2,1041.32,0.48
2022-01-01 12:35:00,Station_1,33.09751241194027,-63.1522697663555,Forest,-9.42,43.89,7.28,512.94,10,1002.7,0.86
2022-01-01 12:40:00,Station_1,49.88170768435016,-91.57858762587844,Barren,2.11,61.07,2.88,124.74,0,1024.77,0.82
2022-01-01 12:45:00,Station_1,27.376725219532112,-114.51270240443895,Urban,11.93,46.8,1.01,160.55,9,1033.96,0.23
2022-01-01 12:50:00,Station_1,32.254538397396274,-124.33981153779295,Water,29.34,70.76,12.05,219.89,6,1001.43,0.22
2022-01-01 12:55:00,Station_1,43.07849861146697,-72.00894364533391,Water,-3.97,57.82,11.83,382.16,9,1046.41,0.3
2022-01-01 13:00:00,Station_1,26.43959860289109,-88.78228707467136,Urban,-5.78,71.69,6.78,748.62,4,985.76,0.78
2022-01-01 13:05:00,Station_1,40.58049043545121,-81.04507438382166,Agricultural,22.32,44.35,9.06,516.08,3,1020.19,0.51
2022-01-01 13:10:00,Station_1,28.104523221916487,-92.98634118410082,Barren,20.52,42.74,8.07,689.05,5,1014.64,0.21
2022-01-01 13:15:00,Station_1,35.81106071912937,-101.66524045121267,Urban,-0.29,60.19,7.55,305.47,8,1044.54,0.81
2022-01-01 13:20:00,Station_1,31.207877715063496,-108.12943920402903,Water,12.77,31.75,5.6,750.81,6,1039.44,0.23
2022-01-01 13:25:00,Station_1,30.506299580795556,-73.82882290074807,Agricultural,6.21,41.26,9.35,676.88,2,981.42,0.66
2022-01-01 13:30:00,Station_1,48.3088366215154,-70.05110327300427,Water,16.46,50.78,8.04,233.72,6,1027.55,0.86
2022-01-01 13:35:00,Station_1,44.03801392808239,-117.78798326423647,Urban,15.13,73.12,5.47,402.47,6,1014.07,0.79
2022-01-01 13:40:00,Station_1,36.747142591817855,-70.32405753603967,Forest,15.9,68.53,10.47,141.01,2,1001.82,0.67
2022-01-01 13:45:00,Station_1,36.16887440843947,-90.07416541336906,Barren,27.64,79.33,4.27,179.56,10,993.64,0.27
2022-01-01 13:50:00,Station_1,43.84976710755639,-106.2304869213845,Forest,27.21,39.75,2.79,582.79,8,1029.82,0.4
2022-01-01 13:55:00,Station_1,32.28112632058289,-69.87597099861729,Forest,-0.18,43.69,2.39,897.25,8,986.99,0.17
2022-01-01 14:00:00,Station_1,44.55025079978857,-119.94391482273542,Agricultural,30.16,71.93,10.73,577.41,5,1023.59,0.39
2022-01-01 14:05:00,Station_1,48.18998918320058,-76.43558782056081,Urban,28.95,69.92,3.95,258.97,5,1014.48,0.74
2022-01-01 14:10:00,Station_1,32.00999028448222,-65.5536578107224,Barren,9.69,32.17,0.05,263.4,5,1011.2,0.22
2022-01-01 14:15:00,Station_1,26.58443205439478,-69.38330478024955,Agricultural,7.19,41.94,6.11,483.45,10,1042.89,0.39
2022-01-01 14:20:00,Station_1,44.77195715618065,-106.55255553488065,Water,-9.52,42.19,3.89,370.4,6,1040.27,0.81
2022-01-01 14:25:00,Station_1,44.43599558874904,-91.39597509189365,Urban,19.98,84.1,12.57,467.06,3,1015.25,0.64
2022-01-01 14:30:00,Station_1,29.09085844664239,-60.811490709030366,Forest,3.06,55.01,7.81,952.25,8,983.96,0.53
2022-01-01 14:35:00,Station_1,46.95657809577449,-115.57045742142412,Agricultural,-7.28,55.54,1.81,812.24,2,983.06,0.45
2022-01-01 14:40:00,Station_1,29.758356550593223,-77.97062505311156,Barren,28.56,57.18,3.92,987.95,6,1048.51,0.22
2022-01-01 14:45:00,Station_1,44.85966656854582,-98.66509279869534,Forest,15.26,82.55,3.34,804.84,1,992.22,0.13
2022-01-01 14:50:00,Station_1,31.523881882570908,-70.68973225854779,Water,-3.1,60.77,2.38,742.38,8,1005.39,0.69
2022-01-01 14:55:00,Station_1,41.53327386556232,-67.55659028482128,Barren,15.78,85.25,4.6,623.66,4,1032.45,0.61
2022-01-01 15:00:00,Station_1,48.42981907518835,-83.4985876275008,Water,20.37,67.84,5.81,960.99,3,1044.54,0.55
2022-01-01 15:05:00,Station_1,31.213912505961048,-80.37608792398983,Urban,-4.31,79.46,11.76,636.07,6,1048.91,0.1
2022-01-01 15:10:00,Station_1,33.38256301537476,-102.87177585481842,Forest,15.78,60.49,5.24,376.3,9,1025.84,0.66
2022-01-01 15:15:00,Station_1,43.901481777266795,-119.34919303357516,Barren,21.39,66.94,2.18,572.26,2,987.29,0.78
2022-01-01 15:20:00,Station_1,43.30934191743148,-111.94956165554282,Urban,-6.41,47.12,5.17,535.0,9,999.11,0.12
2022-01-01 15:25:00,Station_1,44.26820089485666,-119.92792207090399,Agricultural,23.97,75.56,6.24,658.52,10,1026.15,0.58
2022-01-01 15:30:00,Station_1,29.363586555170677,-93.31683495817299,Barren,16.8,87.68,9.81,403.52,6,1018.16,0.72
2022-01-01 15:35:00,Station_1,41.87873247429674,-102.1816840494182,Barren,18.8,76.08,13.99,208.85,4,1045.12,0.41
2022-01-01 15:40:00,Station_1,38.83840371218662,-104.43093887783986,Agricultural,10.3,53.93,9.65,343.06,7,1028.46,0.19
2022-01-01 15:45:00,Station_1,40.547821882848716,-65.20055185044495,Forest,27.13,76.37,1.27,237.65,7,1044.04,0.16
2022-01-01 15:50:00,Station_1,46.991476039962876,-111.06091535309793,Barren,11.94,54.71,14.47,689.18,10,1007.92,0.22
2022-01-01 15:55:00,Station_1,45.64057315258559,-82.19253663578866,Urban,6.04,30.87,0.09,337.12,3,997.06,0.43
2022-01-01 16:00:00,Station_1,38.61919420544582,-101.47819682518282,Water,-9.4,43.1,5.65,486.1,10,1041.15,0.68
2022-01-01 16:05:00,Station_1,47.80977840623422,-80.59441673388721,Forest,32.59,77.89,2.93,818.61,4,996.55,0.71
2022-01-01 16:10:00,Station_1,46.63329045680416,-111.16396776459449,Barren,5.52,55.2,9.56,580.43,7,1037.1,0.89
2022-01-01 16:15:00,Station_1,46.25443322315333,-102.92872090070716,Agricultural,18.6,66.15,2.6,334.45,10,1041.56,0.14
2022-01-01 16:20:00,Station_1,49.17538986786754,-123.4440861298859,Agricultural,-1.71,55.62,6.91,335.63,5,1041.24,0.45
2022-01-01 16:25:00,Station_1,33.5263756592756,-110.75415204293473,Agricultural,14.03,62.02,0.22,254.33,2,1040.87,0.36
2022-01-01 16:30:00,Station_1,36.65974965195264,-107.23394513812818,Barren,29.74,59.31,1.34,784.68,3,982.26,0.14
2022-01-01 16:35:00,Station_1,43.22927907123136,-66.63713713220318,Urban,2.18,47.66,14.82,989.78,10,1018.11,0.21
2022-01-01 16:40:00,Station_1,40.4692154083751,-115.12358396787198,Agricultural,33.66,82.9,11.73,835.86,8,1038.48,0.29
2022-01-01 16:45:00,Station_1,45.12477569835056,-116.64524819802817,Agricultural,7.94,37.72,5.76,385.35,3,992.16,0.15
2022-01-01 16:50:00,Station_1,49.01738930846717,-104.12839200825239,Barren,2.87,89.07,1.28,240.17,6,1028.4,0.51
2022-01-01 16:55:00,Station_1,27.915134874117356,-106.44078425081533,Forest,15.97,52.67,12.97,672.95,4,1006.04,0.5
2022-01-01 17:00:00,Station_1,47.505295049051654,-93.28424877972189,Agricultural,34.42,59.92,11.91,921.83,9,989.05,0.73
2022-01-01 17:05:00,Station_1,38.98108419563242,-121.95453699768943,Barren,-8.35,44.45,6.96,886.84,0,1002.47,0.16
2022-01-01 17:10:00,Station_1,34.407218442878495,-60.67814446719518,Forest,26.51,35.04,3.25,248.84,0,1049.67,0.22
2022-01-01 17:15:00,Station_1,49.35382885758703,-66.13152123973579,Agricultural,-7.42,54.14,14.95,894.58,10,1000.98,0.45
2022-01-01 17:20:00,Station_1,44.90758590614864,-80.11051794462986,Water,8.76,78.11,12.45,693.37,1,1030.95,0.62
2022-01-01 17:25:00,Station_1,25.40664508211875,-118.69364360971878,Water,8.12,35.67,11.21,676.23,0,1034.99,0.45
2022-01-01 17:30:00,Station_1,42.53600357408031,-71.26992880655041,Forest,21.32,59.81,3.91,347.17,4,1009.49,0.47
2022-01-01 17:35:00,Station_1,32.56956961955274,-66.42487274734421,Urban,28.11,87.37,5.83,616.74,5,1009.01,0.59
2022-01-01 17:40:00,Station_1,48.60406462796309,-79.66235337315098,Barren,17.43,63.46,13.99,210.61,7,1003.21,0.78
2022-01-01 17:45:00,Station_1,38.763216274993425,-105.3619779967391,Urban,20.52,76.28,3.47,438.04,6,1003.92,0.52
2022-01-01 17:50:00,Station_1,45.89015249015243,-104.6313600041989,Water,10.91,35.15,0.34,147.94,8,994.25,0.28
2022-01-01 17:55:00,Station_1,34.81458297304543,-104.08040630849506,Urban,34.08,57.28,1.27,525.36,4,1021.03,0.51
2022-01-01 18:00:00,Station_1,46.11497439697839,-112.0486103848637,Agricultural,8.32,81.93,11.88,732.46,2,1029.55,0.88
2022-01-01 18:05:00,Station_1,25.036386617333154,-78.61235073812111,Forest,15.55,72.91,0.27,607.89,10,1033.66,0.57
2022-01-01 18:10:00,Station_1,46.14278297295604,-82.02125439037337,Forest,8.66,36.13,14.65,401.49,4,1029.82,0.52
2022-01-01 18:15:00,Station_1,41.39078007699385,-101.58152462388621,Agricultural,27.72,89.95,6.76,572.87,8,1008.03,0.2
2022-01-01 18:20:00,Station_1,30.752897100446514,-93.74531043499057,Water,11.64,59.57,8.84,644.74,9,1032.82,0.63
2022-01-01 18:25:00,Station_1,42.57674582697683,-115.3468954194827,Urban,32.57,63.11,0.3,498.35,2,1031.01,0.66
2022-01-01 18:30:00,Station_1,28.529731752653028,-86.10584391639254,Agricultural,30.53,75.03,0.58,330.81,5,1017.37,0.57
2022-01-01 18:35:00,Station_1,42.64340989992414,-85.66813115699517,Forest,11.91,49.9,1.37,650.75,0,1011.5,0.76
2022-01-01 18:40:00,Station_1,34.30986895385876,-85.62035842211077,Water,-8.49,35.91,3.45,508.19,4,1048.83,0.7
2022-01-01 18:45:00,Station_1,33.203423201039925,-83.98085196737972,Agricultural,-3.77,31.2,13.83,908.28,2,1003.84,0.9
2022-01-01 18:50:00,Station_1,48.69511226611485,-88.22876476838618,Water,33.37,33.18,12.59,733.4,4,1010.18,0.43
2022-01-01 18:55:00,Station_1,46.41612734011659,-102.76149274389384,Barren,0.41,33.21,6.24,775.07,10,1002.24,0.6
2022-01-01 19:00:00,Station_1,45.44254447049448,-100.67639709876788,Urban,24.97,51.05,8.62,526.73,10,985.35,0.44
2022-01-01 19:05:00,Station_1,33.772723154940905,-119.50248431803962,Urban,33.61,74.78,2.51,988.35,4,1042.92,0.36
2022-01-01 19:10:00,Station_1,30.525378305065967,-66.76119019682723,Water,18.47,84.93,7.12,182.63,4,1041.73,0.39
2022-01-01 19:15:00,Station_1,45.438376952779194,-90.34371979254703,Agricultural,23.0,35.13,6.59,105.03,0,1016.07,0.79
2022-01-01 19:20:00,Station_1,46.867366042106106,-83.63605364256614,Forest,34.86,88.54,6.25,863.03,6,995.69,0.85
2022-01-01 19:25:00,Station_1,43.374298741613195,-117.82541546972854,Barren,-5.85,57.42,0.31,446.88,7,1000.59,0.86
2022-01-01 19:30:00,Station_1,43.15289851358543,-61.224305089792985,Water,31.27,73.76,6.28,343.37,8,995.82,0.71
2022-01-01 19:35:00,Station_1,36.89625627128906,-99.88892550004569,Urban,25.22,46.86,10.63,311.67,4,1021.85,0.66
2022-01-01 19:40:00,Station_1,31.189531224309338,-93.20229716717368,Agricultural,-8.89,43.1,5.01,808.72,8,1004.8,0.62
2022-01-01 19:45:00,Station_1,33.63251646412613,-102.70903043166237,Water,21.92,36.58,6.93,392.58,8,1011.84,0.47
2022-01-01 19:50:00,Station_1,48.246509582644656,-102.32834546109969,Urban,29.95,76.69,2.62,353.3,10,1011.99,0.73
2022-01-01 19:55:00,Station_1,45.83762388043399,-70.16069660466448,Urban,30.64,36.3,0.22,513.92,0,1041.68,0.68
2022-01-01 20:00:00,Station_1,26.939452646624964,-96.67117614040497,Agricultural,23.34,72.4,2.58,230.69,7,1020.22,0.53
2022-01-01 20:05:00,Station_1,29.43929028283873,-76.4846200782456,Water,33.24,50.44,14.3,742.0,2,1046.77,0.62
2022-01-01 20:10:00,Station_1,31.2035273019419,-116.30967218132537,Water,11.22,36.08,0.74,314.4,10,1029.42,0.57
2022-01-01 20:15:00,Station_1,27.49642669744729,-64.347800415221,Agricultural,11.49,61.28,10.25,135.96,3,995.45,0.36
2022-01-01 20:20:00,Station_1,35.88958688327906,-63.746267088681414,Urban,3.16,74.39,7.71,853.34,8,998.93,0.13
2022-01-01 20:25:00,Station_1,49.38266663707084,-95.7609953501006,Urban,23.16,75.25,3.36,597.92,1,985.43,0.44
2022-01-01 20:30:00,Station_1,44.38193319222718,-60.94253931064591,Agricultural,-6.19,54.27,7.05,228.15,8,1025.75,0.53
2022-01-01 20:35:00,Station_1,45.54118186956305,-99.14850064059422,Barren,-3.01,45.33,3.46,549.98,4,1041.97,0.24
2022-01-01 20:40:00,Station_1,31.945398669406995,-71.68429562558423,Urban,12.22,68.46,3.96,316.65,6,1041.28,0.18
2022-01-01 20:45:00,Station_1,30.842277406278072,-94.4595063115801,Urban,-0.57,30.73,8.85,186.67,6,1008.42,0.32
2022-01-01 20:50:00,Station_1,33.880135054909154,-97.30302493099512,Urban,9.47,88.9,10.58,124.34,6,1026.55,0.74
2022-01-01 20:55:00,Station_1,43.928485957027426,-85.30314310092517,Barren,-9.09,34.75,13.52,819.16,9,984.1,0.25
2022-01-01 21:00:00,Station_1,37.68687236831934,-111.48815998570026,Urban,-2.09,69.1,1.64,918.11,8,1030.29,0.37
2022-01-01 21:05:00,Station_1,32.78822042200226,-80.87509016043862,Water,19.87,88.7,14.07,499.8,1,1044.3,0.49
2022-01-01 21:10:00,Station_1,28.662032723985888,-70.68191783195901,Forest,28.45,44.95,9.89,616.28,7,1043.08,0.64
2022-01-01 21:15:00,Station_1,46.60449095822327,-84.9213523590113,Forest,15.56,47.71,9.85,286.47,1,1015.86,0.13
2022-01-01 21:20:00,Station_1,43.35462517077795,-108.16595983683213,Forest,-2.65,81.04,0.41,141.86,6,1004.46,0.15
2022-01-01 21:25:00,Station_1,33.752533275693246,-68.35326991840788,Agricultural,9.13,37.76,0.68,726.51,0,981.82,0.14
2022-01-01 21:30:00,Station_1,32.53333466487537,-72.23505018841956,Barren,-6.57,79.66,13.64,630.98,6,983.06,0.12
2022-01-01 21:35:00,Station_1,37.38969508023382,-96.64058719631484,Agricultural,18.95,72.41,14.88,527.6,5,1033.58,0.88
2022-01-01 21:40:00,Station_1,43.84669014882034,-110.79924914825908,Barren,1.12,37.71,8.91,284.08,10,1005.1,0.11
2022-01-01 21:45:00,Station_1,29.231013655119455,-106.57690663946912,Water,14.8,79.41,9.32,371.61,10,1033.99,0.68
2022-01-01 21:50:00,Station_1,39.408639681237204,-75.3477872515048,Agricultural,32.38,67.26,1.81,193.35,0,1013.8,0.47
2022-01-01 21:55:00,Station_1,41.78941524401178,-90.2598642500207,Water,27.69,59.18,13.75,447.01,2,995.77,0.61
2022-01-01 22:00:00,Station_1,34.69942398915779,-94.10703673212132,Barren,33.01,49.2,5.29,599.09,7,1024.18,0.71
2022-01-01 22:05:00,Station_1,38.439388931566526,-118.18314480647267,Agricultural,-0.45,43.32,13.36,959.82,10,994.26,0.8
2022-01-01 22:10:00,Station_1,37.788851142838894,-98.49995329810835,Forest,32.9,37.45,14.61,825.7,10,1039.44,0.36
2022-01-01 22:15:00,Station_1,39.24247433644017,-82.71922685860744,Agricultural,-1.4,30.05,4.75,961.29,0,1038.99,0.81
2022-01-01 22:20:00,Station_1,38.46666395420053,-87.61802899915509,Agricultural,15.32,31.86,14.35,818.55,6,981.51,0.44
2022-01-01 22:25:00,Station_1,31.83780354751634,-76.58314034059224,Urban,-4.52,66.58,3.57,818.72,0,1033.51,0.16
2022-01-01 22:30:00,Station_1,48.02741213043146,-101.96288521712673,Urban,5.94,76.95,5.02,182.4,7,999.05,0.48
2022-01-01 22:35:00,Station_1,36.27662088429823,-82.55727753101691,Urban,30.04,41.54,8.93,716.15,2,993.79,0.88
2022-01-01 22:40:00,Station_1,25.506020792196075,-107.9909960438676,Barren,29.24,47.74,7.3,532.2,3,1020.66,0.76
2022-01-01 22:45:00,Station_1,39.41026183548671,-84.44753717534573,Urban,-9.86,48.6,3.44,921.47,1,1049.34,0.85
2022-01-01 22:50:00,Station_1,28.356462927595345,-70.42452200908573,Barren,25.02,75.72,12.97,153.38,5,1042.72,0.38
2022-01-01 22:55:00,Station_1,38.496933475808774,-93.04814044174196,Forest,-2.77,79.94,9.44,505.5,9,1029.81,0.21
2022-01-01 23:00:00,Station_1,33.580786763696274,-94.8940250568937,Agricultural,29.61,37.48,13.38,431.96,1,1019.18,0.49
2022-01-01 23:05:00,Station_1,48.55935855208444,-111.80679020665488,Water,31.44,65.47,4.3,160.04,7,987.1,0.84
2022-01-01 23:10:00,Station_1,26.829711653757286,-115.33831872445342,Water,7.5,87.08,3.61,930.1,1,985.65,0.14
2022-01-01 23:15:00,Station_1,34.08074308112642,-97.2654096227012,Barren,22.09,58.05,9.03,631.0,3,984.23,0.6
2022-01-01 23:20:00,Station_1,28.502814304808986,-65.64743229444744,Agricultural,-9.51,89.08,2.15,968.8,2,1018.71,0.12
2022-01-01 23:25:00,Station_1,29.38287501634189,-71.68735321058806,Barren,6.03,38.53,13.06,414.03,3,1021.09,0.47
2022-01-01 23:30:00,Station_1,41.911340383755444,-102.36484769096415,Water,-9.56,44.63,13.05,936.88,10,1012.15,0.6
2022-01-01 23:35:00,Station_1,46.36668004878734,-124.64271027875496,Agricultural,30.93,39.25,0.17,661.34,5,984.3,0.28
2022-01-01 23:40:00,Station_1,35.76685062421191,-82.45433946182285,Forest,28.0,43.95,4.57,604.93,7,1047.19,0.33
2022-01-01 23:45:00,Station_1,39.54379444262079,-71.37573484215801,Forest,8.1,50.28,3.98,437.06,10,1036.79,0.82
2022-01-01 23:50:00,Station_1,41.65508285191871,-89.60203540637202,Agricultural,-3.95,64.91,10.04,335.66,4,1046.08,0.21
2022-01-01 23:55:00,Station_1,25.133139911393542,-101.61660452432581,Barren,2.57,47.48,12.6,663.79,3,1009.53,0.14
2022-01-01 00:00:00,Station_2,31.97654440865988,-63.174092587319485,Urban,-6.33,36.47,6.1,991.89,3,992.08,0.13
2022-01-01 00:05:00,Station_2,25.406792571020713,-111.15389180772856,Agricultural,22.07,59.18,5.87,958.62,0,991.1,0.6
2022-01-01 00:10:00,Station_2,37.799745595156594,-77.66199335246147,Forest,34.6,56.81,11.68,504.49,4,1036.68,0.52
2022-01-01 00:15:00,Station_2,30.387454726584046,-78.73602661468593,Forest,4.91,72.74,3.15,849.92,1,1037.91,0.36
2022-01-01 00:20:00,Station_2,48.722707752402954,-118.2500435459942,Barren,-4.43,74.84,9.0,589.81,0,1037.31,0.53
2022-01-01 00:25:00,Station_2,41.149499389261145,-118.17952594876438,Forest,5.53,41.2,1.09,412.52,10,1021.78,0.84
2022-01-01 00:30:00,Station_2,27.240418610968522,-67.82163929480774,Agricultural,3.41,73.49,9.84,625.39,8,1008.41,0.7
2022-01-01 00:35:00,Station_2,32.20195200666448,-105.75040050112469,Barren,-4.11,78.32,5.6,149.1,2,1019.0,0.68
2022-01-01 00:40:00,Station_2,43.6822859186307,-69.03804661267398,Urban,20.45,47.48,1.28,175.1,6,1032.24,0.77
2022-01-01 00:45:00,Station_2,30.968443788855947,-67.7043077960645,Water,29.27,57.04,5.16,799.04,2,1015.7,0.69
2022-01-01 00:50:00,Station_2,29.540115961002396,-99.90255108486691,Barren,-9.76,60.29,2.89,417.31,10,1006.78,0.67
2022-01-01 00:55:00,Station_2,26.943820087345728,-98.8942343022087,Agricultural,12.28,60.02,3.56,768.69,6,1005.36,0.27
2022-01-01 01:00:00,Station_2,28.704844615830574,-110.6911788882182,Agricultural,-1.36,44.62,0.68,377.11,8,986.94,0.19
2022-01-01 01:05:00,Station_2,30.846093180335487,-73.22200111602405,Agricultural,-8.88,74.88,3.72,335.53,4,1038.8,0.23
2022-01-01 01:10:00,Station_2,35.1102783987735,-117.25638588328307,Urban,28.98,70.47,9.18,547.58,10,1015.83,0.16
2022-01-01 01:15:00,Station_2,46.38125127471327,-95.3640386209921,Barren,14.19,81.44,3.92,343.1,7,1001.66,0.83
2022-01-01 01:20:00,Station_2,39.94097015251123,-79.17553332951069,Barren,9.14,63.04,13.34,232.64,6,988.05,0.83
2022-01-01 01:25:00,Station_2,40.60426263620744,-96.69884424050856,Barren,-1.09,78.08,8.57,861.02,6,1047.6,0.66
2022-01-01 01:30:00,Station_2,44.92583394284209,-82.81852729241078,Urban,7.1,35.24,4.95,505.41,3,1044.3,0.42
2022-01-01 01:35:00,Station_2,43.00626570242482,-118.9027263404124,Forest,9.38,81.73,6.18,857.54,8,991.43,0.18
2022-01-01 01:40:00,Station_2,45.238017555312425,-110.96422051578851,Agricultural,31.57,46.62,12.58,481.63,9,1044.57,0.19
2022-01-01 01:45:00,Station_2,43.64131662138939,-104.9853192721996,Forest,9.42,31.64,11.39,361.87,6,1006.92,0.9
2022-01-01 01:50:00,Station_2,45.85859970839275,-115.20649514476588,Urban,18.95,71.16,4.72,128.59,7,1039.82,0.57
2022-01-01 01:55:00,Station_2,39.56597096727972,-76.01207444237068,Forest,19.76,89.11,1.7,498.57,9,1049.46,0.8
2022-01-01 02:00:00,Station_2,30.77355956617037,-90.90893111271677,Forest,25.98,38.2,2.23,990.92,5,1022.53,0.47
2022-01-01 02:05:00,Station_2,26.45614924632326,-91.00916906092712,Barren,15.18,36.15,3.83,395.0,10,1020.51,0.53
2022-01-01 02:10:00,Station_2,34.151461201380066,-98.91427452221373,Agricultural,25.21,43.34,10.39,128.97,5,1033.42,0.43
2022-01-01 02:15:00,Station_2,49.23205489100586,-112.56797375633838,Agricultural,-3.99,78.14,9.48,981.31,10,988.99,0.75
2022-01-01 02:20:00,Station_2,40.43693972202307,-118.8588779450884,Agricultural,8.21,64.19,10.19,352.77,7,996.86,0.79
2022-01-01 02:25:00,Station_2,48.435939383836164,-94.48535742159049,Water,32.12,69.54,0.37,203.95,10,1004.92,0.73
2022-01-01 02:30:00,Station_2,41.704413770895606,-66.21242131826244,Forest,-5.78,55.71,4.25,235.7,9,1046.6,0.71
2022-01-01 02:35:00,Station_2,37.68662126871711,-104.3834565065157,Forest,26.27,68.93,4.15,222.92,4,1008.3,0.73
2022-01-01 02:40:00,Station_2,27.727861993841753,-82.09646013938178,Urban,-1.38,32.24,6.45,379.84,5,999.56,0.84
2022-01-01 02:45:00,Station_2,31.725033967078172,-122.8603845708406,Agricultural,28.63,38.7,3.79,772.44,9,1011.97,0.69
2022-01-01 02:50:00,Station_2,35.43494138795456,-106.63789974626675,Forest,25.86,41.29,2.31,126.12,5,1015.5,0.17
2022-01-01 02:55:00,Station_2,30.575352122138057,-99.02708167443026,Agricultural,17.35,33.57,9.5,111.79,7,1032.71,0.76
2022-01-01 03:00:00,Station_2,37.555760623308984,-91.93917027000109,Forest,6.48,63.89,8.79,815.25,3,991.1,0.72
2022-01-01 03:05:00,Station_2,34.51730361436043,-95.9171576328703,Forest,27.03,85.56,12.72,664.73,9,1040.69,0.48
2022-01-01 03:10:00,Station_2,44.7709427062255,-83.78744487243183,Agricultural,12.69,42.07,10.74,373.76,9,1049.05,0.85
2022-01-01 03:15:00,Station_2,38.47005283971465,-109.89585886122221,Urban,8.29,54.07,14.24,657.0,0,1027.1,0.43
2022-01-01 03:20:00,Station_2,34.137227938875746,-118.1701690711945,Forest,-2.11,59.74,14.52,785.99,7,983.48,0.12
2022-01-01 03:25:00,Station_2,30.97039966777328,-100.38581399324885,Forest,-5.3,43.66,7.36,994.26,5,1041.87,0.88
2022-01-01 03:30:00,Station_2,43.01772550263817,-72.92019749329953,Barren,32.83,81.59,14.52,429.89,3,1048.12,0.24
2022-01-01 03:35:00,Station_2,48.3462356846138,-106.33012799691718,Agricultural,1.0,64.04,10.41,327.8,7,1012.87,0.46
2022-01-01 03:40:00,Station_2,32.617403423828,-91.9284445900623,Forest,-6.32,65.94,5.45,745.89,10,1027.29,0.71
2022-01-01 03:45:00,Station_2,44.385911418839,-66.06141933407022,Urban,7.73,73.39,12.79,161.83,6,982.57,0.56
2022-01-01 03:50:00,Station_2,41.02896487105669,-81.39862902481946,Water,-9.97,55.91,7.08,312.47,2,986.03,0.12
2022-01-01 03:55:00,Station_2,33.96257504349464,-95.45368976997734,Urban,-7.01,34.34,10.02,639.97,7,1014.54,0.37
2022-01-01 04:00:00,Station_2,49.246766737201014,-92.67870074329221,Forest,9.77,77.26,13.89,678.82,3,1011.25,0.5
2022-01-01 04:05:00,Station_2,26.9119360275566,-84.69017260295213,Agricultural,20.8,82.58,5.38,153.01,7,994.58,0.13
2022-01-01 04:10:00,Station_2,32.973909473053816,-107.62484616428678,Water,-6.4,46.42,4.75,791.96,9,1016.29,0.6
2022-01-01 04:15:00,Station_2,39.05493688962577,-66.2536168053753,Urban,4.08,69.42,13.26,187.42,5,1014.09,0.83
2022-01-01 04:20:00,Station_2,29.718052154548836,-75.63168822231157,Forest,8.06,51.2,4.3,167.72,2,1024.41,0.81
2022-01-01 04:25:00,Station_2,49.39278915641249,-121.95173928536902,Urban,7.62,74.12,0.15,458.75,9,1028.14,0.34
2022-01-01 04:30:00,Station_2,37.7185630788983,-61.43052813095746,Barren,-0.97,75.38,7.75,601.96,7,1016.61,0.21
2022-01-01 04:35:00,Station_2,34.093794367824614,-73.269954704752,Agricultural,29.22,63.07,6.04,193.45,7,1031.52,0.45
2022-01-01 04:40:00,Station_2,32.65421160906636,-119.81889841976414,Forest,4.18,47.36,9.05,636.2,3,1028.41,0.36
2022-01-01 04:45:00,Station_2,48.45199527856802,-77.43319756563355,Water,17.55,64.14,12.26,779.52,1,1039.84,0.69
2022-01-01 04:50:00,Station_2,34.58969510925797,-74.28047881461346,Urban,33.49,61.49,0.5,729.88,4,1048.57,0.82
2022-01-01 04:55:00,Station_2,27.04705665003267,-122.96723824290221,Forest,10.25,53.7,2.99,365.36,2,980.27,0.39
2022-01-01 05:00:00,Station_2,41.46337201371761,-111.53567979066779,Urban,3.76,59.73,12.61,690.61,4,1019.73,0.18
2022-01-01 05:05:00,Station_2,44.248627575771685,-60.90052740652857,Barren,-7.59,30.9,10.75,162.97,0,1008.65,0.56
2022-01-01 05:10:00,Station_2,47.73319150376942,-78.28204972434793,Forest,17.45,53.69,11.87,413.51,9,984.84,0.41
2022-01-01 05:15:00,Station_2,26.068153205389397,-69.35600897573991,Barren,-0.68,61.29,7.18,426.61,7,1000.16,0.52
2022-01-01 05:20:00,Station_2,25.062873938973066,-101.50407574296446,Agricultural,10.14,67.67,3.23,641.83,7,1049.73,0.26
2022-01-01 05:25:00,Station_2,30.91259084740872,-122.25914755371485,Urban,6.88,78.22,3.36,556.51,2,1009.4,0.57
2022-01-01 05:30:00,Station_2,47.8118041102736,-115.10212356528356,Barren,-3.39,53.53,3.03,920.34,1,982.28,0.71
2022-01-01 05:35:00,Station_2,46.5396905983846,-91.13890732481366,Barren,-9.65,69.63,14.62,328.21,2,1013.74,0.27
2022-01-01 05:40:00,Station_2,38.68613106729924,-61.96032726085495,Water,-2.11,53.08,7.39,366.81,10,1039.49,0.43
2022-01-01 05:45:00,Station_2,46.606639970557936,-80.17851603074027,Forest,29.12,62.73,2.47,537.19,4,1043.08,0.39
2022-01-01 05:50:00,Station_2,41.80916561437857,-115.22953799945327,Agricultural,17.48,52.09,3.35,989.17,9,1009.98,0.57
2022-01-01 05:55:00,Station_2,28.82387611030876,-84.10217352016514,Forest,8.13,87.28,14.36,238.26,2,1044.36,0.46
2022-01-01 06:00:00,Station_2,45.23710670149017,-62.505240718329254,Barren,5.57,84.53,8.49,853.35,1,1040.08,0.54
2022-01-01 06:05:00,Station_2,38.004766656222735,-117.97368653562921,Water,-2.6,36.72,7.52,468.87,4,1045.95,0.46
2022-01-01 06:10:00,Station_2,25.669521966424877,-95.35369639747739,Water,0.33,38.75,1.6,820.99,4,1023.5,0.63
2022-01-01 06:15:00,Station_2,46.52893037805694,-81.80755869312068,Forest,3.72,35.63,1.9,489.13,9,1017.5,0.6
2022-01-01 06:20:00,Station_2,42.41581091367351,-67.91441451160509,Water,10.69,44.19,7.54,994.5,8,996.6,0.48
2022-01-01 06:25:00,Station_2,47.883239353273666,-69.23119118220586,Agricultural,3.69,68.09,10.55,258.08,3,1009.98,0.58
2022-01-01 06:30:00,Station_2,39.94117610946406,-89.66059208965217,Barren,2.27,49.16,9.42,867.21,6,997.58,0.73
2022-01-01 06:35:00,Station_2,44.89977310829282,-87.49728094822262,Water,-7.74,73.84,6.58,386.72,6,1013.83,0.77
2022-01-01 06:40:00,Station_2,32.05237442765713,-122.85952554065294,Water,9.99,70.32,10.79,189.18,1,990.01,0.38
2022-01-01 06:45:00,Station_2,33.91571994115587,-96.64899168400675,Forest,24.43,55.7,0.08,774.04,5,1045.13,0.53
2022-01-01 06:50:00,Station_2,42.79729107015902,-123.29957766165458,Water,24.71,74.63,11.94,231.33,10,999.44,0.12
2022-01-01 06:55:00,Station_2,37.46287753216262,-86.4089227598192,Water,-1.34,79.88,3.1,142.68,8,1046.17,0.8
2022-01-01 07:00:00,Station_2,49.37008390508714,-105.64315304819468,Urban,30.72,40.02,11.39,485.63,0,1042.27,0.35
2022-01-01 07:05:00,Station_2,35.337236328920106,-107.0534762483093,Urban,17.44,86.04,5.47,993.27,5,1012.5,0.6
2022-01-01 07:10:00,Station_2,38.18555816114073,-117.46084692063032,Agricultural,33.01,76.49,6.77,948.42,8,1047.11,0.42
2022-01-01 07:15:00,Station_2,38.18266591968467,-98.48716155199037,Agricultural,4.01,48.45,9.5,499.29,1,989.49,0.82
2022-01-01 07:20:00,Station_2,25.080193566446418,-83.22329725574423,Forest,-7.6,62.4,0.85,811.89,8,1030.01,0.86
2022-01-01 07:25:00,Station_2,36.56908819622447,-100.85377371759182,Agricultural,17.49,37.42,11.68,464.51,10,1022.61,0.2
2022-01-01 07:30:00,Station_2,26.221166626646394,-113.43382348483568,Forest,-3.87,34.83,7.46,295.69,5,1003.12,0.7
2022-01-01 07:35:00,Station_2,25.534467886139826,-108.7109509121706,Barren,21.85,65.23,2.65,618.19,9,1015.23,0.19
2022-01-01 07:40:00,Station_2,33.35342784101906,-108.34838331710198,Urban,-3.04,34.85,11.55,630.91,0,1025.68,0.46
2022-01-01 07:45:00,Station_2,37.114299635684795,-113.31881736594063,Agricultural,9.45,53.24,5.64,154.82,3,1045.85,0.69
2022-01-01 07:50:00,Station_2,37.54623762512624,-80.27257157740493,Barren,34.69,37.08,11.47,307.57,7,982.03,0.17
2022-01-01 07:55:00,Station_2,30.14588662524752,-122.31354063139676,Water,-4.56,46.79,1.36,735.63,1,1014.61,0.16
2022-01-01 08:00:00,Station_2,38.88287024561023,-80.72876467720967,Agricultural,9.82,52.82,12.57,685.16,1,1028.91,0.86
2022-01-01 08:05:00,Station_2,33.927888371978355,-119.01823929801976,Water,9.44,41.06,5.03,800.14,8,994.88,0.35
2022-01-01 08:10:00,Station_2,34.12676320417089,-84.77438312350412,Water,33.48,47.61,14.3,620.96,3,1020.32,0.31
2022-01-01 08:15:00,Station_2,43.70365895067043,-97.14661753741098,Agricultural,11.89,76.72,2.01,411.23,9,993.95,0.87
2022-01-01 08:20:00,Station_2,41.58178430190804,-105.09677908865996,Forest,29.89,67.35,7.92,294.47,8,992.21,0.56
2022-01-01 08:25:00,Station_2,35.58221263615816,-87.69742279242949,Forest,28.46,34.06,12.76,138.0,1,995.06,0.55
2022-01-01 08:30:00,Station_2,33.407201030549246,-82.16661220073377,Urban,26.17,37.32,5.39,394.73,6,990.1,0.88
2022-01-01 08:35:00,Station_2,25.002483395800205,-75.44449658011521,Agricultural,13.13,73.36,2.94,779.01,1,1035.41,0.54
2022-01-01 08:40:00,Station_2,49.06877226706245,-93.10213955485054,Forest,17.62,39.21,0.63,427.92,5,1040.03,0.3
2022-01-01 08:45:00,Station_2,45.485944607837354,-88.06552535614706,Forest,1.38,33.74,8.55,129.85,2,1009.9,0.57
2022-01-01 08:50:00,Station_2,32.22257921432519,-82.79296925427838,Water,28.85,82.32,12.27,355.78,3,981.01,0.33
2022-01-01 08:55:00,Station_2,25.17728232942488,-87.20753768663349,Urban,-4.81,85.89,6.93,392.14,10,1045.94,0.19
2022-01-01 09:00:00,Station_2,40.3660275408761,-69.16694416065876,Urban,11.05,30.29,11.29,944.96,0,1015.9,0.51
2022-01-01 09:05:00,Station_2,25.578361004839387,-78.97568741104973,Forest,8.29,38.38,0.49,749.64,8,988.92,0.64
2022-01-01 09:10:00,Station_2,42.73963644541391,-70.70644173725975,Forest,3.76,75.72,14.9,756.43,10,1013.63,0.8
2022-01-01 09:15:00,Station_2,39.498597930384136,-108.67504400606855,Forest,9.24,65.41,13.49,175.95,3,989.42,0.49
2022-01-01 09:20:00,Station_2,27.382527671576664,-107.98646035537895,Barren,27.07,67.39,1.84,845.62,6,1024.46,0.34
2022-01-01 09:25:00,Station_2,45.4020876487632,-62.83092651807567,Urban,14.97,70.38,5.28,987.4,6,1043.69,0.47
2022-01-01 09:30:00,Station_2,46.724999291337625,-89.32333291895759,Urban,-8.62,36.8,11.95,321.58,4,1034.96,0.31
2022-01-01 09:35:00,Station_2,28.631320022470806,-65.63516890854754,Water,7.92,79.33,13.12,867.76,4,986.71,0.47
2022-01-01 09:40:00,Station_2,47.254156840818695,-100.63256136521875,Water,32.83,70.62,9.72,144.74,0,1030.18,0.17
2022-01-01 09:45:00,Station_2,33.650679650906014,-71.51720051820809,Agricultural,8.54,60.28,9.26,594.07,7,987.22,0.43
2022-01-01 09:50:00,Station_2,30.21214708105134,-91.43304033165992,Barren,15.05,39.3,0.74,362.61,0,1015.0,0.54
2022-01-01 09:55:00,Station_2,28.886842697941006,-119.42981204474992,Forest,8.69,61.32,3.4,686.6,10,1006.55,0.35
2022-01-01 10:00:00,Station_2,38.78247489527071,-61.47762418579821,Urban,7.51,68.37,7.85,179.56,6,986.54,0.84
2022-01-01 10:05:00,Station_2,34.147837741604924,-84.65743746042313,Forest,24.3,32.21,5.09,679.36,6,1026.79,0.41
2022-01-01 10:10:00,Station_2,40.51375449765766,-102.19574582531098,Urban,11.24,82.09,11.23,187.75,0,985.04,0.2
2022-01-01 10:15:00,Station_2,40.683680876604136,-63.71118170884516,Forest,19.56,77.64,12.15,966.08,4,1045.52,0.18
2022-01-01 10:20:00,Station_2,47.73671282618544,-84.73979697925613,Barren,34.06,50.76,13.58,266.65,7,997.8,0.21
2022-01-01 10:25:00,Station_2,45.80384803273035,-104.08069320809585,Urban,4.95,38.35,12.51,150.33,0,1039.95,0.67
2022-01-01 10:30:00,Station_2,49.87306165960901,-79.69836198868441,Forest,28.18,83.3,7.95,277.78,1,1008.97,0.62
2022-01-01 10:35:00,Station_2,38.62269326277377,-83.18185376731871,Barren,28.63,61.83,11.16,323.82,10,1046.18,0.42
2022-01-01 10:40:00,Station_2,45.75480429378528,-81.55760087795284,Forest,31.14,60.28,6.42,755.11,5,1039.99,0.83
2022-01-01 10:45:00,Station_2,41.95132607832116,-77.97473852128503,Water,29.08,42.62,8.84,908.18,2,1015.65,0.49
2022-01-01 10:50:00,Station_2,39.06343867719566,-79.58802008804534,Water,32.9,74.7,4.98,547.16,4,1047.69,0.86
2022-01-01 10:55:00,Station_2,44.4536499239549,-88.20343246523936,Agricultural,21.66,34.06,3.53,738.93,8,1008.24,0.76
2022-01-01 11:00:00,Station_2,45.14436548473097,-92.3682232507572,Agricultural,8.59,64.36,12.38,527.21,3,994.19,0.85
2022-01-01 11:05:00,Station_2,32.089948360018546,-86.45887966937858,Forest,6.31,76.38,5.84,650.96,3,1039.09,0.31
2022-01-01 11:10:00,Station_2,44.51129286210144,-105.08013268065082,Agricultural,1.98,84.9,3.65,886.27,6,1021.32,0.22
2022-01-01 11:15:00,Station_2,45.96839701128201,-116.31303522836419,Agricultural,6.93,52.02,9.0,393.33,7,998.46,0.59
2022-01-01 11:20:00,Station_2,43.105453508523176,-119.7897899377599,Barren,-8.79,45.19,0.64,627.43,7,1018.46,0.42
2022-01-01 11:25:00,Station_2,48.40217941264086,-108.1811007554992,Forest,6.43,33.44,3.26,500.88,6,1029.21,0.66
2022-01-01 11:30:00,Station_2,39.49244172843925,-60.53292432397676,Agricultural,-2.96,58.23,3.76,690.49,0,1023.6,0.59
2022-01-01 11:35:00,Station_2,41.39087460509485,-115.6978091937337,Water,29.84,86.87,5.07,959.96,6,994.87,0.79
2022-01-01 11:40:00,Station_2,37.64834319564254,-93.1761320368726,Agricultural,28.37,68.1,14.08,835.27,1,1014.67,0.86
2022-01-01 11:45:00,Station_2,25.95078816119043,-75.50716817648569,Water,-3.34,62.62,6.36,579.23,2,1041.03,0.12
2022-01-01 11:50:00,Station_2,25.062868267178406,-91.34031352913887,Urban,14.28,51.45,11.77,175.81,3,1000.92,0.61
2022-01-01 11:55:00,Station_2,37.36780833944686,-80.19226571473048,Barren,33.66,76.18,10.53,725.87,8,1018.9,0.86
2022-01-01 12:00:00,Station_2,45.16077516850356,-71.43976029888563,Forest,32.28,31.43,14.42,165.19,8,980.26,0.54
2022-01-01 12:05:00,Station_2,32.234781369689486,-94.35514173443734,Urban,11.82,40.39,3.98,317.97,10,1023.19,0.3
2022-01-01 12:10:00,Station_2,49.19681083114528,-114.63801382698142,Barren,-2.16,30.85,13.73,166.65,2,998.29,0.7
2022-01-01 12:15:00,Station_2,48.00267022090828,-105.25010946075504,Barren,18.2,80.54,6.32,699.11,1,1043.86,0.47
2022-01-01 12:20:00,Station_2,25.244887090146698,-108.3733315983564,Urban,-3.74,45.91,2.42,160.15,2,1043.73,0.6
2022-01-01 12:25:00,Station_2,47.21528525924283,-85.74841688164719,Water,14.34,49.78,4.76,586.29,6,1025.88,0.2
2022-01-01 12:30:00,Station_2,45.74130553047675,-95.23903588316534,Water,14.67,35.97,4.9,414.01,2,984.5,0.63
2022-01-01 12:35:00,Station_2,46.385496645971934,-107.73792364250798,Forest,-3.54,47.72,5.97,820.47,10,1045.0,0.11
2022-01-01 12:40:00,Station_2,49.206255286644335,-96.95840313476569,Forest,-7.94,79.41,5.85,898.54,2,989.68,0.33
2022-01-01 12:45:00,Station_2,34.36759147013029,-80.06204430176565,Water,17.76,33.21,11.05,186.19,0,1013.04,0.12
2022-01-01 12:50:00,Station_2,26.73399168123659,-86.90787931216462,Urban,22.33,43.6,5.33,202.43,2,1029.27,0.34
2022-01-01 12:55:00,Station_2,39.10299313371947,-102.87444307812896,Water,-0.38,35.2,11.18,326.86,7,1016.64,0.36
2022-01-01 13:00:00,Station_2,25.507916188413333,-105.38583046292477,Agricultural,6.98,67.46,2.19,324.59,8,992.95,0.27
2022-01-01 13:05:00,Station_2,46.219156000165995,-91.78861170625458,Urban,10.75,74.33,11.7,682.01,5,1008.24,0.34
2022-01-01 13:10:00,Station_2,39.52978702854975,-105.42747221901745,Water,-6.04,76.17,0.95,910.86,3,991.75,0.68
2022-01-01 13:15:00,Station_2,28.389334925972324,-101.34493725671514,Forest,6.46,73.0,8.0,736.5,1,1045.66,0.44
2022-01-01 13:20:00,Station_2,46.20819633082216,-60.16757775885037,Water,7.43,87.5,6.06,173.58,9,1007.11,0.69
2022-01-01 13:25:00,Station_2,45.09861480937586,-117.05745182187287,Forest,17.81,70.49,12.34,781.76,6,994.82,0.3
2022-01-01 13:30:00,Station_2,48.6419068619016,-65.06838037712124,Urban,27.06,76.68,1.7,190.94,3,986.12,0.32
2022-01-01 13:35:00,Station_2,27.039532098134238,-67.01921346747886,Water,26.93,46.83,6.61,455.87,7,1002.78,0.86
2022-01-01 13:40:00,Station_2,30.970347033897628,-81.9843847568584,Agricultural,17.72,60.7,4.17,514.84,4,1026.55,0.8
2022-01-01 13:45:00,Station_2,48.709860014289134,-63.85145299465375,Barren,27.32,73.23,12.08,982.07,5,1035.49,0.61
2022-01-01 13:50:00,Station_2,33.1524116002641,-101.31375108925039,Water,20.1,71.93,10.98,379.3,7,1033.01,0.64
2022-01-01 13:55:00,Station_2,26.172869948737056,-109.7894656539128,Urban,18.98,37.01,1.77,574.12,7,985.93,0.28
2022-01-01 14:00:00,Station_2,40.38057829358856,-101.87020557246572,Barren,9.24,39.86,0.84,914.34,8,1017.98,0.47
2022-01-01 14:05:00,Station_2,28.042441855541586,-122.85274480359618,Urban,3.23,49.7,5.23,259.28,8,1009.02,0.21
2022-01-01 14:10:00,Station_2,25.643658776414142,-65.45668292453712,Barren,-9.35,58.71,10.33,278.31,8,1048.67,0.87
2022-01-01 14:15:00,Station_2,40.413106263615056,-109.11346938612961,Barren,23.16,76.46,13.53,267.29,6,1025.08,0.8
2022-01-01 14:20:00,Station_2,27.908701222270548,-103.22693161696063,Urban,-1.39,53.6,4.28,307.53,2,1033.34,0.71
2022-01-01 14:25:00,Station_2,46.403317676938755,-72.91225033773773,Forest,14.47,30.09,8.69,369.98,3,1029.59,0.33
2022-01-01 14:30:00,Station_2,41.80952027468991,-110.62369434834022,Agricultural,13.05,48.49,1.2,579.71,7,1041.17,0.4
2022-01-01 14:35:00,Station_2,40.63136908135593,-77.3931087662769,Urban,-8.12,86.58,11.32,227.63,4,996.08,0.78
2022-01-01 14:40:00,Station_2,41.30418950203817,-72.11310424197853,Water,30.85,87.26,11.74,840.57,0,1017.73,0.81
2022-01-01 14:45:00,Station_2,49.93723153643076,-114.35552750426149,Forest,12.73,79.85,14.9,768.62,4,1040.39,0.64
2022-01-01 14:50:00,Station_2,35.363928576772736,-64.5099350575452,Urban,12.93,63.74,1.25,127.6,0,1049.9,0.36
2022-01-01 14:55:00,Station_2,33.84977766561407,-82.76582947992644,Agricultural,-8.03,66.98,1.47,198.35,10,1018.47,0.33
2022-01-01 15:00:00,Station_2,45.14431856869557,-108.82606311683492,Forest,13.55,82.25,2.6,139.13,4,1049.09,0.37
2022-01-01 15:05:00,Station_2,42.50391970834489,-88.69218599211084,Water,-5.46,55.48,6.31,563.68,0,1006.07,0.52
2022-01-01 15:10:00,Station_2,26.55442898921651,-69.85755538375372,Water,2.62,63.16,7.99,782.9,4,1047.95,0.43
2022-01-01 15:15:00,Station_2,46.22077168669429,-120.03603046369138,Water,7.59,32.41,11.83,735.35,10,1014.5,0.15
2022-01-01 15:20:00,Station_2,43.583000659864496,-78.07080422480075,Urban,17.69,69.47,0.7,725.59,9,1042.52,0.7
2022-01-01 15:25:00,Station_2,32.882007344134394,-94.89582032537163,Urban,-1.23,89.3,11.98,644.69,9,994.68,0.36
2022-01-01 15:30:00,Station_2,45.832469035079086,-81.08670424008932,Barren,34.55,36.39,7.21,205.23,3,1035.73,0.39
2022-01-01 15:35:00,Station_2,34.2916419545367,-101.96483522517609,Forest,-3.27,69.07,10.58,395.55,8,1022.33,0.1
2022-01-01 15:40:00,Station_2,40.99172440595454,-70.46709222137937,Barren,1.52,47.23,11.1,746.94,6,988.13,0.81
2022-01-01 15:45:00,Station_2,41.977699789300985,-91.66201064751974,Agricultural,-4.29,72.17,11.47,254.0,7,1048.49,0.63
2022-01-01 15:50:00,Station_2,26.327138889310607,-78.80610226103838,Barren,32.61,79.24,11.74,673.79,10,1043.13,0.41
2022-01-01 15:55:00,Station_2,42.884640878561655,-90.76380363613482,Forest,1.25,86.15,12.86,225.89,4,992.5,0.54
2022-01-01 16:00:00,Station_2,29.385511118916558,-102.01497138071142,Urban,-7.93,58.74,11.39,210.44,1,1001.57,0.16
2022-01-01 16:05:00,Station_2,46.949344758297315,-71.55927928267212,Urban,-6.86,41.39,11.81,854.34,8,1032.37,0.87
2022-01-01 16:10:00,Station_2,32.50537790476184,-116.31354866108047,Water,31.09,77.53,5.55,697.62,9,983.07,0.68
2022-01-01 16:15:00,Station_2,26.960480927710062,-122.90171195960363,Urban,25.6,77.87,4.39,601.7,9,1014.45,0.32
2022-01-01 16:20:00,Station_2,47.37816859691042,-79.53079858234213,Water,24.79,36.96,6.9,251.77,8,1007.58,0.47
2022-01-01 16:25:00,Station_2,33.68689079709793,-61.568324849591804,Agricultural,29.78,44.46,4.43,995.95,2,1009.43,0.43
2022-01-01 16:30:00,Station_2,29.740124443434603,-83.60443675508041,Agricultural,-2.14,36.73,12.72,766.08,6,1009.98,0.41
2022-01-01 16:35:00,Station_2,29.04934734946809,-61.339559975239496,Agricultural,4.03,86.82,7.01,184.42,3,987.96,0.71
2022-01-01 16:40:00,Station_2,43.60221549479815,-107.40016959869939,Barren,32.92,43.72,1.46,268.72,4,1027.01,0.36
2022-01-01 16:45:00,Station_2,49.92236999658982,-95.68361244181295,Barren,11.19,73.64,12.94,604.99,3,1025.22,0.59
2022-01-01 16:50:00,Station_2,48.06071404211414,-89.98309814379124,Water,12.43,43.61,9.89,569.45,2,1001.97,0.57
2022-01-01 16:55:00,Station_2,47.45778129205945,-91.55216683126818,Urban,0.91,55.92,8.74,109.22,1,1014.98,0.47
2022-01-01 17:00:00,Station_2,45.19577556905102,-85.73167004224646,Forest,29.27,56.54,10.39,788.14,4,1028.67,0.45
2022-01-01 17:05:00,Station_2,30.09643033922694,-124.9068317143736,Agricultural,-0.67,52.88,12.7,517.42,5,1018.52,0.29
2022-01-01 17:10:00,Station_2,25.318723581007976,-96.55985480178646,Forest,-3.33,72.7,4.32,878.37,4,995.55,0.34
2022-01-01 17:15:00,Station_2,44.8085587122395,-99.53128441972703,Water,13.34,52.12,4.78,496.0,3,993.71,0.84
2022-01-01 17:20:00,Station_2,41.69422011704734,-114.08036012380924,Barren,4.4,76.44,2.4,436.89,0,1049.0,0.4
2022-01-01 17:25:00,Station_2,36.66561289486979,-96.13675993050464,Urban,2.0,45.78,6.53,149.44,7,1034.97,0.4
2022-01-01 17:30:00,Station_2,46.10748520317303,-94.67540067060176,Urban,-4.85,64.04,6.23,947.31,6,1030.88,0.49
2022-01-01 17:35:00,Station_2,47.12748733948554,-85.53680837277824,Water,17.74,45.3,1.59,293.19,2,981.34,0.3
2022-01-01 17:40:00,Station_2,33.222230323552886,-102.11831549356668,Water,33.22,73.43,4.81,427.83,6,1037.33,0.31
2022-01-01 17:45:00,Station_2,38.48565946359183,-68.07138147552867,Water,15.64,55.09,1.07,969.19,1,1030.58,0.9
2022-01-01 17:50:00,Station_2,41.04476746783081,-69.53165832935602,Water,10.32,57.49,0.76,388.61,1,1048.52,0.71
2022-01-01 17:55:00,Station_2,39.349971530488595,-60.82704797293246,Water,32.99,46.69,3.51,147.51,1,1047.66,0.22
2022-01-01 18:00:00,Station_2,34.80139324597201,-91.92865124234206,Barren,-7.76,46.67,12.37,206.96,5,996.05,0.76
2022-01-01 18:05:00,Station_2,36.12213611440673,-69.36518197082995,Agricultural,8.59,81.12,0.85,253.94,5,1027.63,0.89
2022-01-01 18:10:00,Station_2,48.98834308416622,-104.08387955535866,Urban,-9.37,66.31,8.82,302.03,3,1016.42,0.28
2022-01-01 18:15:00,Station_2,27.39021996566598,-108.50727166467502,Urban,23.35,87.84,7.76,278.55,4,1003.7,0.11
2022-01-01 18:20:00,Station_2,47.400526742841,-86.51648782125804,Urban,10.52,64.34,8.4,165.9,3,1044.18,0.78
2022-01-01 18:25:00,Station_2,29.754834837942774,-113.94850987946305,Barren,15.63,52.26,3.98,682.37,9,1027.15,0.59
2022-01-01 18:30:00,Station_2,41.30634682396834,-105.67550020126923,Water,-5.59,56.92,1.59,425.03,4,992.25,0.6
2022-01-01 18:35:00,Station_2,25.752478677241523,-98.69083173298185,Water,29.94,68.87,5.94,505.58,7,1027.47,0.79
2022-01-01 18:40:00,Station_2,47.72421260487155,-73.0936543729,Agricultural,27.79,89.03,10.87,190.38,5,1017.61,0.6
2022-01-01 18:45:00,Station_2,29.105403905103078,-114.46616603080444,Urban,13.42,83.44,4.13,495.07,5,1038.23,0.27
2022-01-01 18:50:00,Station_2,46.493115961840545,-73.97670611429531,Agricultural,-1.46,61.61,4.43,748.31,7,993.77,0.42
2022-01-01 18:55:00,Station_2,37.98615229188405,-105.96608627334983,Urban,12.98,35.49,6.53,824.82,6,1019.71,0.62
2022-01-01 19:00:00,Station_2,28.876458063568673,-90.69281016742073,Barren,17.35,52.52,1.53,506.58,5,1022.24,0.68
2022-01-01 19:05:00,Station_2,39.794867506714986,-60.75129522586073,Agricultural,7.75,31.84,9.94,207.3,8,981.93,0.35
2022-01-01 19:10:00,Station_2,46.50153974833938,-112.88775214626345,Barren,24.42,82.31,12.12,825.7,6,992.84,0.83
2022-01-01 19:15:00,Station_2,46.42954730197226,-119.55220414996802,Forest,25.01,73.29,3.14,727.83,4,1026.95,0.7
2022-01-01 19:20:00,Station_2,32.36267424372319,-110.36223740815535,Urban,19.37,35.33,0.53,872.85,9,1015.09,0.45
2022-01-01 19:25:00,Station_2,48.40527228680588,-69.93530526518501,Forest,9.13,88.02,2.6,136.21,9,1020.14,0.79
2022-01-01 19:30:00,Station_2,47.7009197625609,-75.11839805632083,Water,18.42,58.52,8.0,843.81,3,997.7,0.77
2022-01-01 19:35:00,Station_2,42.508543264247145,-104.80355464154235,Water,14.31,30.42,6.25,992.64,2,989.66,0.45
2022-01-01 19:40:00,Station_2,31.962527513636154,-107.17350047974631,Forest,0.15,54.03,9.98,173.72,7,1001.71,0.11
2022-01-01 19:45:00,Station_2,44.03547678194861,-89.36603362458096,Barren,20.0,52.76,1.13,438.2,4,1009.42,0.34
2022-01-01 19:50:00,Station_2,31.942017465369005,-90.8647903471576,Water,-1.16,53.52,5.15,197.86,8,989.02,0.77
2022-01-01 19:55:00,Station_2,36.00979796210498,-67.39074874528299,Water,-2.39,54.85,8.46,846.24,8,993.29,0.72
2022-01-01 20:00:00,Station_2,40.2571173795674,-75.61417961926865,Agricultural,-4.89,83.51,2.94,234.29,9,1016.69,0.77
2022-01-01 20:05:00,Station_2,30.588629702795718,-114.20902430925909,Barren,15.21,85.53,13.16,612.11,5,1013.94,0.85
2022-01-01 20:10:00,Station_2,32.54272368030798,-104.29299068125482,Barren,34.77,59.66,7.52,584.41,0,1015.41,0.25
2022-01-01 20:15:00,Station_2,27.95702219639563,-99.41603349564265,Forest,14.91,53.2,14.94,156.78,1,1027.37,0.44
2022-01-01 20:20:00,Station_2,46.666574973169574,-86.43285075968024,Barren,14.15,34.3,4.44,299.73,3,1045.21,0.23
2022-01-01 20:25:00,Station_2,35.49714748191113,-85.04552187455444,Agricultural,14.11,41.67,14.9,392.84,9,1038.9,0.69
2022-01-01 20:30:00,Station_2,46.50657262198624,-108.08378624056314,Forest,-0.66,61.06,11.42,969.31,4,996.43,0.15
2022-01-01 20:35:00,Station_2,33.711553108072096,-95.48654951283785,Forest,30.45,81.98,6.67,395.3,2,1039.28,0.83
2022-01-01 20:40:00,Station_2,47.92087434253035,-122.64773210479302,Water,33.13,50.3,5.43,584.86,10,1029.65,0.5
2022-01-01 20:45:00,Station_2,27.20426308862127,-65.84591117484138,Barren,30.61,89.21,12.15,201.46,3,1003.16,0.68
2022-01-01 20:50:00,Station_2,49.62641149421677,-94.43476558141685,Water,8.17,63.02,6.41,970.95,5,1035.78,0.71
2022-01-01 20:55:00,Station_2,38.696583366079274,-72.29157250385167,Agricultural,-1.72,35.91,0.3,201.4,5,997.13,0.87
2022-01-01 21:00:00,Station_2,26.5731578449534,-83.41743931525878,Agricultural,6.92,79.2,8.1,960.14,10,990.36,0.78
2022-01-01 21:05:00,Station_2,38.680290104151624,-72.35635187601827,Forest,17.48,36.75,2.09,250.24,3,1027.75,0.35
2022-01-01 21:10:00,Station_2,30.701597745958054,-87.2817568531039,Barren,34.04,59.12,11.2,242.09,8,1045.91,0.33
2022-01-01 21:15:00,Station_2,39.90279791440081,-94.87027200841203,Water,30.02,86.64,5.5,681.53,6,1032.42,0.64
2022-01-01 21:20:00,Station_2,43.90120577701738,-106.98260584112238,Barren,15.81,33.52,1.6,851.7,7,1023.59,0.64
2022-01-01 21:25:00,Station_2,36.73580854189291,-79.24994072593358,Forest,6.31,86.29,10.3,993.31,1,1020.58,0.1
2022-01-01 21:30:00,Station_2,32.6782083881676,-71.4876181346869,Barren,-3.55,81.62,8.84,837.22,4,1034.94,0.78
2022-01-01 21:35:00,Station_2,31.237794917338483,-84.16959218748856,Barren,21.22,69.05,9.28,869.12,10,1028.92,0.64
2022-01-01 21:40:00,Station_2,44.14793765700435,-74.38158571855135,Forest,34.31,53.23,9.55,122.68,3,1039.79,0.21
2022-01-01 21:45:00,Station_2,40.24746577262235,-70.27035711818084,Forest,21.74,45.68,11.7,746.2,2,1012.47,0.84
2022-01-01 21:50:00,Station_2,30.290984626747267,-86.5324652015141,Forest,26.39,65.6,8.6,473.88,3,980.93,0.88
2022-01-01 21:55:00,Station_2,41.12395310098763,-121.99154347812406,Forest,15.54,66.48,4.98,412.88,1,1031.8,0.85
2022-01-01 22:00:00,Station_2,43.57532619152576,-77.00686198285497,Forest,16.58,43.48,4.74,234.43,10,1028.49,0.81
2022-01-01 22:05:00,Station_2,41.85140561986799,-89.94008725113412,Water,23.58,51.73,14.09,358.02,3,1038.44,0.29
2022-01-01 22:10:00,Station_2,31.456153638377195,-89.60009365406557,Agricultural,32.18,35.99,7.42,702.95,9,1032.89,0.16
2022-01-01 22:15:00,Station_2,48.617839941928125,-70.52143676597063,Barren,34.38,48.51,13.09,673.33,1,1005.2,0.75
2022-01-01 22:20:00,Station_2,26.648306820276442,-103.03935683545294,Barren,13.4,71.3,1.54,179.73,2,1032.17,0.45
2022-01-01 22:25:00,Station_2,30.5407279842389,-76.96473362665748,Barren,19.64,87.26,3.98,531.49,8,1046.42,0.51
2022-01-01 22:30:00,Station_2,49.75541568867446,-112.9054681005321,Forest,-2.92,55.25,1.72,990.99,2,1038.3,0.57
2022-01-01 22:35:00,Station_2,40.786629158259196,-105.89307952248073,Agricultural,5.08,55.49,7.73,945.47,2,1041.01,0.41
2022-01-01 22:40:00,Station_2,48.75477499398876,-83.61215606648256,Forest,25.39,78.46,10.94,708.54,1,1010.57,0.33
2022-01-01 22:45:00,Station_2,26.788400008318426,-82.98561070029423,Forest,12.95,39.48,13.27,788.71,2,984.06,0.34
2022-01-01 22:50:00,Station_2,26.085223930058014,-94.78237643198364,Agricultural,-7.22,73.61,0.56,483.62,9,981.45,0.54
2022-01-01 22:55:00,Station_2,43.56860135511516,-121.61211394444582,Urban,27.63,40.58,3.47,547.27,2,990.33,0.75
2022-01-01 23:00:00,Station_2,40.4263796629547,-82.08861595742616,Forest,24.38,88.36,11.28,431.95,6,1038.52,0.33
2022-01-01 23:05:00,Station_2,30.65876804118463,-64.38919882200524,Forest,31.72,70.08,12.1,415.44,6,1005.48,0.36
2022-01-01 23:10:00,Station_2,35.434528192194485,-124.1708985369488,Water,15.48,68.98,1.51,468.95,9,994.03,0.74
2022-01-01 23:15:00,Station_2,46.49659283155765,-76.33957716689218,Water,-4.82,76.19,2.83,524.51,6,992.95,0.3
2022-01-01 23:20:00,Station_2,45.02175785613389,-106.78829629607759,Barren,8.07,61.4,11.94,771.23,4,1048.64,0.36
2022-01-01 23:25:00,Station_2,45.32399638320761,-79.1884281794569,Forest,14.14,57.66,14.97,364.58,9,1021.79,0.66
2022-01-01 23:30:00,Station_2,45.51946236697273,-97.14727325692293,Water,15.8,50.92,7.59,521.77,6,1003.86,0.21
2022-01-01 23:35:00,Station_2,36.540392335254914,-102.06066684492595,Urban,4.89,56.63,10.38,977.17,1,1044.74,0.84
2022-01-01 23:40:00,Station_2,29.075268785463336,-93.72135451797571,Forest,9.77,49.0,8.29,900.45,10,1040.19,0.73
2022-01-01 23:45:00,Station_2,36.385273222555654,-113.73947396304665,Barren,29.65,44.01,13.92,336.37,2,986.38,0.46
2022-01-01 23:50:00,Station_2,39.54980523216786,-123.9171872488966,Agricultural,22.74,49.27,14.41,899.8,5,1031.84,0.79
2022-01-01 23:55:00,Station_2,46.75624403851103,-95.17876139581648,Agricultural,5.53,78.7,0.09,445.04,8,999.02,0.86
2022-01-01 00:00:00,Station_3,38.26367299102244,-86.83447443971454,Water,1.66,66.11,2.19,721.45,5,1014.04,0.83
2022-01-01 00:05:00,Station_3,32.938580289475354,-73.79978388747276,Barren,-8.71,53.14,7.88,618.83,6,996.97,0.71
2022-01-01 00:10:00,Station_3,48.09051318590311,-105.40285271189106,Agricultural,1.68,84.63,10.42,975.74,4,1030.57,0.2
2022-01-01 00:15:00,Station_3,25.120931593230463,-88.96499247811359,Forest,-3.77,76.8,8.23,134.14,0,1009.02,0.13
2022-01-01 00:20:00,Station_3,49.1949012510256,-121.34805696219776,Water,31.8,42.67,9.7,265.9,3,1018.47,0.44
2022-01-01 00:25:00,Station_3,47.12823124036164,-67.81053482421319,Forest,2.79,86.97,13.25,542.48,7,1043.38,0.3
2022-01-01 00:30:00,Station_3,39.25803688155411,-114.7096471916799,Barren,2.19,63.07,12.87,343.92,10,1022.76,0.73
2022-01-01 00:35:00,Station_3,33.71854064271295,-60.15430862291974,Agricultural,26.96,35.16,9.87,385.27,2,990.82,0.7
2022-01-01 00:40:00,Station_3,44.664743555847494,-112.1053671886534,Urban,-7.58,38.5,8.85,532.51,9,1017.39,0.58
2022-01-01 00:45:00,Station_3,38.39474701734714,-102.94788715930957,Barren,17.92,34.34,9.53,636.56,9,1040.94,0.73
2022-01-01 00:50:00,Station_3,49.99412406012556,-82.06839153224223,Water,34.28,89.57,3.15,843.43,1,1033.06,0.27
2022-01-01 00:55:00,Station_3,26.604124622913655,-113.55143130487747,Barren,20.64,71.73,4.71,120.13,10,1024.19,0.2
2022-01-01 01:00:00,Station_3,46.613083979501134,-69.77991997307495,Barren,-0.96,69.16,8.19,219.59,4,1018.84,0.81
2022-01-01 01:05:00,Station_3,44.10643787783036,-65.2552501583383,Barren,13.01,44.64,4.66,251.22,5,1041.49,0.61
2022-01-01 01:10:00,Station_3,33.87205213803584,-75.22641028464238,Forest,-2.71,41.7,13.75,323.78,1,1033.49,0.22
2022-01-01 01:15:00,Station_3,32.27123620128378,-104.39770374113253,Water,-0.68,58.44,11.75,582.07,1,1007.41,0.11
2022-01-01 01:20:00,Station_3,49.56966940242763,-117.254393350825,Forest,14.21,64.1,4.25,474.93,10,1042.66,0.58
2022-01-01 01:25:00,Station_3,28.540872249046252,-83.58987908110424,Forest,28.29,62.3,13.61,621.96,9,1034.15,0.77
2022-01-01 01:30:00,Station_3,30.75010687318879,-87.52395983373495,Agricultural,5.57,50.94,4.11,956.81,7,1000.48,0.65
2022-01-01 01:35:00,Station_3,36.51377280856917,-76.94116705292578,Barren,-9.97,63.42,0.54,876.98,0,1040.92,0.52
2022-01-01 01:40:00,Station_3,27.698025913583958,-112.99095972596108,Forest,9.96,70.16,13.6,837.54,0,994.92,0.32
2022-01-01 01:45:00,Station_3,44.17367746207417,-71.25253204822225,Urban,23.82,84.14,3.35,570.47,3,1018.84,0.55
2022-01-01 01:50:00,Station_3,33.29123728110858,-60.658245456813475,Barren,22.03,51.96,10.51,526.81,10,1014.91,0.57
2022-01-01 01:55:00,Station_3,35.96720201938929,-82.80456400267978,Urban,20.12,53.83,12.21,255.85,10,980.75,0.5
2022-01-01 02:00:00,Station_3,42.9325961394634,-66.44881646604343,Forest,26.84,38.14,1.62,232.96,9,1038.98,0.22
2022-01-01 02:05:00,Station_3,26.970304914024304,-64.33250395100802,Forest,29.69,59.32,11.45,115.29,0,990.09,0.72
2022-01-01 02:10:00,Station_3,41.16676704284725,-120.56944764703249,Forest,-2.87,32.5,12.12,899.64,7,1016.71,0.2
2022-01-01 02:15:00,Station_3,49.18093303332895,-110.71497217482741,Barren,-6.98,75.45,12.7,757.37,4,981.46,0.18
2022-01-01 02:20:00,Station_3,48.83667778425803,-106.71978585804655,Water,13.69,81.59,5.55,291.85,9,991.25,0.32
2022-01-01 02:25:00,Station_3,25.336717736859647,-115.85101123124265,Urban,18.82,39.4,9.92,822.03,3,1031.43,0.3
2022-01-01 02:30:00,Station_3,27.12735841917956,-124.8119364406496,Forest,-0.6,61.53,4.28,744.95,6,1026.55,0.65
2022-01-01 02:35:00,Station_3,44.592612899488174,-116.71211134595234,Agricultural,-3.26,78.95,10.0,212.77,10,1029.79,0.25
2022-01-01 02:40:00,Station_3,40.371732173535264,-82.321180537483,Water,-2.88,63.45,12.35,923.53,2,1013.81,0.3
2022-01-01 02:45:00,Station_3,39.63237377996378,-119.4601181650331,Urban,-1.99,76.58,13.64,380.59,6,987.56,0.28
2022-01-01 02:50:00,Station_3,37.544563886268,-96.17615991659493,Urban,11.4,77.7,11.91,435.66,10,991.13,0.78
2022-01-01 02:55:00,Station_3,38.150270353056676,-87.91259083897239,Forest,23.96,39.7,9.62,804.26,0,1045.01,0.33
2022-01-01 03:00:00,Station_3,49.87952282031338,-84.08805732636563,Forest,23.46,37.35,13.29,351.5,9,1027.24,0.44
2022-01-01 03:05:00,Station_3,48.23727474232854,-102.79651241116812,Agricultural,10.33,89.05,7.03,279.46,0,1043.47,0.51
2022-01-01 03:10:00,Station_3,29.252735878329382,-66.36413703440547,Forest,25.8,68.28,4.59,227.11,10,1043.85,0.24
2022-01-01 03:15:00,Station_3,44.30875914988533,-63.33754237409036,Agricultural,20.38,50.09,14.17,907.97,2,1035.29,0.16
2022-01-01 03:20:00,Station_3,46.374179477928394,-64.82853641472042,Water,-2.94,50.35,11.68,587.59,8,1016.13,0.33
2022-01-01 03:25:00,Station_3,46.112454808730206,-117.64970412837718,Forest,-9.07,76.84,3.48,265.03,1,991.23,0.29
2022-01-01 03:30:00,Station_3,44.73781738048495,-70.52259953470053,Water,14.43,33.78,11.09,828.63,2,1024.9,0.73
2022-01-01 03:35:00,Station_3,39.33254737815132,-72.51515449532641,Agricultural,7.18,54.43,2.36,669.51,6,1001.11,0.8
2022-01-01 03:40:00,Station_3,25.935016269642464,-110.37106529876151,Water,6.77,35.77,0.36,120.33,4,994.28,0.3
2022-01-01 03:45:00,Station_3,48.1612811814727,-69.11373820354189,Urban,-2.47,36.05,0.76,336.42,2,1008.0,0.9
2022-01-01 03:50:00,Station_3,39.113304865612605,-91.53172955875422,Urban,-6.81,77.84,7.52,132.28,4,1001.3,0.56
2022-01-01 03:55:00,Station_3,25.898775147808642,-63.300211099064136,Forest,32.55,45.86,6.48,657.6,6,990.19,0.43
2022-01-01 04:00:00,Station_3,37.1897864462486,-73.80968434810865,Water,17.62,33.15,2.27,593.73,6,1002.96,0.56
2022-01-01 04:05:00,Station_3,41.79461001189934,-96.669867298595,Water,9.18,52.71,3.62,515.02,9,1019.39,0.35
2022-01-01 04:10:00,Station_3,46.63170187633739,-89.40632444575786,Water,13.83,46.42,6.27,388.34,4,997.96,0.81
2022-01-01 04:15:00,Station_3,48.07971458474162,-103.80817134207376,Forest,29.82,57.87,7.05,820.31,1,981.68,0.12
2022-01-01 04:20:00,Station_3,33.64694729095767,-81.11352038040124,Water,34.34,39.58,1.95,910.08,5,1013.11,0.5
2022-01-01 04:25:00,Station_3,26.70343370361504,-76.03654494076724,Barren,14.7,47.29,8.68,510.46,3,1006.59,0.32
2022-01-01 04:30:00,Station_3,35.27192398567293,-82.41662400681577,Forest,19.97,47.19,8.89,571.34,9,1046.33,0.72
2022-01-01 04:35:00,Station_3,35.32412815222347,-75.61808351760955,Forest,34.93,38.58,4.28,909.38,1,1025.49,0.37
2022-01-01 04:40:00,Station_3,37.7678709589709,-72.29547453339345,Barren,30.7,54.19,14.13,191.86,4,984.05,0.53
2022-01-01 04:45:00,Station_3,49.71890664886543,-101.53229151252569,Barren,29.11,57.11,1.27,122.42,8,1014.61,0.4
2022-01-01 04:50:00,Station_3,34.915170059560936,-114.92896671081387,Agricultural,2.37,75.51,9.28,270.79,3,1028.21,0.27
2022-01-01 04:55:00,Station_3,47.327737251756616,-64.50995799355971,Agricultural,11.17,38.98,3.92,423.81,8,1032.08,0.25
2022-01-01 05:00:00,Station_3,30.93452153642566,-113.63892734700018,Urban,11.94,73.51,0.95,236.86,0,1042.77,0.71
2022-01-01 05:05:00,Station_3,41.611563781359024,-86.96852545597636,Barren,27.1,76.66,9.21,835.61,7,1022.23,0.62
2022-01-01 05:10:00,Station_3,42.92075034652666,-101.80359815890739,Forest,5.19,58.4,14.13,661.49,3,995.78,0.81
2022-01-01 05:15:00,Station_3,47.55944360085323,-99.92717425028567,Urban,10.08,80.49,11.38,122.51,3,1038.14,0.14
2022-01-01 05:20:00,Station_3,47.58534784283646,-75.01015035365637,Urban,-4.27,34.26,9.22,555.83,1,1042.38,0.72
2022-01-01 05:25:00,Station_3,41.843368670770005,-117.5976688108205,Agricultural,-9.05,66.61,13.51,292.71,6,983.61,0.75
2022-01-01 05:30:00,Station_3,43.05537632501763,-96.15366087692264,Barren,7.46,36.91,9.19,135.59,3,1045.66,0.39
2022-01-01 05:35:00,Station_3,38.43064415902413,-77.63190214541021,Water,2.48,35.59,13.06,236.22,4,1015.47,0.54
2022-01-01 05:40:00,Station_3,36.63719435140492,-120.9197222385305,Water,33.79,61.67,3.3,337.22,3,996.32,0.33
2022-01-01 05:45:00,Station_3,32.69060968050945,-120.92807625567885,Barren,10.7,79.08,12.64,958.3,7,1011.67,0.53
2022-01-01 05:50:00,Station_3,37.8096479527934,-122.86109034380968,Water,14.68,64.37,3.24,443.06,0,1033.47,0.72
2022-01-01 05:55:00,Station_3,32.111497969478755,-119.98212121030176,Agricultural,14.52,46.08,11.37,943.2,3,1046.36,0.24
2022-01-01 06:00:00,Station_3,29.255035399538162,-101.61488393433633,Forest,11.6,66.56,11.05,117.0,2,1014.87,0.14
2022-01-01 06:05:00,Station_3,46.774262665654504,-100.81272249897658,Water,4.49,76.6,13.19,639.42,1,1047.96,0.38
2022-01-01 06:10:00,Station_3,44.165603797360234,-67.04367254350363,Agricultural,12.92,88.67,12.0,609.23,3,998.7,0.23
2022-01-01 06:15:00,Station_3,44.94551751053913,-68.21803735859453,Forest,0.6,39.84,13.79,656.19,8,1023.81,0.79
2022-01-01 06:20:00,Station_3,30.62479503618341,-119.66965845230274,Barren,26.13,71.28,13.52,127.7,8,1000.15,0.85
2022-01-01 06:25:00,Station_3,28.61813336351549,-117.08656764170394,Urban,-7.87,76.55,7.82,924.28,1,1046.7,0.76
2022-01-01 06:30:00,Station_3,35.5596208078451,-64.39111380918101,Agricultural,28.29,39.66,8.53,653.71,6,990.25,0.86
2022-01-01 06:35:00,Station_3,33.95496855217218,-72.7968764219279,Water,19.37,73.41,6.25,505.48,3,1013.45,0.29
2022-01-01 06:40:00,Station_3,29.943754193058062,-85.12804760834167,Forest,28.12,56.0,6.66,537.91,10,980.33,0.28
2022-01-01 06:45:00,Station_3,40.551173491249585,-96.68950646352204,Water,-7.4,55.02,9.78,769.98,3,1017.88,0.72
2022-01-01 06:50:00,Station_3,40.091442303853185,-97.97229117958675,Forest,1.05,51.28,4.47,775.57,10,1004.17,0.67
2022-01-01 06:55:00,Station_3,32.23543716429847,-74.00443383797196,Agricultural,15.85,54.54,3.61,190.46,10,1000.28,0.52
2022-01-01 07:00:00,Station_3,25.113980000239252,-113.03950965794306,Agricultural,8.75,49.14,3.34,408.29,9,997.14,0.13
2022-01-01 07:05:00,Station_3,42.66252979754033,-73.37475166350701,Agricultural,33.74,36.24,13.44,714.57,0,1023.8,0.28
2022-01-01 07:10:00,Station_3,36.18841460051696,-88.69249594647849,Water,2.51,52.45,9.66,405.25,2,1042.14,0.8
2022-01-01 07:15:00,Station_3,43.397405875473346,-63.604868627435664,Water,31.95,55.24,14.18,815.79,5,1044.86,0.62
2022-01-01 07:20:00,Station_3,47.59078610227288,-74.1780437340103,Barren,-5.27,30.55,3.93,396.38,8,1012.55,0.48
2022-01-01 07:25:00,Station_3,34.402855139955996,-109.9927238301488,Water,-5.13,85.97,1.41,274.57,5,1037.87,0.55
2022-01-01 07:30:00,Station_3,28.148007258074994,-103.90470288803722,Forest,15.66,65.89,14.43,870.1,1,993.66,0.83
2022-01-01 07:35:00,Station_3,33.292159417127806,-65.68571436746802,Barren,-4.84,44.62,8.96,528.14,8,1013.34,0.39
2022-01-01 07:40:00,Station_3,47.25212987812314,-124.49557873550192,Agricultural,3.6,36.96,14.4,226.14,9,1004.42,0.48
2022-01-01 07:45:00,Station_3,49.05982629748097,-111.70706467014092,Urban,14.26,89.02,2.24,541.8,4,995.58,0.7
2022-01-01 07:50:00,Station_3,37.65818462478233,-84.04265719151223,Water,34.85,86.83,11.72,531.19,6,1021.93,0.44
2022-01-01 07:55:00,Station_3,43.038745254207896,-64.86716994234186,Barren,30.75,31.3,13.06,325.12,9,1012.94,0.62
2022-01-01 08:00:00,Station_3,43.85213858390736,-82.14932324510907,Agricultural,13.82,65.69,0.65,281.43,3,1014.26,0.54
2022-01-01 08:05:00,Station_3,26.359588065023388,-97.17254154495791,Agricultural,32.37,79.66,1.88,339.58,9,1049.62,0.76
2022-01-01 08:10:00,Station_3,30.35900988705105,-61.55330432724071,Urban,18.4,81.85,8.33,977.75,2,1009.02,0.29
2022-01-01 08:15:00,Station_3,43.612031133952584,-65.33538125517359,Urban,18.12,38.75,9.38,317.6,1,990.97,0.54
2022-01-01 08:20:00,Station_3,36.1172765442661,-107.9872266408703,Agricultural,15.76,86.48,7.26,931.88,10,1028.33,0.23
2022-01-01 08:25:00,Station_3,44.04294715111281,-103.4473604942202,Urban,19.29,76.5,8.18,307.8,7,983.02,0.5
2022-01-01 08:30:00,Station_3,40.769219669133676,-64.94987716672756,Barren,29.31,50.59,11.86,741.25,9,1021.49,0.64
2022-01-01 08:35:00,Station_3,39.43466428413119,-78.43310627076562,Agricultural,-0.44,52.73,12.99,581.77,7,1024.16,0.45
2022-01-01 08:40:00,Station_3,27.82960598642972,-81.9269674147026,Urban,11.98,50.0,11.29,570.68,8,981.71,0.67
2022-01-01 08:45:00,Station_3,47.24298647113169,-71.76210815450978,Barren,5.72,65.99,1.51,955.1,2,1033.1,0.21
2022-01-01 08:50:00,Station_3,46.036270417263836,-81.73324539030219,Water,-5.38,78.17,12.4,108.78,8,1045.55,0.77
2022-01-01 08:55:00,Station_3,25.393903662979607,-90.4954888011694,Barren,26.87,43.53,12.84,361.62,8,1034.19,0.13
2022-01-01 09:00:00,Station_3,38.9230019623941,-91.16550521173741,Forest,29.78,67.83,3.53,848.56,1,1039.82,0.88
2022-01-01 09:05:00,Station_3,47.650019333152486,-86.74659886790118,Barren,-9.7,47.43,1.45,875.45,4,980.5,0.89
2022-01-01 09:10:00,Station_3,42.48372884957381,-84.74767125670073,Water,16.61,80.84,7.89,215.88,6,1044.66,0.51
2022-01-01 09:15:00,Station_3,33.01195847362393,-73.07174245653928,Agricultural,33.51,77.17,2.08,667.2,7,1018.36,0.3
2022-01-01 09:20:00,Station_3,29.662549787664855,-97.91567345846596,Barren,0.66,32.3,2.35,435.05,7,1014.79,0.35
2022-01-01 09:25:00,Station_3,48.592824054611796,-90.94570857421073,Water,30.31,76.09,8.23,933.04,9,1040.99,0.67
2022-01-01 09:30:00,Station_3,40.281633810112666,-62.902636795121104,Agricultural,13.26,42.98,3.82,977.45,8,1006.33,0.85
2022-01-01 09:35:00,Station_3,36.18939648729792,-91.50437712003975,Barren,0.18,73.06,13.88,667.0,3,1021.04,0.31
2022-01-01 09:40:00,Station_3,35.169050342643644,-82.52790204474805,Forest,9.8,79.12,1.96,549.06,10,1023.74,0.55
2022-01-01 09:45:00,Station_3,25.125752988564138,-83.78652463547786,Water,17.18,84.16,5.0,817.44,9,1027.52,0.33
2022-01-01 09:50:00,Station_3,33.40293035427605,-105.41368606128476,Forest,10.39,56.99,10.6,727.53,7,1047.58,0.89
2022-01-01 09:55:00,Station_3,27.28031630567255,-74.8365719164148,Water,-5.88,83.01,8.15,323.33,3,1037.15,0.81
2022-01-01 10:00:00,Station_3,43.49542444528442,-91.60107060805899,Water,20.19,86.78,3.29,873.77,4,1043.18,0.78
2022-01-01 10:05:00,Station_3,28.767836293971012,-119.34916216732412,Water,5.97,70.88,14.96,916.09,4,1022.1,0.21
2022-01-01 10:10:00,Station_3,39.63389785744061,-77.14359812937766,Agricultural,2.85,77.85,7.35,875.63,5,1005.5,0.74
2022-01-01 10:15:00,Station_3,41.92661771381715,-107.06428001906436,Agricultural,10.97,46.72,11.68,419.0,10,1012.87,0.3
2022-01-01 10:20:00,Station_3,36.58916320401865,-95.4436591689848,Agricultural,32.89,84.19,8.67,780.98,8,1004.79,0.18
2022-01-01 10:25:00,Station_3,32.98193977583584,-102.4947632733327,Forest,-8.32,69.16,9.7,166.86,4,1032.34,0.42
2022-01-01 10:30:00,Station_3,36.90917189483151,-82.25022123556215,Water,19.01,88.25,9.24,221.55,2,1044.16,0.74
2022-01-01 10:35:00,Station_3,38.84273631248069,-81.89805793820065,Water,24.61,47.25,6.75,129.56,8,1011.77,0.24
2022-01-01 10:40:00,Station_3,38.73545818020081,-116.29499334040241,Urban,31.15,60.76,4.16,678.09,10,984.34,0.86
2022-01-01 10:45:00,Station_3,43.34747553031937,-83.7727300631357,Water,-3.87,41.92,11.32,374.17,1,1027.0,0.68
2022-01-01 10:50:00,Station_3,38.83292948690867,-96.02983981664448,Forest,19.51,72.52,13.68,923.25,0,983.58,0.47
2022-01-01 10:55:00,Station_3,27.50878903066419,-109.2906157779592,Water,8.98,67.86,14.05,527.7,0,995.42,0.13
2022-01-01 11:00:00,Station_3,42.17735536598303,-105.22968976807098,Forest,32.12,82.79,14.49,738.6,3,990.46,0.78
2022-01-01 11:05:00,Station_3,26.19577365954855,-112.66518966485631,Agricultural,20.96,67.08,13.58,812.41,10,1047.03,0.31
2022-01-01 11:10:00,Station_3,47.78329564930683,-91.18742388588316,Forest,22.46,51.81,11.86,750.53,9,1028.92,0.8
2022-01-01 11:15:00,Station_3,41.16031310582105,-83.65794118515632,Agricultural,29.59,52.33,9.01,760.69,0,1009.46,0.81
2022-01-01 11:20:00,Station_3,33.358426107327304,-119.37217438488331,Agricultural,12.84,45.54,7.07,354.45,10,997.21,0.22
2022-01-01 11:25:00,Station_3,45.40351497794981,-97.57087906193368,Forest,29.31,77.23,10.94,467.74,3,1039.58,0.68
2022-01-01 11:30:00,Station_3,47.049710727013505,-77.10657372964685,Water,22.34,71.87,10.95,920.47,9,1026.34,0.11
2022-01-01 11:35:00,Station_3,35.30230101067477,-68.64782620601372,Water,7.8,70.76,12.71,613.23,3,1040.16,0.37
2022-01-01 11:40:00,Station_3,27.07857885565757,-116.06115835390898,Forest,27.33,70.32,3.16,481.35,10,982.09,0.29
2022-01-01 11:45:00,Station_3,31.593844859289355,-120.28694621134782,Barren,-8.11,33.23,9.3,572.45,2,990.38,0.7
2022-01-01 11:50:00,Station_3,27.95763024404094,-63.07649429073068,Agricultural,-9.09,68.33,3.34,487.48,8,1046.72,0.42
2022-01-01 11:55:00,Station_3,47.580026777125674,-76.3962009774915,Agricultural,10.49,33.59,10.69,664.16,7,1016.53,0.57
2022-01-01 12:00:00,Station_3,35.82822956299798,-67.38240869590814,Barren,26.92,61.67,9.94,335.75,2,1022.39,0.7
2022-01-01 12:05:00,Station_3,28.678558480447787,-73.14172182770885,Urban,8.33,42.7,11.31,573.12,6,999.43,0.24
2022-01-01 12:10:00,Station_3,37.56919995270813,-103.60802262571727,Urban,27.73,82.15,13.26,802.23,10,1001.43,0.51
2022-01-01 12:15:00,Station_3,31.23251732902783,-116.50170189783559,Water,4.8,41.6,6.73,650.53,7,1014.25,0.6
2022-01-01 12:20:00,Station_3,45.61396254416143,-92.1650572952968,Water,-4.53,40.45,3.45,354.24,7,1041.66,0.37
2022-01-01 12:25:00,Station_3,35.04786943512128,-83.53703483905284,Agricultural,21.86,52.69,0.49,832.46,2,1012.16,0.1
2022-01-01 12:30:00,Station_3,33.343711678464466,-118.57664456381848,Urban,14.59,56.08,11.58,739.06,8,1026.96,0.78
2022-01-01 12:35:00,Station_3,46.980380790317355,-105.56852991509861,Agricultural,25.59,81.72,1.58,343.94,3,1018.29,0.4
2022-01-01 12:40:00,Station_3,32.94109367215975,-75.90199046019916,Barren,18.91,36.94,4.2,210.62,0,982.5,0.36
2022-01-01 12:45:00,Station_3,46.498338209418066,-73.86965243168689,Forest,23.8,67.39,2.18,512.57,3,982.26,0.73
2022-01-01 12:50:00,Station_3,32.10851521002543,-98.3775925909132,Barren,28.27,41.28,13.81,206.26,10,1049.96,0.8
2022-01-01 12:55:00,Station_3,40.92529243130011,-97.38234295427904,Forest,0.2,57.86,4.0,232.27,9,987.83,0.55
2022-01-01 13:00:00,Station_3,41.56053006247106,-122.59563846516127,Barren,4.77,79.2,4.96,301.38,8,990.61,0.38
2022-01-01 13:05:00,Station_3,25.05056332042029,-73.92266011254178,Barren,29.45,47.85,6.64,744.61,8,1030.75,0.31
2022-01-01 13:10:00,Station_3,49.81772150560515,-87.3883741426217,Barren,-9.74,34.25,8.28,691.76,7,1039.65,0.67
2022-01-01 13:15:00,Station_3,48.08506690342719,-124.74276689695002,Urban,19.13,43.49,3.94,268.4,0,1007.41,0.11
2022-01-01 13:20:00,Station_3,37.711320210938794,-65.58567841796432,Barren,14.43,74.9,3.02,644.61,3,1014.18,0.55
2022-01-01 13:25:00,Station_3,25.988535304951217,-102.88343492362773,Water,30.06,62.17,7.9,141.28,10,1024.5,0.31
2022-01-01 13:30:00,Station_3,26.446290513584458,-119.67417917507007,Urban,18.97,37.51,9.12,697.01,4,1018.22,0.3
2022-01-01 13:35:00,Station_3,37.41348760265967,-84.57873677473536,Urban,4.84,53.05,12.05,802.3,4,1042.22,0.46
2022-01-01 13:40:00,Station_3,30.92181909035135,-61.61493127679097,Barren,14.39,49.59,5.73,274.85,9,994.27,0.12
2022-01-01 13:45:00,Station_3,47.807888467159636,-119.23628907297841,Forest,30.28,81.71,5.45,877.67,9,1027.06,0.88
2022-01-01 13:50:00,Station_3,29.93622370521986,-86.67198995215625,Forest,16.97,87.21,3.39,120.75,1,983.95,0.29
2022-01-01 13:55:00,Station_3,45.54177220622623,-77.17566536645626,Urban,0.9,34.26,9.27,604.61,8,986.75,0.55
2022-01-01 14:00:00,Station_3,40.89391995792692,-87.04980723259246,Water,5.05,61.31,14.6,216.94,1,993.85,0.47
2022-01-01 14:05:00,Station_3,38.15054118170947,-78.21628932504399,Forest,25.14,30.44,1.68,351.65,8,1000.03,0.26
2022-01-01 14:10:00,Station_3,27.03174482371403,-84.67569766033282,Barren,7.91,63.37,4.76,679.17,4,1002.08,0.27
2022-01-01 14:15:00,Station_3,31.065543793320682,-92.69993285758355,Water,-4.92,89.57,12.62,669.89,1,1001.55,0.75
2022-01-01 14:20:00,Station_3,30.148719237300092,-88.09137363385771,Forest,1.24,56.21,1.18,554.36,0,1020.22,0.44
2022-01-01 14:25:00,Station_3,33.81588100547414,-93.67379490062403,Agricultural,1.02,63.82,13.53,487.04,2,1043.97,0.64
2022-01-01 14:30:00,Station_3,46.562049318269594,-66.56854867118102,Water,-4.77,30.53,7.15,604.14,9,987.5,0.88
2022-01-01 14:35:00,Station_3,28.616620076092516,-106.17178475134904,Barren,24.26,78.87,6.86,757.71,0,990.23,0.9
2022-01-01 14:40:00,Station_3,29.639551769696645,-81.77548287663134,Agricultural,30.78,86.84,13.02,984.99,7,1046.65,0.54
2022-01-01 14:45:00,Station_3,45.457844464467215,-85.8128576920287,Barren,-6.33,46.53,11.77,813.27,8,992.89,0.1
2022-01-01 14:50:00,Station_3,45.10610272178299,-98.48946923781364,Urban,34.49,40.04,2.33,559.17,6,989.98,0.8
2022-01-01 14:55:00,Station_3,29.543230472435994,-62.865798887304685,Agricultural,24.56,84.66,3.72,408.35,10,1014.48,0.43
2022-01-01 15:00:00,Station_3,32.270139981559886,-112.90241124282194,Agricultural,1.03,74.13,13.06,593.19,10,1010.05,0.66
2022-01-01 15:05:00,Station_3,27.1726433457092,-73.1641200925577,Urban,31.79,66.77,10.78,152.54,5,990.29,0.59
2022-01-01 15:10:00,Station_3,33.40203557149335,-86.67074675792304,Forest,34.56,86.04,10.22,253.24,2,1011.8,0.63
2022-01-01 15:15:00,Station_3,42.48403949540392,-109.9125051908305,Water,31.08,63.43,2.39,215.09,8,1022.54,0.56
2022-01-01 15:20:00,Station_3,40.20815258172651,-77.05067872854084,Water,17.06,64.09,13.4,716.46,4,1005.17,0.83
2022-01-01 15:25:00,Station_3,49.94113368501451,-76.8155166042077,Barren,33.04,66.63,12.01,605.08,8,1031.9,0.44
2022-01-01 15:30:00,Station_3,49.1183921305998,-67.10347697235628,Agricultural,30.03,77.83,12.7,377.17,6,1025.01,0.69
2022-01-01 15:35:00,Station_3,40.697168564788655,-69.45787156175902,Urban,-9.81,36.26,5.97,382.96,4,1002.1,0.71
2022-01-01 15:40:00,Station_3,40.92568661076829,-65.28185718449258,Agricultural,27.28,39.8,5.27,673.09,4,1031.6,0.46
2022-01-01 15:45:00,Station_3,42.50452749276802,-95.1974286648821,Barren,-8.99,57.24,9.97,161.0,2,1043.86,0.59
2022-01-01 15:50:00,Station_3,42.76428931742984,-93.76226976070163,Forest,14.25,41.55,5.16,642.55,8,1038.08,0.33
2022-01-01 15:55:00,Station_3,36.494521243400236,-90.84121909150137,Barren,14.78,70.83,9.83,203.61,10,1029.4,0.56
2022-01-01 16:00:00,Station_3,43.92912395962692,-91.81885462174125,Water,22.75,38.87,6.66,694.56,9,1004.58,0.36
2022-01-01 16:05:00,Station_3,36.150151301675585,-118.92502874318835,Urban,16.09,66.06,8.33,361.56,3,986.74,0.24
2022-01-01 16:10:00,Station_3,32.420897511652896,-124.301732032668,Forest,25.41,46.21,0.41,863.32,6,982.47,0.13
2022-01-01 16:15:00,Station_3,42.23052309558704,-63.0087409320772,Forest,0.93,80.46,11.3,474.18,8,1011.27,0.52
2022-01-01 16:20:00,Station_3,43.31106771463912,-72.2439437573798,Forest,30.77,33.98,2.11,674.29,1,1028.66,0.71
2022-01-01 16:25:00,Station_3,35.98455280984684,-72.43937468732122,Urban,21.24,65.95,13.75,569.36,8,989.52,0.4
2022-01-01 16:30:00,Station_3,25.826482651880546,-93.9675418548864,Urban,-3.51,62.63,6.88,175.5,10,981.73,0.67
2022-01-01 16:35:00,Station_3,48.184056423805174,-60.16234999552074,Water,25.12,40.89,3.99,597.77,5,1010.15,0.48
2022-01-01 16:40:00,Station_3,46.157511748755894,-108.91239618012096,Water,25.98,63.51,12.07,998.56,3,1031.55,0.2
2022-01-01 16:45:00,Station_3,26.325255263211947,-120.51101900362086,Water,9.59,60.02,2.71,726.51,4,1027.91,0.3
2022-01-01 16:50:00,Station_3,43.167751999502805,-62.570591462798994,Water,31.23,71.1,8.78,198.75,9,1022.84,0.27
2022-01-01 16:55:00,Station_3,42.775938528962584,-118.89110685162044,Agricultural,7.39,69.89,9.08,859.41,7,1040.19,0.56
2022-01-01 17:00:00,Station_3,40.492674014207665,-117.45902031658984,Agricultural,11.3,34.75,13.45,558.96,0,1034.73,0.37
2022-01-01 17:05:00,Station_3,37.240443872536694,-94.06066107081375,Agricultural,24.77,85.02,4.24,159.35,0,1036.28,0.22
2022-01-01 17:10:00,Station_3,49.74696840639224,-77.1149246664198,Forest,-4.66,60.6,9.56,323.6,8,1001.2,0.44
2022-01-01 17:15:00,Station_3,35.94728557197944,-68.61074638044305,Agricultural,20.81,43.69,10.18,845.52,3,1030.85,0.4
2022-01-01 17:20:00,Station_3,46.97738953276957,-88.5715399955074,Urban,14.35,89.49,8.85,282.39,7,1006.87,0.68
2022-01-01 17:25:00,Station_3,43.02332406771349,-65.9964862140367,Barren,0.7,63.19,6.66,284.15,9,1044.4,0.19
2022-01-01 17:30:00,Station_3,43.548903889560485,-95.62544397282431,Agricultural,17.64,59.83,4.82,157.33,9,1012.82,0.19
2022-01-01 17:35:00,Station_3,25.63543655923328,-124.1620461825804,Urban,27.24,30.47,12.64,601.71,8,1021.58,0.87
2022-01-01 17:40:00,Station_3,25.255137566728873,-96.70556304501848,Forest,5.46,83.98,5.28,602.7,9,1000.28,0.35
2022-01-01 17:45:00,Station_3,34.77844736991497,-74.80460027940464,Barren,33.52,60.41,5.81,472.14,7,980.41,0.64
2022-01-01 17:50:00,Station_3,28.294142122530896,-74.73909486100008,Water,31.8,73.31,1.7,228.85,4,1032.19,0.31
2022-01-01 17:55:00,Station_3,30.149392712225385,-94.95953760771799,Agricultural,-3.2,35.32,13.52,480.79,1,1036.47,0.6
2022-01-01 18:00:00,Station_3,37.26077730450624,-71.60576138879219,Barren,-8.0,66.08,13.0,193.01,3,1048.22,0.24
2022-01-01 18:05:00,Station_3,36.85209069057438,-60.89305359255238,Water,19.12,30.9,6.88,627.09,6,1012.09,0.54
2022-01-01 18:10:00,Station_3,47.54901622365858,-70.68733004704538,Forest,-4.68,34.47,13.86,347.43,5,1011.31,0.32
2022-01-01 18:15:00,Station_3,39.55012535482163,-78.13986643138759,Agricultural,32.16,62.08,11.86,885.96,6,1044.57,0.7
2022-01-01 18:20:00,Station_3,48.959741825809246,-89.58538548452219,Agricultural,17.64,36.37,4.47,711.71,10,1028.07,0.5
2022-01-01 18:25:00,Station_3,37.745547508481884,-98.20762113675781,Forest,19.33,86.4,7.32,978.4,3,1005.01,0.6
2022-01-01 18:30:00,Station_3,35.39508302292736,-92.39900506511249,Forest,34.61,49.55,13.82,721.72,10,1030.35,0.74
2022-01-01 18:35:00,Station_3,45.039052242476984,-124.72911359167594,Barren,25.14,67.46,0.2,814.73,9,989.93,0.47
2022-01-01 18:40:00,Station_3,49.19775336193884,-122.16163557503872,Agricultural,-4.16,35.07,13.35,803.18,6,996.62,0.39
2022-01-01 18:45:00,Station_3,41.15624392025211,-119.02277766667048,Forest,19.57,31.74,1.49,772.32,8,1019.3,0.46
2022-01-01 18:50:00,Station_3,36.097711681021906,-122.53371300723354,Barren,23.24,47.71,5.27,935.94,1,1032.12,0.62
2022-01-01 18:55:00,Station_3,40.94106015626434,-106.47761912621229,Agricultural,32.46,61.93,11.88,556.59,8,1027.56,0.57
2022-01-01 19:00:00,Station_3,29.531858043217536,-114.48554850151933,Barren,29.09,75.39,1.17,532.49,2,1036.7,0.48
2022-01-01 19:05:00,Station_3,47.47879888339798,-105.86292923083829,Urban,31.2,70.29,4.94,211.36,0,1001.01,0.31
2022-01-01 19:10:00,Station_3,32.83019366028379,-87.68054547559566,Forest,6.47,80.34,0.44,269.57,10,983.69,0.54
2022-01-01 19:15:00,Station_3,44.391194828840966,-76.71167935646622,Agricultural,33.94,79.01,7.66,316.77,1,1019.13,0.15
2022-01-01 19:20:00,Station_3,46.4180044926609,-95.46218679819958,Barren,-4.55,60.83,6.5,621.6,5,991.94,0.3
2022-01-01 19:25:00,Station_3,26.68276096465015,-118.93716138590239,Water,29.57,71.38,12.03,289.44,5,994.99,0.87
2022-01-01 19:30:00,Station_3,42.985016729410376,-89.22859923770419,Forest,34.49,64.96,6.13,929.46,10,1049.28,0.71
2022-01-01 19:35:00,Station_3,49.08277490126335,-116.87055641712773,Barren,-4.1,32.06,1.43,804.78,6,1005.0,0.7
2022-01-01 19:40:00,Station_3,41.32415592013649,-82.38317026112261,Water,-6.39,76.87,9.68,922.85,9,1048.9,0.75
2022-01-01 19:45:00,Station_3,27.662245626538777,-113.38581709671993,Water,23.69,32.76,10.71,477.62,2,981.01,0.6
2022-01-01 19:50:00,Station_3,47.6528087574625,-105.6420792603028,Water,8.88,70.6,3.95,154.8,10,1032.91,0.88
2022-01-01 19:55:00,Station_3,38.63433788791819,-73.86463342297296,Agricultural,7.71,70.83,14.56,572.63,7,1038.7,0.75
2022-01-01 20:00:00,Station_3,34.70458725449879,-76.2906521283938,Urban,13.82,41.77,7.33,756.43,2,1005.83,0.81
2022-01-01 20:05:00,Station_3,26.594115591370855,-102.98497860167456,Barren,-8.9,70.76,0.37,422.2,10,1019.03,0.42
2022-01-01 20:10:00,Station_3,40.947995510097236,-89.16894332207885,Urban,17.63,75.68,6.2,107.02,2,1024.89,0.65
2022-01-01 20:15:00,Station_3,28.65353074664356,-112.38123291864392,Water,9.61,66.61,5.59,268.47,3,1015.6,0.59
2022-01-01 20:20:00,Station_3,27.966126175036447,-84.19907544345949,Agricultural,-4.61,73.37,9.75,210.08,10,1044.89,0.15
2022-01-01 20:25:00,Station_3,41.04058303525537,-101.10000400875046,Water,17.25,72.79,4.05,177.86,0,1030.33,0.29
2022-01-01 20:30:00,Station_3,45.41657345280607,-102.6641793103731,Forest,-2.78,45.9,13.0,550.54,10,1024.5,0.77
2022-01-01 20:35:00,Station_3,43.55703214668623,-65.01258341271814,Barren,8.8,38.7,3.06,605.74,10,1027.19,0.9
2022-01-01 20:40:00,Station_3,34.985928569519594,-89.86150022647695,Agricultural,-3.27,41.97,3.37,912.13,4,1011.19,0.8
2022-01-01 20:45:00,Station_3,31.05580468996595,-103.90863922307972,Urban,25.33,58.26,2.51,805.2,0,1031.78,0.39
2022-01-01 20:50:00,Station_3,38.27839307103758,-83.23401516128986,Urban,8.57,39.78,11.65,846.79,5,987.53,0.1
2022-01-01 20:55:00,Station_3,42.10799122393438,-75.76167240200294,Urban,25.08,77.6,14.08,429.28,2,1018.9,0.49
2022-01-01 21:00:00,Station_3,48.68582014552838,-84.09474894751708,Urban,19.8,38.89,2.6,188.46,7,1042.71,0.46
2022-01-01 21:05:00,Station_3,39.694155562778434,-79.32627118603531,Forest,-0.6,75.81,0.65,531.63,4,1030.49,0.69
2022-01-01 21:10:00,Station_3,49.3202401224315,-98.51083097938607,Agricultural,4.44,71.51,11.23,848.34,4,1026.72,0.28
2022-01-01 21:15:00,Station_3,32.48085387431192,-67.84601853746409,Urban,28.21,72.1,14.67,551.77,0,991.37,0.52
2022-01-01 21:20:00,Station_3,42.0722916257518,-123.36579494550531,Urban,3.62,44.64,0.73,278.6,1,1022.63,0.48
2022-01-01 21:25:00,Station_3,49.93719981225246,-84.99151639197095,Barren,26.04,65.14,8.17,684.67,6,1026.65,0.69
2022-01-01 21:30:00,Station_3,32.20112221896636,-119.71382924857393,Water,-9.66,83.27,1.77,604.89,10,993.85,0.8
2022-01-01 21:35:00,Station_3,30.566989260421348,-91.70633172921993,Urban,-2.39,32.14,10.73,933.86,8,1032.25,0.57
2022-01-01 21:40:00,Station_3,29.70572597638185,-110.9450176743882,Urban,31.02,31.38,11.13,664.97,10,1025.35,0.6
2022-01-01 21:45:00,Station_3,26.391627567079297,-78.94889575691798,Barren,32.12,61.66,13.85,176.21,0,987.81,0.53
2022-01-01 21:50:00,Station_3,38.715063941210424,-63.258853938211296,Forest,3.65,81.53,11.05,772.95,1,1014.17,0.57
2022-01-01 21:55:00,Station_3,25.28802503036749,-122.5904559640684,Water,-5.84,61.7,6.1,924.67,7,1024.28,0.33
2022-01-01 22:00:00,Station_3,48.547885855299185,-96.84504125233633,Barren,32.32,37.0,8.06,858.51,8,1047.44,0.53
2022-01-01 22:05:00,Station_3,40.68449977276267,-70.00923681450712,Water,24.34,66.55,14.15,446.88,3,1042.68,0.49
2022-01-01 22:10:00,Station_3,25.797279309757137,-77.68441368411419,Forest,22.08,89.28,8.14,190.71,0,990.1,0.74
2022-01-01 22:15:00,Station_3,41.18346514831979,-124.6397142608216,Barren,-9.5,54.63,1.98,163.62,1,1027.03,0.49
2022-01-01 22:20:00,Station_3,28.672642680302026,-84.51139269539483,Forest,23.99,66.32,6.21,554.82,2,1015.11,0.68
2022-01-01 22:25:00,Station_3,36.724205421955666,-77.8028401368971,Barren,27.38,45.79,11.84,866.25,8,1028.43,0.51
2022-01-01 22:30:00,Station_3,39.88001420809172,-105.9735320250411,Urban,26.72,60.46,2.28,806.88,10,1037.38,0.42
2022-01-01 22:35:00,Station_3,25.122606016986406,-120.54722489482153,Forest,6.1,62.07,4.99,985.34,9,1021.38,0.59
2022-01-01 22:40:00,Station_3,25.66498459513065,-120.68408310819804,Barren,31.1,73.39,9.32,903.35,3,996.01,0.78
2022-01-01 22:45:00,Station_3,45.66042721094371,-87.12979466741257,Forest,5.85,76.44,1.1,403.47,3,1004.34,0.26
2022-01-01 22:50:00,Station_3,26.971705377536615,-83.86620467576066,Agricultural,-5.93,35.87,8.34,627.64,8,1028.06,0.57
2022-01-01 22:55:00,Station_3,33.67723592969208,-91.6062978265546,Agricultural,30.22,63.63,10.89,430.84,5,999.42,0.78
2022-01-01 23:00:00,Station_3,49.5938931036707,-109.75296779496452,Agricultural,27.62,89.31,10.77,133.99,7,1047.1,0.84
2022-01-01 23:05:00,Station_3,31.145932997482348,-83.873378427901,Barren,28.01,33.8,6.07,435.07,8,1038.5,0.26
2022-01-01 23:10:00,Station_3,34.81126206937536,-63.953515599972974,Urban,-8.37,76.46,5.16,410.95,9,1021.0,0.21
2022-01-01 23:15:00,Station_3,27.64154588995871,-112.91021466977715,Water,-7.79,36.35,8.14,311.24,4,984.97,0.45
2022-01-01 23:20:00,Station_3,46.39063105614916,-105.10917005488429,Water,27.15,53.22,9.31,550.8,7,1034.85,0.37
2022-01-01 23:25:00,Station_3,36.09831689453639,-90.16762216955647,Agricultural,15.51,60.68,8.11,532.32,3,1049.15,0.81
2022-01-01 23:30:00,Station_3,37.55759033005682,-124.52164572198451,Forest,11.86,74.1,10.35,621.23,10,1030.34,0.76
2022-01-01 23:35:00,Station_3,48.10922944254581,-118.8218913725561,Barren,29.26,48.12,12.67,182.63,2,1047.32,0.79
2022-01-01 23:40:00,Station_3,34.14738893649895,-102.85371079989758,Water,6.6,89.72,14.22,643.07,9,990.61,0.54
2022-01-01 23:45:00,Station_3,27.337740708458266,-73.35350640819885,Urban,-7.93,88.77,3.3,263.45,1,1029.98,0.51
2022-01-01 23:50:00,Station_3,45.05747045190478,-96.76736641332788,Water,8.82,43.73,9.88,722.18,9,988.36,0.71
2022-01-01 23:55:00,Station_3,30.48543486130599,-111.02710477140035,Forest,29.94,51.84,4.66,170.19,8,988.12,0.28
2022-01-01 00:00:00,Station_4,29.60015609823852,-121.95394985102769,Water,33.58,60.31,4.77,682.67,6,1007.22,0.21
2022-01-01 00:05:00,Station_4,33.17817905813034,-85.84979112285465,Barren,14.89,69.2,2.53,428.03,8,1000.45,0.78
2022-01-01 00:10:00,Station_4,40.292953909334784,-109.54152167568742,Agricultural,28.08,41.59,12.15,180.16,8,1039.51,0.13
2022-01-01 00:15:00,Station_4,47.19986857372224,-68.6929627976302,Water,26.48,80.5,7.81,117.57,4,1048.18,0.59
2022-01-01 00:20:00,Station_4,30.959552730249815,-123.36030899996413,Water,32.95,40.11,12.31,408.11,5,1037.99,0.66
2022-01-01 00:25:00,Station_4,36.11079687384184,-78.0502272570325,Urban,19.74,73.81,3.47,832.92,3,1000.24,0.73
2022-01-01 00:30:00,Station_4,39.52904879745406,-113.70233681667493,Barren,1.91,45.03,2.72,844.03,6,1030.96,0.59
2022-01-01 00:35:00,Station_4,31.2465019276998,-119.82992980823298,Urban,27.36,68.55,7.58,775.21,9,980.13,0.16
2022-01-01 00:40:00,Station_4,49.47708593796304,-104.27669644231926,Barren,18.54,83.78,4.71,578.63,8,1011.94,0.24
2022-01-01 00:45:00,Station_4,46.67396870285613,-91.15740783774848,Urban,6.0,61.88,2.51,732.07,0,1026.52,0.14
2022-01-01 00:50:00,Station_4,36.27985622057066,-64.05044547756192,Forest,-0.68,81.3,0.79,118.19,10,1007.61,0.84
2022-01-01 00:55:00,Station_4,43.713050516657866,-78.23421207891391,Forest,19.97,54.96,11.36,545.86,1,1017.66,0.29
2022-01-01 01:00:00,Station_4,32.23519941251882,-124.684612845803,Agricultural,-6.86,49.15,4.91,192.61,5,995.43,0.33
2022-01-01 01:05:00,Station_4,42.4540147503771,-93.64719749797763,Barren,24.64,60.3,0.44,517.12,6,1012.67,0.35
2022-01-01 01:10:00,Station_4,29.48369952181882,-63.33132552740947,Urban,21.96,44.93,13.82,944.97,4,980.47,0.81
2022-01-01 01:15:00,Station_4,30.603489269156846,-70.46803323433733,Forest,20.19,55.35,13.95,426.93,4,1030.33,0.3
2022-01-01 01:20:00,Station_4,28.733621232426312,-101.09646384643369,Barren,10.5,75.81,7.61,211.74,7,1021.38,0.36
2022-01-01 01:25:00,Station_4,36.6986425894753,-79.87394877916509,Barren,-0.21,35.95,7.6,970.45,6,1041.99,0.31
2022-01-01 01:30:00,Station_4,38.112245792832574,-74.81393261259532,Agricultural,28.65,83.1,8.37,821.19,10,1043.99,0.23
2022-01-01 01:35:00,Station_4,29.62307955719585,-82.20722473188536,Agricultural,20.41,56.14,2.25,262.88,3,995.42,0.4
2022-01-01 01:40:00,Station_4,41.75182649612946,-73.69670747446932,Agricultural,-0.66,53.43,11.63,495.14,10,1002.65,0.21
2022-01-01 01:45:00,Station_4,30.361628866819444,-82.12037501901604,Forest,12.8,66.87,11.57,897.82,8,999.5,0.68
2022-01-01 01:50:00,Station_4,26.81384613322529,-113.21049246825069,Barren,-6.7,56.78,13.56,641.28,7,1035.03,0.44
2022-01-01 01:55:00,Station_4,41.637302656759076,-121.12771314749992,Water,26.1,37.34,7.89,951.25,8,1008.87,0.58
2022-01-01 02:00:00,Station_4,39.53790612305056,-92.79762798524138,Water,8.03,39.68,1.52,734.29,5,1028.49,0.1
2022-01-01 02:05:00,Station_4,37.99259671253209,-98.71594181582569,Barren,3.92,53.67,4.89,877.27,8,991.15,0.61
2022-01-01 02:10:00,Station_4,41.42639540619646,-108.76255763096823,Urban,4.1,38.45,12.2,200.68,1,1021.82,0.87
2022-01-01 02:15:00,Station_4,31.718600597014593,-101.50907562504882,Barren,-3.07,74.85,12.26,976.84,6,1008.85,0.25
2022-01-01 02:20:00,Station_4,49.66841737879513,-98.14439882576985,Water,9.99,51.99,1.24,456.61,6,1014.67,0.46
2022-01-01 02:25:00,Station_4,47.33992673627501,-98.79679349837427,Urban,27.41,63.0,9.74,176.23,1,1027.33,0.89
2022-01-01 02:30:00,Station_4,32.21323347407709,-67.45398405651366,Water,13.5,50.08,6.18,960.05,4,1021.43,0.14
2022-01-01 02:35:00,Station_4,35.58842893579853,-119.71030152669667,Urban,5.02,42.76,9.34,984.68,10,1011.01,0.69
2022-01-01 02:40:00,Station_4,25.94884322094004,-99.58989992074419,Urban,32.96,52.15,1.21,736.75,2,990.87,0.36
2022-01-01 02:45:00,Station_4,49.67043105409326,-114.64453907000764,Urban,2.34,58.85,12.73,314.18,10,985.63,0.81
2022-01-01 02:50:00,Station_4,27.881857228613356,-92.43826558755141,Urban,1.17,77.87,7.77,259.38,2,988.04,0.74
2022-01-01 02:55:00,Station_4,31.37911136950124,-90.22850876867065,Forest,25.66,54.03,4.14,905.55,2,1003.01,0.85
2022-01-01 03:00:00,Station_4,39.73838311095998,-111.41733574855351,Agricultural,-9.1,41.69,14.5,681.87,0,990.75,0.36
2022-01-01 03:05:00,Station_4,43.97758595987308,-78.8688871003786,Agricultural,31.39,50.37,2.31,143.18,7,1017.38,0.36
2022-01-01 03:10:00,Station_4,29.87689960733079,-115.5058145077796,Agricultural,14.6,57.34,4.03,700.25,8,1028.93,0.59
2022-01-01 03:15:00,Station_4,27.983234801374852,-75.06048843259913,Urban,8.19,52.04,9.89,216.92,4,990.81,0.59
2022-01-01 03:20:00,Station_4,39.39763443914887,-108.40220533533423,Urban,7.6,46.59,0.85,961.37,8,1033.69,0.44
2022-01-01 03:25:00,Station_4,41.053553675032575,-89.0143937804898,Barren,16.98,44.83,9.07,443.45,5,992.42,0.56
2022-01-01 03:30:00,Station_4,29.76299258556012,-120.66201270421114,Urban,-1.61,57.15,7.12,795.11,0,1040.24,0.4
2022-01-01 03:35:00,Station_4,46.846441595438115,-72.71696756995284,Water,10.0,61.44,3.59,266.22,9,1001.05,0.19
2022-01-01 03:40:00,Station_4,26.454609145158418,-95.01444913736972,Barren,-1.99,66.0,1.08,481.92,3,1002.91,0.6
2022-01-01 03:45:00,Station_4,26.91609435375517,-97.82414760580671,Urban,25.98,82.07,5.86,547.69,1,988.39,0.1
2022-01-01 03:50:00,Station_4,35.48340265104672,-89.5673902051391,Urban,34.82,52.03,0.82,710.15,9,1026.06,0.23
2022-01-01 03:55:00,Station_4,49.53472882420073,-105.8059840458449,Water,-5.38,70.81,10.89,904.92,1,1035.78,0.25
2022-01-01 04:00:00,Station_4,49.06704813849359,-122.1585059077429,Urban,23.12,33.28,14.41,113.76,1,1022.73,0.37
2022-01-01 04:05:00,Station_4,40.17562550698324,-60.99842449817902,Agricultural,0.72,56.73,0.02,370.12,2,1015.8,0.53
2022-01-01 04:10:00,Station_4,48.418468310486745,-88.1787483014985,Barren,18.32,73.79,9.76,965.79,1,1038.87,0.5
2022-01-01 04:15:00,Station_4,41.356829936650556,-91.41433766768509,Agricultural,24.09,85.93,3.33,382.45,2,1027.27,0.29
2022-01-01 04:20:00,Station_4,40.986006075633235,-88.08652009674773,Agricultural,27.18,55.4,12.55,774.41,8,986.54,0.42
2022-01-01 04:25:00,Station_4,31.849503220805914,-122.52894866214854,Water,3.4,33.86,10.53,425.47,5,1043.27,0.25
2022-01-01 04:30:00,Station_4,49.20160884236257,-72.23090548899148,Barren,23.19,53.03,0.9,901.89,4,1023.23,0.49
2022-01-01 04:35:00,Station_4,42.37860704605735,-105.20069785399316,Forest,6.73,71.34,1.19,345.58,6,1036.5,0.67
2022-01-01 04:40:00,Station_4,38.50496463958059,-64.35495590887888,Urban,-8.12,74.34,13.73,103.77,10,1048.47,0.76
2022-01-01 04:45:00,Station_4,47.6533026947413,-69.21870440486151,Water,-2.91,89.38,5.51,771.19,5,1044.64,0.89
2022-01-01 04:50:00,Station_4,38.86595606509124,-69.25649252565913,Urban,25.68,48.35,14.64,922.63,7,996.95,0.55
2022-01-01 04:55:00,Station_4,48.49445221783459,-75.31616987810128,Barren,16.08,55.83,5.03,420.64,9,1019.34,0.49
2022-01-01 05:00:00,Station_4,25.777907225486643,-63.968207243688255,Urban,12.77,39.29,4.26,340.82,1,1047.13,0.45
2022-01-01 05:05:00,Station_4,46.1706545686891,-120.85992405352604,Water,0.83,87.67,4.22,644.17,5,1009.06,0.64
2022-01-01 05:10:00,Station_4,34.11151434349516,-99.83967482812017,Agricultural,9.41,81.17,0.87,718.06,10,1046.71,0.42
2022-01-01 05:15:00,Station_4,43.41758914064525,-62.80831430552574,Forest,6.74,43.65,8.05,561.85,0,993.49,0.48
2022-01-01 05:20:00,Station_4,30.93409619350038,-89.85711623670298,Water,13.51,69.7,5.74,109.2,4,1029.24,0.29
2022-01-01 05:25:00,Station_4,45.7154969755243,-104.18240121811566,Urban,30.51,65.26,5.93,415.04,0,1010.4,0.39
2022-01-01 05:30:00,Station_4,34.57215057414354,-96.42539277719563,Forest,34.38,50.3,5.83,626.15,6,1008.83,0.62
2022-01-01 05:35:00,Station_4,48.51467637262535,-117.3417939086845,Urban,-1.23,31.18,6.9,403.34,7,1025.33,0.15
2022-01-01 05:40:00,Station_4,47.46140878448328,-73.54534716126828,Barren,10.44,30.6,9.19,583.95,8,1017.05,0.42
2022-01-01 05:45:00,Station_4,30.926926446209563,-69.51911949808138,Barren,25.69,47.39,2.18,326.06,10,1015.11,0.86
2022-01-01 05:50:00,Station_4,32.4901038620519,-64.38049806160154,Forest,32.98,52.41,10.32,532.99,0,1038.79,0.3
2022-01-01 05:55:00,Station_4,35.583723984775744,-93.85888562837799,Water,3.25,86.15,8.08,914.71,8,1017.69,0.5
2022-01-01 06:00:00,Station_4,34.551597280789736,-91.78405044586654,Forest,19.18,50.24,5.46,328.78,4,1033.89,0.75
2022-01-01 06:05:00,Station_4,39.47223577927722,-60.444075124895534,Urban,15.47,38.37,11.65,878.45,0,1027.41,0.13
2022-01-01 06:10:00,Station_4,25.91790681392302,-62.4688745919528,Urban,0.08,53.14,0.14,280.04,2,1048.63,0.71
2022-01-01 06:15:00,Station_4,43.67122066691451,-70.0762379388519,Agricultural,-6.79,48.13,8.25,368.31,7,1008.78,0.25
2022-01-01 06:20:00,Station_4,34.85231374436453,-75.35137208455475,Water,-1.89,52.29,13.08,836.61,9,1001.06,0.43
2022-01-01 06:25:00,Station_4,43.093051391765016,-77.06755900680551,Water,-1.25,77.6,12.84,798.96,10,1004.43,0.16
2022-01-01 06:30:00,Station_4,40.7823195897538,-97.78445505223158,Water,-5.27,80.71,3.18,752.81,6,1030.62,0.23
2022-01-01 06:35:00,Station_4,32.268342531372625,-84.4594924350022,Urban,24.27,40.9,7.03,834.03,9,1006.66,0.12
2022-01-01 06:40:00,Station_4,46.176185602750174,-112.66779867653919,Forest,10.8,85.77,12.11,441.84,1,1024.25,0.34
2022-01-01 06:45:00,Station_4,25.841794071035633,-99.85650707377968,Barren,-7.01,39.89,2.0,361.5,6,1004.49,0.86
2022-01-01 06:50:00,Station_4,30.65410186721707,-118.08992290408347,Barren,30.3,45.96,7.13,323.28,10,988.82,0.82
2022-01-01 06:55:00,Station_4,41.50199117557061,-76.54798450403494,Urban,3.37,88.99,6.45,479.59,9,1023.65,0.7
2022-01-01 07:00:00,Station_4,37.83026050555942,-70.8186027107055,Urban,13.57,35.24,12.24,958.63,10,1001.59,0.43
2022-01-01 07:05:00,Station_4,43.417898430005444,-121.49658031082492,Water,23.07,48.84,7.23,213.57,2,1034.42,0.2
2022-01-01 07:10:00,Station_4,31.38400505641893,-84.44883793342498,Forest,1.69,30.66,3.56,172.24,2,1004.82,0.11
2022-01-01 07:15:00,Station_4,40.010140304523446,-117.81936656049896,Urban,3.7,39.15,6.48,460.36,7,985.23,0.51
2022-01-01 07:20:00,Station_4,27.83239593039922,-75.99961001384108,Agricultural,7.03,85.73,6.75,889.46,7,1048.35,0.54
2022-01-01 07:25:00,Station_4,27.03348487920632,-70.11929521327414,Urban,16.25,44.87,7.84,305.19,1,1044.77,0.71
2022-01-01 07:30:00,Station_4,35.54361628732751,-76.41745081264247,Agricultural,-8.44,30.81,4.58,208.04,0,1037.17,0.37
2022-01-01 07:35:00,Station_4,47.62942835744532,-64.97661575312347,Forest,16.38,71.77,4.04,665.15,5,1034.01,0.63
2022-01-01 07:40:00,Station_4,38.59209768308777,-87.53774622022314,Barren,22.95,75.37,7.61,701.14,10,997.23,0.24
2022-01-01 07:45:00,Station_4,36.086552870674694,-86.29076468619603,Water,16.16,79.1,9.37,755.21,1,1009.68,0.48
2022-01-01 07:50:00,Station_4,49.37955382961745,-123.73929055139232,Water,3.77,50.16,14.47,382.59,4,989.61,0.8
2022-01-01 07:55:00,Station_4,35.578633762013375,-73.2886089104058,Barren,5.04,58.03,13.62,956.62,6,1040.96,0.67
2022-01-01 08:00:00,Station_4,38.859835415226144,-62.03176486841426,Forest,-3.99,35.77,6.23,172.17,3,1045.96,0.44
2022-01-01 08:05:00,Station_4,30.389118942854882,-78.08515150200253,Water,0.87,58.38,6.57,513.38,8,1007.8,0.26
2022-01-01 08:10:00,Station_4,43.71472811554298,-89.22251409534351,Barren,19.76,60.95,11.36,106.53,1,996.93,0.31
2022-01-01 08:15:00,Station_4,33.90003496988575,-93.43819294113739,Water,27.48,50.03,0.98,272.4,2,1028.76,0.42
2022-01-01 08:20:00,Station_4,29.36161017429663,-114.87134599181992,Urban,10.94,41.54,4.62,435.66,7,1018.07,0.51
2022-01-01 08:25:00,Station_4,39.525632963753985,-76.31218265398597,Urban,11.14,42.21,13.52,929.82,10,1022.43,0.57
2022-01-01 08:30:00,Station_4,48.374588949540666,-85.52946164913266,Agricultural,13.55,71.84,3.88,213.38,6,996.25,0.71
2022-01-01 08:35:00,Station_4,27.167168314252926,-64.07315053812533,Urban,-0.17,72.27,12.59,835.72,4,1016.11,0.4
2022-01-01 08:40:00,Station_4,25.163068722767818,-61.78427029357352,Forest,-0.85,85.82,11.59,244.11,9,1011.31,0.16
2022-01-01 08:45:00,Station_4,34.58596912611733,-61.58511340823848,Urban,19.37,87.88,5.03,663.06,1,1047.38,0.64
2022-01-01 08:50:00,Station_4,40.56780489527052,-99.33650007772388,Water,4.83,83.94,11.61,363.3,0,986.11,0.51
2022-01-01 08:55:00,Station_4,38.41893193818747,-106.22631066443194,Agricultural,30.73,51.75,0.57,176.04,0,1039.15,0.84
2022-01-01 09:00:00,Station_4,37.39947582166664,-87.28945241871864,Barren,16.45,84.1,14.86,488.08,5,998.98,0.86
2022-01-01 09:05:00,Station_4,32.41668876468924,-105.0391144982226,Water,13.65,59.49,13.89,605.77,10,1015.91,0.66
2022-01-01 09:10:00,Station_4,46.21456101460636,-108.83118288693665,Forest,31.46,72.81,5.31,174.05,9,1034.15,0.42
2022-01-01 09:15:00,Station_4,33.221676629800115,-82.90461527356469,Water,20.38,69.63,8.53,159.46,2,1011.31,0.46
2022-01-01 09:20:00,Station_4,28.014656206660252,-116.32747762592967,Agricultural,13.68,37.43,13.36,404.18,4,1048.36,0.86
2022-01-01 09:25:00,Station_4,38.47745526631935,-62.5972900730717,Forest,5.61,30.12,4.1,692.02,2,995.83,0.2
2022-01-01 09:30:00,Station_4,33.68470737748417,-82.39440628625205,Barren,16.87,86.41,3.68,974.53,0,1024.65,0.85
2022-01-01 09:35:00,Station_4,40.3102140143569,-118.60208068948889,Urban,28.62,70.72,1.03,770.03,5,988.88,0.17
2022-01-01 09:40:00,Station_4,40.1052614305578,-64.21966053794047,Barren,-9.13,89.95,4.01,794.26,6,1024.09,0.23
2022-01-01 09:45:00,Station_4,41.72793119519714,-95.29455513934387,Barren,10.08,53.72,7.97,610.91,7,999.56,0.57
2022-01-01 09:50:00,Station_4,27.653717015036257,-122.08419331616261,Agricultural,33.02,35.15,9.13,465.61,6,1049.78,0.66
2022-01-01 09:55:00,Station_4,30.427313116340382,-86.71005641030456,Urban,33.46,37.11,5.15,873.89,3,1029.55,0.83
2022-01-01 10:00:00,Station_4,36.318787783288016,-60.35034531807963,Agricultural,21.33,72.65,11.99,685.1,9,1020.07,0.8
2022-01-01 10:05:00,Station_4,48.78096134237452,-117.13808193631523,Forest,26.11,78.27,11.35,363.26,4,985.44,0.55
2022-01-01 10:10:00,Station_4,45.997954807036095,-64.89394750734644,Water,-5.57,63.14,3.41,402.53,7,1016.03,0.18
2022-01-01 10:15:00,Station_4,28.14398465843133,-68.3244001616471,Agricultural,3.98,76.92,13.5,936.5,8,1047.04,0.76
2022-01-01 10:20:00,Station_4,49.120795554321205,-99.21737363892646,Water,4.25,44.25,14.18,974.56,8,992.59,0.32
2022-01-01 10:25:00,Station_4,34.988150797646014,-75.72026489511708,Agricultural,29.42,83.65,4.4,455.73,6,1024.5,0.54
2022-01-01 10:30:00,Station_4,29.91583002881361,-109.57278455262298,Forest,-6.6,75.15,10.03,645.07,8,1008.64,0.46
2022-01-01 10:35:00,Station_4,35.03475190391596,-108.34003634469968,Barren,3.65,58.43,9.25,173.03,2,1035.42,0.62
2022-01-01 10:40:00,Station_4,38.080866313139126,-101.52325718977028,Barren,32.09,84.85,6.14,961.23,2,982.04,0.8
2022-01-01 10:45:00,Station_4,29.06138881346082,-73.51085019764466,Forest,29.3,84.04,4.57,158.72,7,999.68,0.83
2022-01-01 10:50:00,Station_4,35.46846351992015,-87.37707440745677,Barren,11.36,37.67,12.56,733.76,7,1048.26,0.38
2022-01-01 10:55:00,Station_4,46.414358897962714,-75.9334290014144,Agricultural,34.57,64.75,9.35,575.8,4,1017.75,0.13
2022-01-01 11:00:00,Station_4,28.41702409770923,-101.43970160490466,Forest,2.74,60.95,7.82,727.78,10,1030.21,0.75
2022-01-01 11:05:00,Station_4,38.602190075506584,-67.4701206114996,Urban,15.62,51.42,13.17,530.56,3,994.99,0.45
2022-01-01 11:10:00,Station_4,46.564388189248916,-89.81595810039528,Urban,27.79,78.28,4.58,434.43,2,1041.43,0.84
2022-01-01 11:15:00,Station_4,25.94393477161459,-95.2867421521057,Urban,-1.79,52.88,3.04,124.04,9,1005.85,0.72
2022-01-01 11:20:00,Station_4,45.10953081209273,-92.29759207700178,Barren,24.99,40.55,12.61,475.4,7,995.66,0.88
2022-01-01 11:25:00,Station_4,42.20757477241234,-76.23728386014355,Barren,17.91,56.85,7.48,716.49,4,1006.01,0.44
2022-01-01 11:30:00,Station_4,37.95578336091645,-109.26213877446165,Barren,5.75,50.84,6.43,910.14,6,1010.22,0.26
2022-01-01 11:35:00,Station_4,32.2564007922887,-117.34167484581126,Water,14.34,64.1,9.11,802.05,4,1019.92,0.53
2022-01-01 11:40:00,Station_4,34.96887610882109,-110.23150127215769,Urban,-1.49,61.09,14.49,341.0,0,1036.0,0.2
2022-01-01 11:45:00,Station_4,43.14623094042581,-91.67014904365595,Agricultural,0.78,45.96,12.48,926.48,7,990.78,0.23
2022-01-01 11:50:00,Station_4,35.7264146709374,-94.57595644776916,Urban,-6.49,80.92,2.08,142.16,5,1026.83,0.23
2022-01-01 11:55:00,Station_4,28.392582837307486,-96.81033777980053,Urban,-4.37,43.39,13.52,953.33,6,1044.35,0.52
2022-01-01 12:00:00,Station_4,48.97241000896142,-105.35692213162446,Agricultural,19.33,85.64,4.1,966.49,2,1000.29,0.58
2022-01-01 12:05:00,Station_4,48.39734215505838,-113.66237866188422,Urban,22.88,41.05,4.89,677.17,8,1003.95,0.54
2022-01-01 12:10:00,Station_4,46.25905128802996,-70.4084325231585,Barren,24.54,50.78,11.14,534.69,3,1040.41,0.2
2022-01-01 12:15:00,Station_4,34.33319332604583,-116.49489362270074,Urban,-3.49,30.17,6.65,404.31,1,1035.07,0.53
2022-01-01 12:20:00,Station_4,36.28290229962984,-78.89894241882074,Water,21.74,33.27,0.23,994.43,7,1049.11,0.31
2022-01-01 12:25:00,Station_4,25.568085839807313,-65.24010488921249,Agricultural,28.34,59.57,14.23,749.89,7,981.91,0.59
2022-01-01 12:30:00,Station_4,47.87591056098374,-98.30221169345677,Agricultural,11.3,49.83,13.89,632.71,5,1022.01,0.33
2022-01-01 12:35:00,Station_4,32.46197861941065,-106.791690016138,Agricultural,23.65,85.74,5.47,597.42,5,1020.93,0.66
2022-01-01 12:40:00,Station_4,35.79768251971417,-91.37876731802103,Barren,22.97,55.92,14.16,761.18,4,1023.13,0.37
2022-01-01 12:45:00,Station_4,44.74621589181025,-113.64306298594427,Water,15.88,60.91,8.93,313.13,3,1011.08,0.8
2022-01-01 12:50:00,Station_4,30.61516991143933,-81.52958830921132,Water,-2.16,43.95,13.8,997.59,8,1027.79,0.25
2022-01-01 12:55:00,Station_4,45.50581448563149,-61.74104932517372,Water,-3.69,58.32,7.18,295.77,4,1006.13,0.83
2022-01-01 13:00:00,Station_4,27.87020070153264,-85.29515467076308,Agricultural,26.36,81.65,4.5,903.43,7,1046.64,0.18
2022-01-01 13:05:00,Station_4,47.09439146799326,-108.4383995103876,Water,23.26,57.16,8.43,680.28,0,1013.67,0.77
2022-01-01 13:10:00,Station_4,42.058839651236866,-90.95985027872851,Urban,10.96,63.93,10.2,903.6,7,1011.13,0.3
2022-01-01 13:15:00,Station_4,46.447425692960785,-97.89266586382958,Urban,4.65,87.15,5.06,372.33,5,990.78,0.64
2022-01-01 13:20:00,Station_4,40.99778863170424,-102.52650415352205,Urban,-2.02,85.28,13.88,477.81,2,986.45,0.28
2022-01-01 13:25:00,Station_4,35.72993156581065,-75.23820805414539,Forest,16.32,59.64,13.68,481.0,8,1014.02,0.82
2022-01-01 13:30:00,Station_4,31.65729295666067,-106.78517757950961,Urban,25.3,30.5,5.7,259.45,8,1036.2,0.34
2022-01-01 13:35:00,Station_4,46.48008257118556,-85.31014320959365,Forest,22.91,66.2,6.58,879.84,10,1018.02,0.59
2022-01-01 13:40:00,Station_4,44.77083976487134,-98.87222341565021,Forest,17.05,66.44,4.09,521.9,9,1049.87,0.55
2022-01-01 13:45:00,Station_4,31.39937502649802,-87.83885668743676,Barren,0.91,53.53,7.3,864.73,5,1032.41,0.3
2022-01-01 13:50:00,Station_4,49.632464957319364,-122.76105314818382,Urban,18.9,87.75,4.49,536.74,9,1008.01,0.62
2022-01-01 13:55:00,Station_4,35.74517358995144,-97.7618206955072,Urban,11.13,68.07,14.37,270.23,3,998.93,0.58
2022-01-01 14:00:00,Station_4,34.550924351287755,-107.13070975228806,Forest,-4.42,33.23,1.89,533.7,9,1038.24,0.79
2022-01-01 14:05:00,Station_4,47.24892115149528,-112.34366927050921,Urban,17.84,42.95,4.0,374.74,3,980.35,0.33
2022-01-01 14:10:00,Station_4,35.25131712198269,-124.04913001580219,Water,8.67,86.19,14.77,335.54,3,987.44,0.32
2022-01-01 14:15:00,Station_4,34.17131204020492,-93.88661064378238,Barren,19.11,33.01,14.9,816.84,4,1006.82,0.59
2022-01-01 14:20:00,Station_4,25.44213376869555,-95.52771297746446,Barren,-0.13,34.34,14.35,471.76,0,1034.0,0.3
2022-01-01 14:25:00,Station_4,27.973142216912606,-63.534815454025974,Forest,13.46,54.41,10.83,325.02,10,1037.41,0.43
2022-01-01 14:30:00,Station_4,49.35312816134062,-110.15470851680377,Barren,20.34,47.55,10.7,152.08,3,1008.75,0.63
2022-01-01 14:35:00,Station_4,31.294875716071722,-97.09765674098409,Barren,28.07,80.77,5.4,202.06,4,1002.33,0.41
2022-01-01 14:40:00,Station_4,37.2707920784228,-72.45191916624482,Water,-7.74,80.14,2.51,677.77,1,1039.02,0.87
2022-01-01 14:45:00,Station_4,40.649832420060264,-122.00418971745732,Agricultural,-1.23,66.65,0.66,937.89,6,989.45,0.19
2022-01-01 14:50:00,Station_4,48.094898035907164,-67.84709637063999,Agricultural,23.1,77.9,0.46,298.28,9,1016.24,0.51
2022-01-01 14:55:00,Station_4,27.710949508889897,-119.17885974601623,Agricultural,20.07,85.49,8.2,770.35,8,999.07,0.55
2022-01-01 15:00:00,Station_4,35.24045646324643,-114.17483513771853,Agricultural,14.35,79.42,5.81,793.16,6,1041.93,0.32
2022-01-01 15:05:00,Station_4,30.07069757915857,-94.32031603267106,Agricultural,-8.89,31.73,6.0,308.51,4,1000.94,0.26
2022-01-01 15:10:00,Station_4,40.0471270058739,-60.62273339338387,Urban,13.1,73.38,8.8,693.53,2,1006.5,0.64
2022-01-01 15:15:00,Station_4,27.82275709205701,-99.39851424629464,Forest,18.89,56.35,12.42,999.11,2,992.13,0.58
2022-01-01 15:20:00,Station_4,38.30895947819126,-119.05327408340602,Barren,4.5,48.41,1.1,679.2,0,1022.79,0.21
2022-01-01 15:25:00,Station_4,39.69803288094367,-96.51315700144943,Forest,5.09,62.91,3.11,229.37,10,1033.38,0.55
2022-01-01 15:30:00,Station_4,36.21393543982498,-95.50899244739614,Barren,0.22,84.64,1.5,992.12,7,1029.39,0.6
2022-01-01 15:35:00,Station_4,44.21190658783941,-72.91250679328492,Forest,21.77,42.72,1.07,308.84,6,1014.91,0.64
2022-01-01 15:40:00,Station_4,48.53240692198838,-60.24672059311469,Forest,34.95,74.55,1.22,826.46,5,1018.28,0.8
2022-01-01 15:45:00,Station_4,34.96410155909484,-63.93959640700376,Urban,1.05,84.45,11.59,589.55,5,987.82,0.63
2022-01-01 15:50:00,Station_4,43.225921930277565,-94.77906874238474,Forest,6.0,64.0,9.39,815.09,2,982.34,0.7
2022-01-01 15:55:00,Station_4,45.804699200032715,-67.91595898540801,Agricultural,14.5,87.14,3.15,157.53,7,982.89,0.2
2022-01-01 16:00:00,Station_4,36.51818664933083,-75.08954609612424,Barren,-7.21,30.89,13.35,939.64,10,1015.61,0.87
2022-01-01 16:05:00,Station_4,49.462164185162514,-104.0856701534205,Urban,-0.29,77.26,12.25,104.01,5,1009.36,0.69
2022-01-01 16:10:00,Station_4,45.115484890578315,-114.55193092229966,Urban,17.47,73.08,12.68,536.14,3,1008.71,0.56
2022-01-01 16:15:00,Station_4,26.18195967329021,-105.72925661845423,Agricultural,2.24,47.55,12.89,684.88,4,981.85,0.64
2022-01-01 16:20:00,Station_4,36.634562706491785,-66.58105091235922,Urban,2.0,76.74,1.95,881.31,9,994.51,0.22
2022-01-01 16:25:00,Station_4,39.378563813271285,-89.78277716953247,Forest,28.82,45.54,2.07,447.93,2,1023.75,0.23
2022-01-01 16:30:00,Station_4,39.57493368527086,-98.65744855023371,Agricultural,17.23,88.81,4.7,787.88,5,1001.89,0.66
2022-01-01 16:35:00,Station_4,40.81629152175439,-87.82900129939895,Forest,8.01,57.08,4.04,916.63,5,981.51,0.42
2022-01-01 16:40:00,Station_4,44.44899814970798,-110.43916064869255,Forest,0.27,72.48,8.97,626.29,5,1035.88,0.55
2022-01-01 16:45:00,Station_4,30.182985924014364,-119.45097969177584,Urban,1.43,88.47,2.78,775.29,6,1023.69,0.61
2022-01-01 16:50:00,Station_4,27.432912458703466,-124.70180088103568,Urban,-0.82,35.89,13.58,413.0,9,1036.68,0.22
2022-01-01 16:55:00,Station_4,41.96199440383708,-106.70553487064984,Forest,0.74,73.68,12.59,597.58,3,1025.91,0.6
2022-01-01 17:00:00,Station_4,47.72785336050369,-112.53533313712313,Water,32.71,60.52,3.42,988.16,8,1000.16,0.11
2022-01-01 17:05:00,Station_4,31.417339090188513,-118.15411400764786,Urban,29.12,44.66,14.9,339.89,9,999.71,0.47
2022-01-01 17:10:00,Station_4,40.203845791391586,-69.25183064692581,Forest,0.22,82.93,10.48,323.48,6,984.92,0.44
2022-01-01 17:15:00,Station_4,25.800880835111535,-109.65404451300589,Agricultural,-9.24,58.74,1.42,871.98,2,1020.48,0.57
2022-01-01 17:20:00,Station_4,41.502285255251245,-94.8203179783701,Barren,-0.04,80.2,11.82,917.69,0,987.21,0.75
2022-01-01 17:25:00,Station_4,43.445008245873765,-85.18226707790649,Urban,34.38,87.45,10.71,468.72,4,1026.46,0.62
2022-01-01 17:30:00,Station_4,48.71275742755016,-122.0094257965276,Agricultural,32.38,76.64,11.76,637.0,6,1042.0,0.62
2022-01-01 17:35:00,Station_4,44.806637875904855,-119.39997997876912,Urban,-4.0,65.3,13.67,311.29,10,980.18,0.71
2022-01-01 17:40:00,Station_4,30.31022456852263,-93.85866567842362,Water,17.88,80.62,7.81,959.67,1,1031.64,0.88
2022-01-01 17:45:00,Station_4,25.744637390958623,-87.63279845880838,Urban,2.84,71.41,6.85,602.54,6,1027.33,0.64
2022-01-01 17:50:00,Station_4,39.04124508376753,-98.61728247363958,Barren,-0.12,33.51,13.97,165.73,2,997.68,0.2
2022-01-01 17:55:00,Station_4,37.813378932098075,-62.24198828148107,Water,34.48,52.17,13.59,154.29,0,998.13,0.2
2022-01-01 18:00:00,Station_4,38.69055730973348,-87.44962897852687,Agricultural,33.62,46.33,9.06,140.97,9,1039.1,0.4
2022-01-01 18:05:00,Station_4,49.24319504741269,-60.766649839876294,Urban,14.84,39.55,1.26,860.73,4,1005.92,0.36
2022-01-01 18:10:00,Station_4,35.820349301654,-64.70234138569802,Barren,-6.85,39.37,12.14,959.27,10,1045.19,0.22
2022-01-01 18:15:00,Station_4,29.60708078220785,-75.61754729372194,Urban,28.38,31.57,9.57,564.21,9,1008.06,0.84
2022-01-01 18:20:00,Station_4,43.521168083462726,-89.16045124105321,Agricultural,2.33,36.06,11.55,199.63,3,1017.69,0.2
2022-01-01 18:25:00,Station_4,39.417605167901485,-97.66143240048042,Agricultural,30.85,50.98,5.99,433.16,0,997.57,0.26
2022-01-01 18:30:00,Station_4,36.284900213857625,-120.39678601745098,Barren,5.61,76.12,1.94,871.51,1,980.74,0.24
2022-01-01 18:35:00,Station_4,33.13663236647448,-98.43275563131051,Water,15.37,48.86,0.61,244.79,3,984.66,0.74
2022-01-01 18:40:00,Station_4,46.72377604307209,-100.48606248626044,Urban,14.53,55.79,5.18,222.87,8,1037.14,0.32
2022-01-01 18:45:00,Station_4,40.884402649251626,-107.01942747008982,Agricultural,3.06,55.41,13.39,601.13,10,1014.83,0.88
2022-01-01 18:50:00,Station_4,48.65948884593024,-79.25572745724547,Barren,18.45,67.33,5.97,231.3,8,1016.64,0.65
2022-01-01 18:55:00,Station_4,43.03828552885189,-74.73551225975388,Forest,1.52,64.96,6.91,969.46,0,1015.44,0.45
2022-01-01 19:00:00,Station_4,29.803159979796234,-74.97669198864672,Urban,34.67,43.57,13.09,272.31,6,985.48,0.21
2022-01-01 19:05:00,Station_4,35.42239614105264,-90.21414474631425,Urban,28.18,54.35,7.63,847.48,4,1046.44,0.77
2022-01-01 19:10:00,Station_4,32.10925149633003,-78.05029585917825,Barren,9.33,83.57,11.62,174.74,4,1040.78,0.52
2022-01-01 19:15:00,Station_4,44.43209862279764,-61.329176297821654,Water,29.68,76.97,7.89,140.74,10,982.75,0.27
2022-01-01 19:20:00,Station_4,32.29498687944097,-105.01640276610928,Forest,34.92,41.7,3.89,568.65,6,999.63,0.45
2022-01-01 19:25:00,Station_4,37.687385618634195,-101.2240199593999,Urban,-1.95,50.4,5.1,331.39,9,987.35,0.23
2022-01-01 19:30:00,Station_4,31.67955914377699,-97.1021768703686,Water,9.84,58.98,4.55,932.39,8,990.74,0.75
2022-01-01 19:35:00,Station_4,49.844205908936104,-75.27784556542262,Forest,5.47,79.62,1.32,627.33,0,980.3,0.58
2022-01-01 19:40:00,Station_4,47.073194161312855,-72.39034517982546,Barren,-8.1,64.22,14.12,359.15,0,1037.38,0.72
2022-01-01 19:45:00,Station_4,35.41616673850032,-111.32690634908832,Water,3.53,50.05,12.32,929.58,7,1046.79,0.37
2022-01-01 19:50:00,Station_4,45.3319972561618,-105.7198215512006,Urban,34.43,65.07,4.62,231.75,0,994.55,0.32
2022-01-01 19:55:00,Station_4,33.464454302295735,-65.58893699917311,Agricultural,8.05,67.51,14.29,641.81,9,1019.83,0.73
2022-01-01 20:00:00,Station_4,32.617354947097624,-123.9223413041641,Barren,15.99,64.39,2.47,788.14,10,1035.57,0.61
2022-01-01 20:05:00,Station_4,47.743367419659606,-62.95592188896509,Urban,21.98,85.3,6.35,319.73,8,1020.76,0.31
2022-01-01 20:10:00,Station_4,39.346595518523145,-101.3329263352974,Urban,8.29,59.21,4.12,148.71,6,1029.42,0.67
2022-01-01 20:15:00,Station_4,42.823662305570174,-124.36187946761203,Forest,-1.37,48.3,14.49,813.75,1,980.37,0.88
2022-01-01 20:20:00,Station_4,45.93435384665239,-65.09298255759859,Barren,31.9,43.98,3.82,729.15,10,1025.91,0.38
2022-01-01 20:25:00,Station_4,38.27289281278229,-76.21772330444102,Barren,-3.93,71.24,12.35,695.28,6,987.98,0.84
2022-01-01 20:30:00,Station_4,31.857233397300465,-123.54345971382524,Forest,-3.29,31.97,13.04,738.72,10,980.84,0.41
2022-01-01 20:35:00,Station_4,45.21988196582119,-99.74077620104333,Forest,-6.82,55.45,9.85,533.09,8,1037.56,0.3
2022-01-01 20:40:00,Station_4,45.30111798480452,-105.71026684135758,Water,23.88,83.41,13.83,998.84,8,1032.9,0.65
2022-01-01 20:45:00,Station_4,43.313412768510645,-84.61965892836686,Forest,26.68,87.87,0.59,660.65,1,995.81,0.58
2022-01-01 20:50:00,Station_4,40.355334463580576,-111.07084845034963,Forest,-3.59,42.37,12.69,677.55,10,1010.54,0.2
2022-01-01 20:55:00,Station_4,32.43016593738528,-98.3321231092454,Forest,8.81,77.92,9.5,244.53,6,1002.6,0.71
2022-01-01 21:00:00,Station_4,46.015728005034205,-109.45667366067843,Agricultural,-6.3,41.78,2.44,741.5,4,1042.91,0.29
2022-01-01 21:05:00,Station_4,43.128979388568496,-74.63286159936243,Forest,15.14,74.8,9.98,806.94,8,1000.92,0.57
2022-01-01 21:10:00,Station_4,47.014299762614684,-64.7113060827303,Water,6.1,85.49,11.4,591.4,1,980.83,0.26
2022-01-01 21:15:00,Station_4,31.923101393850366,-97.4279535539021,Urban,-4.67,77.01,12.02,538.6,0,992.63,0.8
2022-01-01 21:20:00,Station_4,42.09977022953537,-101.1346825451535,Water,21.98,57.17,13.72,454.79,1,1040.53,0.87
2022-01-01 21:25:00,Station_4,43.62575093476761,-69.05335832285817,Water,1.58,55.6,3.83,949.27,0,1030.52,0.7
2022-01-01 21:30:00,Station_4,26.6326601613473,-71.74397603865245,Agricultural,15.14,38.02,13.4,635.89,10,1047.97,0.3
2022-01-01 21:35:00,Station_4,42.90947092519829,-65.74601367868667,Barren,22.46,67.74,12.5,871.17,4,1042.3,0.33
2022-01-01 21:40:00,Station_4,47.96648301522171,-73.15355495560848,Barren,19.14,71.29,12.47,661.64,3,1033.15,0.11
2022-01-01 21:45:00,Station_4,40.72453231331565,-108.45946814345015,Forest,-2.54,35.92,4.21,980.76,1,1024.46,0.72
2022-01-01 21:50:00,Station_4,29.33324938328681,-101.34168640174083,Forest,16.08,56.24,0.17,897.3,6,1021.53,0.56
2022-01-01 21:55:00,Station_4,26.788834155625885,-121.33724421702779,Agricultural,25.3,52.65,7.75,934.41,1,981.49,0.41
2022-01-01 22:00:00,Station_4,40.00242280118003,-84.29708878913033,Agricultural,11.71,53.32,13.63,118.58,2,998.44,0.68
2022-01-01 22:05:00,Station_4,32.123404857934624,-100.59391116096697,Barren,23.64,72.67,14.09,782.35,7,983.59,0.69
2022-01-01 22:10:00,Station_4,32.63123310293972,-60.303107027973084,Barren,1.23,31.54,8.34,186.77,0,1026.54,0.55
2022-01-01 22:15:00,Station_4,31.76661347587994,-69.74077955742047,Urban,10.77,39.04,1.05,113.63,3,1018.97,0.11
2022-01-01 22:20:00,Station_4,30.117089902499277,-82.5253913805989,Water,34.96,45.44,6.68,249.62,10,995.09,0.74
2022-01-01 22:25:00,Station_4,32.6958837777501,-119.69351822116666,Agricultural,-0.92,82.65,13.52,170.51,0,1044.35,0.52
2022-01-01 22:30:00,Station_4,25.953901698565584,-62.6350995245632,Forest,-9.16,37.51,10.06,681.36,0,986.97,0.46
2022-01-01 22:35:00,Station_4,41.261433130929454,-122.11241628208283,Forest,-6.79,67.52,9.8,522.49,0,1005.05,0.47
2022-01-01 22:40:00,Station_4,30.2279995222839,-94.23242392472001,Water,27.52,63.5,7.65,688.39,6,987.17,0.17
2022-01-01 22:45:00,Station_4,32.66248378106723,-90.901309531836,Agricultural,23.07,72.0,4.76,586.41,6,1001.93,0.34
2022-01-01 22:50:00,Station_4,40.71332436388588,-62.61419695517963,Forest,34.81,30.4,3.47,127.64,0,1015.65,0.85
2022-01-01 22:55:00,Station_4,40.148394929624985,-83.59815984391969,Agricultural,-1.5,35.77,14.92,496.29,7,1027.24,0.37
2022-01-01 23:00:00,Station_4,45.81941352936671,-60.530198382456135,Urban,3.5,38.74,11.21,162.18,9,1048.62,0.82
2022-01-01 23:05:00,Station_4,38.454549278653445,-104.83804540718693,Agricultural,23.53,86.03,11.45,646.9,3,1038.09,0.79
2022-01-01 23:10:00,Station_4,45.58436113400923,-82.08853556907388,Barren,28.85,71.1,12.02,561.52,3,1049.28,0.31
2022-01-01 23:15:00,Station_4,25.99988511375182,-98.0099884354289,Agricultural,-7.17,75.24,6.65,649.91,8,982.53,0.11
2022-01-01 23:20:00,Station_4,26.796601144606157,-60.66829053854231,Urban,4.49,57.11,7.99,521.15,1,1042.96,0.8
2022-01-01 23:25:00,Station_4,46.649683788534546,-62.871839455469015,Barren,20.85,65.02,2.84,961.72,8,1040.87,0.83
2022-01-01 23:30:00,Station_4,40.00293370356449,-81.31482554732213,Urban,25.95,32.78,14.93,977.85,8,997.01,0.5
2022-01-01 23:35:00,Station_4,40.32861410603171,-100.21056759358574,Barren,32.64,64.09,13.58,873.06,5,999.0,0.2
2022-01-01 23:40:00,Station_4,48.181786644989735,-74.55567979266684,Barren,25.66,43.84,10.69,192.04,0,1047.69,0.63
2022-01-01 23:45:00,Station_4,34.92355549404868,-71.08733968611392,Water,-8.72,76.08,12.23,891.84,5,994.16,0.76
2022-01-01 23:50:00,Station_4,35.326151146676835,-82.33042577031887,Agricultural,0.41,44.59,5.34,615.51,4,993.54,0.71
2022-01-01 23:55:00,Station_4,42.16889613342176,-104.72326587611607,Barren,5.61,67.69,6.55,479.63,9,1028.94,0.5
2022-01-01 00:00:00,Station_5,43.24241611129465,-116.61097039839402,Water,-6.95,50.49,7.69,167.03,2,1047.52,0.36
2022-01-01 00:05:00,Station_5,39.99436910282526,-119.93921320508579,Water,31.55,31.6,10.52,775.29,7,1047.82,0.45
2022-01-01 00:10:00,Station_5,27.979273012948738,-93.3675477439348,Barren,10.85,79.44,2.86,471.15,0,1011.31,0.68
2022-01-01 00:15:00,Station_5,48.6392640791114,-71.06528965610804,Urban,6.65,76.47,7.11,658.12,5,983.89,0.76
2022-01-01 00:20:00,Station_5,34.19613828359033,-86.35956325109483,Water,9.9,61.49,14.24,787.31,8,1036.5,0.14
2022-01-01 00:25:00,Station_5,27.92862439277243,-98.11039000422592,Agricultural,6.02,89.71,6.83,840.07,10,984.99,0.13
2022-01-01 00:30:00,Station_5,39.20920384124872,-118.11414533022753,Water,-6.92,85.67,7.32,423.9,0,1015.28,0.16
2022-01-01 00:35:00,Station_5,38.399073532738285,-118.37898695227929,Agricultural,21.08,87.43,6.46,179.64,2,1036.5,0.68
2022-01-01 00:40:00,Station_5,37.260354450013274,-77.66986690215265,Urban,23.02,36.71,5.08,954.4,3,988.87,0.26
2022-01-01 00:45:00,Station_5,36.21210254905226,-121.49782708135089,Forest,20.18,67.76,4.65,580.16,2,1008.12,0.46
2022-01-01 00:50:00,Station_5,40.330173775548,-121.30595594214284,Urban,-3.21,82.72,4.0,540.21,5,985.6,0.77
2022-01-01 00:55:00,Station_5,31.867693584835322,-105.51668407328434,Agricultural,25.12,64.14,10.3,490.82,6,1033.42,0.63
2022-01-01 01:00:00,Station_5,40.600723125147425,-82.0291572861239,Agricultural,6.91,74.16,9.25,228.2,1,994.54,0.32
2022-01-01 01:05:00,Station_5,29.78421824614972,-62.97401187902914,Agricultural,33.97,52.83,7.16,931.42,0,1037.48,0.35
2022-01-01 01:10:00,Station_5,29.815632946212045,-104.04098043114274,Water,-9.24,85.38,14.62,148.84,3,992.85,0.73
2022-01-01 01:15:00,Station_5,45.873482926475845,-82.42474502433942,Urban,2.81,68.34,6.93,143.85,5,992.01,0.57
2022-01-01 01:20:00,Station_5,40.05891366671891,-83.54248947150424,Barren,11.31,89.77,2.09,554.46,5,1023.56,0.17
2022-01-01 01:25:00,Station_5,45.822628932227786,-71.84176134787097,Urban,15.96,68.18,4.62,423.1,8,1041.55,0.13
2022-01-01 01:30:00,Station_5,27.309746930277758,-88.68540930643913,Forest,25.12,35.96,0.14,863.03,8,1043.53,0.15
2022-01-01 01:35:00,Station_5,41.94363706636656,-97.33180222578481,Forest,4.03,85.37,5.89,138.79,9,996.87,0.86
2022-01-01 01:40:00,Station_5,30.147823194931068,-66.19818366918176,Forest,32.72,65.38,14.08,581.79,7,984.4,0.58
2022-01-01 01:45:00,Station_5,39.25006158104986,-84.49236418810042,Forest,15.39,34.63,8.11,254.19,3,1034.5,0.59
2022-01-01 01:50:00,Station_5,25.485505875975587,-99.12249735406368,Water,-2.08,47.86,9.78,512.68,3,989.22,0.34
2022-01-01 01:55:00,Station_5,26.242801282993426,-67.76589193717646,Water,10.15,68.5,3.77,507.28,7,1040.82,0.78
2022-01-01 02:00:00,Station_5,27.336638928243428,-122.48011813797906,Urban,4.25,84.13,4.37,312.26,6,1046.28,0.55
2022-01-01 02:05:00,Station_5,39.84690789904128,-89.39398692480404,Barren,15.93,69.17,4.97,696.87,4,1028.57,0.67
2022-01-01 02:10:00,Station_5,37.40751509696168,-98.49057214077445,Forest,-5.3,35.68,8.01,926.09,8,1019.45,0.17
2022-01-01 02:15:00,Station_5,41.68105833660456,-84.14333790017162,Agricultural,30.01,47.97,5.91,132.57,9,1016.29,0.1
2022-01-01 02:20:00,Station_5,31.16293796781364,-78.32135713916291,Barren,3.62,65.55,1.93,164.43,9,1031.48,0.5
2022-01-01 02:25:00,Station_5,49.02088631509932,-117.80705493940984,Water,-5.39,67.13,5.73,790.97,5,1036.0,0.55
2022-01-01 02:30:00,Station_5,38.552460006540294,-114.82101754810637,Agricultural,13.69,73.01,0.72,922.32,6,1020.36,0.39
2022-01-01 02:35:00,Station_5,31.21552999516714,-124.14213638760828,Agricultural,-8.22,60.19,1.67,642.22,1,1019.4,0.15
2022-01-01 02:40:00,Station_5,25.618319881041334,-63.36586661670622,Barren,25.8,72.43,4.84,342.89,2,1006.36,0.65
2022-01-01 02:45:00,Station_5,36.299597719040804,-103.97015097074079,Barren,17.07,53.12,12.27,759.43,7,1022.19,0.51
2022-01-01 02:50:00,Station_5,41.18590210056779,-98.66304671248668,Urban,34.92,70.21,4.56,809.99,9,1018.33,0.62
2022-01-01 02:55:00,Station_5,30.10868047215779,-84.84463410149252,Agricultural,21.1,75.51,11.44,980.4,2,1033.34,0.34
2022-01-01 03:00:00,Station_5,30.203578023446067,-76.71931862053378,Agricultural,32.11,67.91,4.45,521.11,1,1022.1,0.34
2022-01-01 03:05:00,Station_5,42.271672727293776,-61.99051297454799,Urban,27.82,77.33,2.55,852.94,7,1003.19,0.62
2022-01-01 03:10:00,Station_5,36.5669259775852,-100.98381512022942,Barren,18.06,56.29,9.65,763.93,9,996.58,0.78
2022-01-01 03:15:00,Station_5,46.35172429905461,-107.93205264326008,Forest,-5.37,35.37,1.22,427.79,7,993.16,0.2
2022-01-01 03:20:00,Station_5,26.157928292111905,-62.31679686583403,Water,10.57,78.19,11.45,697.46,6,987.83,0.89
2022-01-01 03:25:00,Station_5,34.951976040976646,-97.00339028281213,Barren,26.28,43.33,6.59,563.89,3,1046.55,0.12
2022-01-01 03:30:00,Station_5,25.27701266972862,-88.2811772962211,Urban,19.4,82.15,7.21,538.13,3,999.43,0.46
2022-01-01 03:35:00,Station_5,36.16345925768046,-76.63100690343146,Forest,16.85,66.13,12.85,532.65,3,985.88,0.51
2022-01-01 03:40:00,Station_5,47.62803906358002,-95.8026614521666,Agricultural,-7.02,72.0,0.86,818.3,0,1021.34,0.51
2022-01-01 03:45:00,Station_5,48.07168421946395,-95.34165072292171,Agricultural,-8.68,84.37,5.12,509.77,4,1032.62,0.74
2022-01-01 03:50:00,Station_5,40.736039516219556,-122.57927523619786,Agricultural,2.1,47.04,7.62,769.06,6,1031.33,0.9
2022-01-01 03:55:00,Station_5,33.12380445019347,-60.551395903446306,Urban,23.16,70.79,8.15,244.65,6,989.13,0.79
2022-01-01 04:00:00,Station_5,41.372622603646604,-78.85844096000865,Agricultural,25.54,74.55,6.28,743.69,4,1031.9,0.57
2022-01-01 04:05:00,Station_5,38.8305322761742,-81.00740554440264,Forest,9.19,41.7,8.34,444.27,6,1048.5,0.82
2022-01-01 04:10:00,Station_5,42.53102818550144,-118.74161906020007,Forest,14.8,71.27,5.86,937.43,9,1012.48,0.73
2022-01-01 04:15:00,Station_5,41.390484742463414,-73.81366657474055,Forest,-1.05,42.49,12.03,389.29,9,1035.8,0.3
2022-01-01 04:20:00,Station_5,48.061534181151096,-98.37305861743516,Forest,27.99,44.95,6.69,975.37,5,1012.27,0.66
2022-01-01 04:25:00,Station_5,33.83938422350658,-83.09937973048321,Barren,34.76,66.12,1.26,988.45,5,981.77,0.86
2022-01-01 04:30:00,Station_5,36.099980234920835,-116.55060760359034,Barren,-0.88,87.44,9.63,543.29,4,1005.05,0.79
2022-01-01 04:35:00,Station_5,49.635228042916275,-61.953407423719845,Forest,24.72,81.45,2.49,489.61,1,986.42,0.2
2022-01-01 04:40:00,Station_5,33.703500777818306,-94.94047186677574,Barren,18.54,89.78,11.98,570.81,1,1003.5,0.76
2022-01-01 04:45:00,Station_5,42.86725868456567,-73.08975369193396,Water,-2.1,71.75,11.41,856.06,10,1024.6,0.72
2022-01-01 04:50:00,Station_5,44.693100197098225,-67.60125581704894,Water,34.89,64.29,5.84,765.07,5,1048.63,0.73
2022-01-01 04:55:00,Station_5,34.175428865120494,-122.3389691539763,Urban,31.77,39.42,6.67,404.98,4,1006.28,0.43
2022-01-01 05:00:00,Station_5,44.82134455418222,-117.27869266301524,Agricultural,32.15,49.67,12.12,467.0,10,990.6,0.2
2022-01-01 05:05:00,Station_5,45.56324298129638,-90.53925494945561,Urban,13.02,60.13,3.3,717.23,4,1020.46,0.15
2022-01-01 05:10:00,Station_5,41.27982062123624,-98.25823551761681,Urban,22.36,82.98,6.35,767.17,7,1030.35,0.65
2022-01-01 05:15:00,Station_5,34.98542082907463,-122.42891223294338,Agricultural,-0.43,87.26,7.78,851.2,4,1018.56,0.86
2022-01-01 05:20:00,Station_5,31.986521250388105,-78.62858270224096,Water,7.56,50.11,6.06,818.97,5,985.44,0.3
2022-01-01 05:25:00,Station_5,27.342013893192217,-80.75668012336052,Water,20.22,54.82,4.46,441.96,2,998.12,0.12
2022-01-01 05:30:00,Station_5,45.95155669970289,-109.75702157120747,Water,-3.19,42.64,12.23,509.15,1,994.89,0.84
2022-01-01 05:35:00,Station_5,42.81658719113548,-112.62193786745569,Barren,13.32,55.03,0.94,674.94,5,1034.86,0.83
2022-01-01 05:40:00,Station_5,32.20076871375426,-91.35000431855215,Barren,-8.56,33.74,0.48,367.63,0,984.57,0.73
2022-01-01 05:45:00,Station_5,43.72129995015495,-111.1069894950729,Barren,17.49,48.53,5.06,351.24,9,1041.27,0.64
2022-01-01 05:50:00,Station_5,27.10152320824389,-121.33222053307813,Forest,0.09,66.97,14.97,324.93,6,996.27,0.29
2022-01-01 05:55:00,Station_5,48.02103578835714,-95.19853094300629,Urban,0.83,42.59,14.29,804.66,9,1042.84,0.12
2022-01-01 06:00:00,Station_5,34.783320090610935,-74.31972743103057,Forest,32.78,56.47,2.45,814.83,0,989.01,0.46
2022-01-01 06:05:00,Station_5,32.80100859662015,-99.45151965343399,Water,31.58,33.49,12.04,275.27,4,1010.81,0.26
2022-01-01 06:10:00,Station_5,29.014087644675453,-78.23135216747315,Water,32.91,89.82,1.6,138.23,2,980.05,0.79
2022-01-01 06:15:00,Station_5,28.905117181248936,-87.4096882571306,Forest,-0.23,72.83,6.32,638.31,7,1040.27,0.62
2022-01-01 06:20:00,Station_5,35.72912766992235,-74.36302920463959,Agricultural,22.54,74.42,3.57,429.6,0,1025.11,0.23
2022-01-01 06:25:00,Station_5,48.452137149334604,-63.58671719725483,Barren,-0.6,54.6,14.4,127.19,7,998.66,0.38
2022-01-01 06:30:00,Station_5,36.733488694221236,-96.69908734794201,Water,9.48,77.77,2.41,108.99,1,1034.26,0.45
2022-01-01 06:35:00,Station_5,46.30755364800692,-100.3642323541211,Urban,13.82,86.23,13.56,420.13,5,1023.45,0.88
2022-01-01 06:40:00,Station_5,38.69367170093646,-77.87116719160778,Barren,-2.44,39.82,11.63,374.85,7,1032.69,0.76
2022-01-01 06:45:00,Station_5,37.523097114276986,-104.90934605349462,Forest,22.95,71.36,11.39,551.38,6,1009.68,0.79
2022-01-01 06:50:00,Station_5,40.45944685230142,-120.04661739333038,Forest,18.49,68.95,9.26,676.12,9,1027.51,0.7
2022-01-01 06:55:00,Station_5,49.268341659148604,-104.78832501120311,Forest,8.82,81.57,13.38,904.05,5,1009.81,0.11
2022-01-01 07:00:00,Station_5,44.284502852224385,-62.03920581544662,Water,-9.85,61.21,14.87,490.0,1,1035.28,0.81
2022-01-01 07:05:00,Station_5,44.85005243145136,-102.46222530594221,Forest,21.96,33.45,13.09,374.31,6,1015.19,0.84
2022-01-01 07:10:00,Station_5,45.93361816257671,-78.40423572570883,Barren,32.18,61.81,4.4,807.83,2,993.65,0.48
2022-01-01 07:15:00,Station_5,32.960875934054464,-113.4477580972189,Urban,-7.33,56.99,5.87,364.2,5,983.44,0.4
2022-01-01 07:20:00,Station_5,44.65110116901711,-83.28007681024016,Urban,14.71,77.72,10.27,345.94,6,1017.81,0.52
2022-01-01 07:25:00,Station_5,32.082062215183306,-124.16548170450389,Urban,-9.37,50.58,4.19,876.83,4,1032.17,0.21
2022-01-01 07:30:00,Station_5,35.77155489202047,-102.58601676008863,Agricultural,28.22,35.4,7.16,146.18,8,1019.15,0.59
2022-01-01 07:35:00,Station_5,48.968374900810694,-124.23261494985675,Water,30.73,32.58,14.87,140.32,4,989.14,0.18
2022-01-01 07:40:00,Station_5,40.116738307301674,-80.90128611827305,Agricultural,6.24,49.36,9.41,222.59,5,987.42,0.59
2022-01-01 07:45:00,Station_5,36.93636878899142,-71.97288703712431,Agricultural,-4.0,44.01,14.93,763.39,7,981.51,0.14
2022-01-01 07:50:00,Station_5,35.17931813186515,-82.7061625580981,Forest,19.41,51.98,13.29,831.77,6,1031.42,0.67
2022-01-01 07:55:00,Station_5,32.98762497537785,-99.45280627183992,Forest,30.7,85.17,7.98,252.61,5,981.42,0.38
2022-01-01 08:00:00,Station_5,35.388637864055866,-108.0440543044279,Agricultural,16.13,45.42,11.33,857.44,1,995.52,0.12
2022-01-01 08:05:00,Station_5,48.52879054725178,-100.14770411232625,Urban,11.33,66.85,0.99,493.48,2,1003.71,0.38
2022-01-01 08:10:00,Station_5,36.51865471651837,-93.5384288389627,Urban,23.7,32.33,7.26,958.27,8,1017.17,0.61
2022-01-01 08:15:00,Station_5,36.73853694424776,-74.27978605381351,Barren,8.14,63.68,11.85,640.58,5,1022.22,0.77
2022-01-01 08:20:00,Station_5,47.8095189288398,-109.80954137714417,Urban,30.9,45.74,7.46,752.35,3,1008.62,0.56
2022-01-01 08:25:00,Station_5,33.85230679677117,-68.56162131656248,Urban,30.35,53.94,8.01,337.63,6,1014.26,0.84
2022-01-01 08:30:00,Station_5,34.80583789988358,-102.03262090543826,Water,14.94,30.25,0.46,768.54,7,1042.08,0.33
2022-01-01 08:35:00,Station_5,31.734708789701756,-121.78277559155089,Barren,30.46,81.25,8.8,725.71,0,1001.05,0.82
2022-01-01 08:40:00,Station_5,36.77290266119971,-93.98927070205005,Agricultural,8.43,65.79,12.02,190.11,8,1008.52,0.67
2022-01-01 08:45:00,Station_5,33.08039667615792,-67.66332049680179,Water,-2.18,60.07,1.11,721.53,9,1032.43,0.32
2022-01-01 08:50:00,Station_5,49.192439926474236,-68.56061421739057,Barren,-1.46,70.03,12.07,758.29,10,980.34,0.47
2022-01-01 08:55:00,Station_5,27.108253209585392,-108.22389841773366,Forest,26.81,57.73,4.35,268.38,5,989.1,0.47
2022-01-01 09:00:00,Station_5,31.786053118215392,-79.28843546502026,Water,12.44,82.49,2.27,250.06,10,1010.8,0.5
2022-01-01 09:05:00,Station_5,31.58034184806929,-119.76934217143732,Water,-3.89,75.96,11.29,185.63,4,1013.54,0.14
2022-01-01 09:10:00,Station_5,34.654927477751244,-106.78053316332742,Urban,24.23,85.88,11.76,540.08,1,1022.92,0.69
2022-01-01 09:15:00,Station_5,41.05405842025008,-84.25842506824112,Barren,20.33,67.33,2.58,485.13,1,990.53,0.7
2022-01-01 09:20:00,Station_5,44.976050603917244,-92.52616185261766,Agricultural,-3.2,66.43,12.42,303.28,3,993.42,0.37
2022-01-01 09:25:00,Station_5,37.909100257997515,-118.1178982044683,Agricultural,33.95,76.84,5.87,669.02,4,1044.97,0.44
2022-01-01 09:30:00,Station_5,48.5743300341085,-73.4451441016096,Urban,-2.05,52.72,6.82,417.24,5,1030.35,0.43
2022-01-01 09:35:00,Station_5,49.471507574217895,-123.31244482352263,Agricultural,7.11,30.17,14.37,179.52,4,1014.11,0.57
2022-01-01 09:40:00,Station_5,43.69953697417865,-115.91494302902304,Forest,30.85,69.17,8.68,670.11,10,1018.07,0.81
2022-01-01 09:45:00,Station_5,39.51922748782489,-107.62672618839028,Urban,19.04,65.01,11.29,406.64,0,981.88,0.65
2022-01-01 09:50:00,Station_5,44.704042098958105,-77.6205111886382,Barren,8.11,46.54,4.69,381.34,10,1032.27,0.23
2022-01-01 09:55:00,Station_5,48.57596566056482,-110.59847418177353,Agricultural,32.28,87.69,4.41,996.36,10,1040.69,0.66
2022-01-01 10:00:00,Station_5,36.1350672016943,-79.5680225852759,Agricultural,21.6,85.87,1.16,502.34,5,1014.77,0.75
2022-01-01 10:05:00,Station_5,44.25289521675925,-114.52738873463541,Forest,22.49,88.16,1.03,976.48,1,1038.56,0.23
2022-01-01 10:10:00,Station_5,47.276850402913055,-62.188668472999396,Forest,17.47,73.99,4.59,124.45,5,990.29,0.18
2022-01-01 10:15:00,Station_5,33.911686857652015,-115.8369363810047,Agricultural,5.9,73.71,9.75,836.59,10,1010.18,0.65
2022-01-01 10:20:00,Station_5,36.818626718377324,-69.73305300942604,Barren,-2.96,84.99,0.38,839.12,2,1006.26,0.2
2022-01-01 10:25:00,Station_5,33.39065626452522,-120.31374889574188,Water,8.24,80.35,0.11,241.16,8,987.62,0.15
2022-01-01 10:30:00,Station_5,32.487419312303366,-95.94389937943018,Barren,6.69,66.84,7.66,796.61,2,1031.58,0.39
2022-01-01 10:35:00,Station_5,30.9959123640773,-96.75461824683345,Barren,3.68,75.37,6.24,865.11,4,996.13,0.64
2022-01-01 10:40:00,Station_5,37.84326152382147,-62.15483029691938,Barren,23.01,53.25,8.68,620.97,6,1019.28,0.42
2022-01-01 10:45:00,Station_5,40.166684119472365,-120.63019742112776,Barren,32.89,87.32,5.97,692.73,4,982.05,0.2
2022-01-01 10:50:00,Station_5,32.004125883124566,-105.41095309069333,Agricultural,18.03,50.56,6.52,567.8,3,1002.94,0.77
2022-01-01 10:55:00,Station_5,45.67714289894826,-87.69041522296334,Agricultural,32.68,75.93,3.33,851.44,4,982.02,0.53
2022-01-01 11:00:00,Station_5,25.46250937238393,-77.84479637312857,Agricultural,24.05,41.68,11.4,197.0,10,1033.22,0.72
2022-01-01 11:05:00,Station_5,32.23772143724452,-107.78805768858884,Urban,11.12,72.33,7.72,684.03,7,1035.83,0.2
2022-01-01 11:10:00,Station_5,25.492045731852322,-121.78705941332687,Agricultural,34.15,42.18,8.04,565.1,2,1032.73,0.74
2022-01-01 11:15:00,Station_5,38.171327493942506,-85.86589635951628,Urban,20.32,82.11,7.89,139.18,3,992.59,0.11
2022-01-01 11:20:00,Station_5,47.07874343152368,-78.3556075721532,Barren,10.33,69.01,2.58,575.12,9,992.97,0.27
2022-01-01 11:25:00,Station_5,45.184681965007755,-111.20648067978198,Urban,14.04,34.99,9.93,119.8,9,1040.15,0.32
2022-01-01 11:30:00,Station_5,30.48163305162788,-93.56219611058492,Forest,34.36,52.93,14.81,231.57,4,989.67,0.25
2022-01-01 11:35:00,Station_5,34.97780964122232,-60.09063415886294,Barren,18.82,61.34,4.15,383.79,4,1019.72,0.84
2022-01-01 11:40:00,Station_5,43.38847257992829,-74.61389636142792,Water,-1.06,30.58,2.21,530.13,4,1020.62,0.9
2022-01-01 11:45:00,Station_5,35.73187293792993,-119.09198334097303,Agricultural,4.18,54.03,3.44,653.41,9,995.33,0.15
2022-01-01 11:50:00,Station_5,47.837838623074255,-89.64079993907714,Urban,7.29,33.39,0.54,143.9,5,989.25,0.65
2022-01-01 11:55:00,Station_5,49.39646106374648,-88.38074201098433,Water,-3.06,80.54,0.97,329.22,1,988.61,0.89
2022-01-01 12:00:00,Station_5,34.16493771301194,-106.27935440733388,Water,-9.52,49.0,10.14,866.33,2,1032.96,0.13
2022-01-01 12:05:00,Station_5,41.89115426266569,-98.83045186096933,Forest,2.91,83.03,14.09,774.91,7,1048.07,0.19
2022-01-01 12:10:00,Station_5,38.19599505279865,-98.94756432058072,Forest,4.39,53.16,10.29,894.68,5,1024.17,0.54
2022-01-01 12:15:00,Station_5,38.94924739134876,-74.14874826040855,Water,22.49,40.12,9.32,242.8,8,1009.29,0.42
2022-01-01 12:20:00,Station_5,38.1970756899,-107.0723814565301,Water,1.48,57.82,14.95,159.43,0,1043.85,0.53
2022-01-01 12:25:00,Station_5,30.628454246565823,-103.4907071338635,Water,-6.14,78.38,4.28,283.14,5,993.0,0.48
2022-01-01 12:30:00,Station_5,38.18603934746438,-78.17973789072242,Water,12.76,32.67,14.85,353.92,6,1008.55,0.6
2022-01-01 12:35:00,Station_5,30.10427484058068,-85.06751171404062,Urban,25.99,43.97,7.3,242.07,10,1030.71,0.8
2022-01-01 12:40:00,Station_5,40.971479375236925,-93.03061091980786,Water,16.56,89.02,10.68,345.1,5,1018.44,0.75
2022-01-01 12:45:00,Station_5,49.01278297550366,-62.66832960494544,Urban,11.0,41.79,12.48,207.45,10,1043.74,0.67
2022-01-01 12:50:00,Station_5,47.96372536754741,-106.0105117995651,Barren,-2.42,62.85,10.34,327.02,8,1029.08,0.52
2022-01-01 12:55:00,Station_5,43.48962923674219,-78.79529426190173,Forest,34.2,78.11,2.42,981.18,4,1027.58,0.77
2022-01-01 13:00:00,Station_5,30.339782769953572,-66.57486182327987,Forest,7.16,52.19,8.28,622.43,7,1015.53,0.65
2022-01-01 13:05:00,Station_5,49.39488748044266,-103.4314160521028,Urban,-7.7,36.29,10.62,875.6,8,1025.27,0.1
2022-01-01 13:10:00,Station_5,28.709078923217398,-103.60220473640663,Water,-3.63,62.31,13.12,896.24,3,1025.96,0.36
2022-01-01 13:15:00,Station_5,38.65840723429669,-97.81550027848664,Agricultural,5.06,39.49,3.92,992.32,10,1044.79,0.25
2022-01-01 13:20:00,Station_5,40.824541508703504,-76.62086975634595,Forest,6.87,45.1,9.94,997.22,6,1047.42,0.26
2022-01-01 13:25:00,Station_5,44.28943628390833,-63.80091734383823,Urban,22.74,77.35,8.81,271.28,9,992.32,0.9
2022-01-01 13:30:00,Station_5,38.80906791423833,-74.81155222333452,Agricultural,10.57,52.33,14.47,348.54,5,998.66,0.15
2022-01-01 13:35:00,Station_5,32.672845928556285,-124.65033965268472,Barren,12.44,85.24,11.92,647.96,4,985.87,0.44
2022-01-01 13:40:00,Station_5,31.857167257521006,-115.3946401394425,Urban,19.29,32.23,12.58,363.4,2,989.35,0.61
2022-01-01 13:45:00,Station_5,28.015593282007238,-90.56886582731511,Barren,-2.42,61.39,14.09,392.92,5,1013.47,0.66
2022-01-01 13:50:00,Station_5,26.729455062819728,-121.41760165762452,Barren,6.05,49.32,1.95,352.34,2,1012.03,0.75
2022-01-01 13:55:00,Station_5,43.76887095596335,-106.55912130109664,Forest,27.04,78.33,5.89,835.1,9,982.73,0.14
2022-01-01 14:00:00,Station_5,35.327260910353885,-93.70131932403903,Water,24.09,49.96,7.66,892.44,1,1037.4,0.44
2022-01-01 14:05:00,Station_5,45.486448178354976,-117.6625265337119,Forest,-9.08,56.77,9.83,701.44,5,1027.36,0.19
2022-01-01 14:10:00,Station_5,45.66321825836903,-90.15194506679003,Forest,14.16,87.57,0.21,542.71,0,1018.08,0.8
2022-01-01 14:15:00,Station_5,36.172554648734156,-90.17644082831484,Forest,4.94,77.63,3.96,173.18,2,991.01,0.13
2022-01-01 14:20:00,Station_5,35.52512543855253,-116.00114079508597,Forest,13.88,33.4,5.2,671.7,5,1032.35,0.2
2022-01-01 14:25:00,Station_5,27.845947630599248,-109.29356031976083,Agricultural,-6.09,34.6,6.99,135.49,6,998.42,0.43
2022-01-01 14:30:00,Station_5,42.31190920271535,-79.58044669228346,Agricultural,25.95,72.63,4.28,345.47,6,1026.99,0.19
2022-01-01 14:35:00,Station_5,26.991594826555595,-102.29225138948514,Water,30.5,33.48,12.65,146.28,4,986.14,0.33
2022-01-01 14:40:00,Station_5,45.98414828149573,-63.37240754823018,Agricultural,-1.35,58.43,11.77,231.14,8,1001.46,0.52
2022-01-01 14:45:00,Station_5,42.12579177911432,-62.07537503262494,Barren,23.76,39.15,6.33,431.97,5,1034.41,0.37
2022-01-01 14:50:00,Station_5,34.986426675403536,-76.55005290158896,Barren,-4.44,86.48,12.67,385.3,2,1005.85,0.59
2022-01-01 14:55:00,Station_5,37.24211375707303,-100.07989633631757,Forest,-8.33,51.2,14.23,799.36,2,989.74,0.46
2022-01-01 15:00:00,Station_5,48.07462124968092,-120.33820256565757,Urban,30.36,37.62,10.81,313.4,0,1005.2,0.48
2022-01-01 15:05:00,Station_5,25.25267792390413,-101.71107631847292,Agricultural,33.04,61.05,10.33,196.32,9,1012.9,0.79
2022-01-01 15:10:00,Station_5,36.01026075547229,-103.59549225471213,Water,-6.74,73.88,6.12,886.4,6,1035.96,0.19
2022-01-01 15:15:00,Station_5,36.37217003405559,-63.91743980125273,Water,29.9,89.57,12.8,857.52,7,996.29,0.49
2022-01-01 15:20:00,Station_5,40.157616915669585,-122.81540463054024,Barren,-4.44,49.73,2.14,313.96,1,984.98,0.83
2022-01-01 15:25:00,Station_5,32.471398052160644,-100.04414114964939,Urban,16.48,57.77,10.0,898.66,8,992.33,0.47
2022-01-01 15:30:00,Station_5,29.67193569548033,-94.71540564257285,Agricultural,13.26,50.3,5.05,207.97,10,1002.6,0.63
2022-01-01 15:35:00,Station_5,45.30216598948182,-110.40464008546746,Agricultural,14.98,47.95,7.87,704.87,3,1015.72,0.56
2022-01-01 15:40:00,Station_5,36.3443108790388,-67.38088598536277,Forest,34.79,42.85,5.06,680.18,0,1033.05,0.34
2022-01-01 15:45:00,Station_5,30.143618789775367,-80.12180867726758,Barren,6.88,73.45,14.53,811.99,4,1040.77,0.58
2022-01-01 15:50:00,Station_5,32.43551747038302,-64.08042616582932,Water,23.26,89.81,0.51,510.37,0,989.05,0.22
2022-01-01 15:55:00,Station_5,34.34405060063888,-94.66038061114527,Water,-7.19,76.05,12.28,459.82,6,1006.17,0.46
2022-01-01 16:00:00,Station_5,45.42431530991542,-99.22852356778523,Barren,26.21,61.82,0.41,262.0,5,989.52,0.45
2022-01-01 16:05:00,Station_5,35.679675465455006,-66.86560348117513,Agricultural,3.66,65.26,13.27,108.66,3,1006.93,0.65
2022-01-01 16:10:00,Station_5,35.39001707883367,-118.64090343109797,Water,21.27,54.87,9.08,604.88,2,986.22,0.55
2022-01-01 16:15:00,Station_5,32.23474332459868,-71.59852015525522,Barren,3.31,71.08,3.49,424.13,8,1038.04,0.56
2022-01-01 16:20:00,Station_5,44.401156218165,-79.63800428972542,Water,0.95,33.72,4.1,456.8,4,1046.55,0.36
2022-01-01 16:25:00,Station_5,47.51355018327505,-109.16113420943738,Barren,-1.22,83.51,9.79,698.28,3,1022.21,0.39
2022-01-01 16:30:00,Station_5,40.539407373830755,-115.97758191843607,Urban,7.71,82.57,4.28,567.51,5,998.64,0.53
2022-01-01 16:35:00,Station_5,36.34989029787286,-77.71660436567038,Water,-9.53,83.78,3.98,479.93,8,1039.95,0.16
2022-01-01 16:40:00,Station_5,36.14028160730197,-97.95625576781931,Urban,33.98,56.08,13.13,715.59,7,1036.05,0.51
2022-01-01 16:45:00,Station_5,30.403217727756573,-95.5539153468702,Barren,11.11,45.33,4.6,482.76,2,994.42,0.83
2022-01-01 16:50:00,Station_5,41.04215836451384,-113.58628960907929,Agricultural,-8.36,55.39,5.33,506.43,8,997.48,0.38
2022-01-01 16:55:00,Station_5,36.86641817091977,-67.68500898446293,Forest,6.12,74.71,7.24,129.99,4,1001.71,0.29
2022-01-01 17:00:00,Station_5,31.163582966916326,-68.88152514792495,Water,30.51,58.11,0.21,736.33,1,1017.32,0.71
2022-01-01 17:05:00,Station_5,31.78114990410033,-113.84459239996514,Barren,4.22,47.72,11.14,656.38,4,994.76,0.24
2022-01-01 17:10:00,Station_5,46.3711144528299,-121.14523906443095,Agricultural,28.57,79.05,6.01,595.59,10,986.81,0.12
2022-01-01 17:15:00,Station_5,35.37640375941784,-115.91416485070008,Forest,17.33,65.62,4.9,975.74,2,987.34,0.73
2022-01-01 17:20:00,Station_5,36.93705109038133,-84.92410554045904,Urban,4.85,52.33,9.69,952.57,6,1047.81,0.25
2022-01-01 17:25:00,Station_5,29.295665734322093,-109.98991793722433,Forest,28.78,85.77,9.92,198.84,3,1031.72,0.72
2022-01-01 17:30:00,Station_5,49.521602484988406,-63.86936680341914,Water,11.4,38.29,6.31,495.25,0,1044.55,0.31
2022-01-01 17:35:00,Station_5,47.855026505783314,-67.5571725873989,Agricultural,-4.45,56.31,7.77,198.49,3,1036.36,0.49
2022-01-01 17:40:00,Station_5,28.898175296795152,-96.17740829832852,Urban,3.49,61.64,11.49,841.05,5,1042.55,0.32
2022-01-01 17:45:00,Station_5,36.54471788865487,-111.11563458177113,Urban,-2.41,43.74,12.61,588.17,4,1040.09,0.85
2022-01-01 17:50:00,Station_5,44.37085976165828,-66.00617023124656,Urban,32.47,89.73,12.47,505.12,4,995.24,0.59
2022-01-01 17:55:00,Station_5,25.24895566659896,-120.79501714759299,Barren,6.72,75.43,12.8,642.95,1,987.8,0.43
2022-01-01 18:00:00,Station_5,35.207816232409826,-96.36155058331106,Urban,21.67,85.24,14.51,833.22,0,994.37,0.2
2022-01-01 18:05:00,Station_5,41.107897383311446,-123.27766485536786,Urban,27.57,80.01,8.42,986.46,1,1035.07,0.73
2022-01-01 18:10:00,Station_5,30.387993570737095,-101.45857384810263,Barren,21.56,67.89,1.99,752.29,1,985.1,0.64
2022-01-01 18:15:00,Station_5,33.49732126646123,-66.69654916126248,Urban,7.18,54.64,10.32,926.14,4,996.59,0.62
2022-01-01 18:20:00,Station_5,28.616090725182662,-61.860868471560195,Forest,25.79,32.57,10.32,255.31,8,1037.98,0.61
2022-01-01 18:25:00,Station_5,28.55154617223089,-82.78433466486732,Barren,10.78,70.38,11.56,410.74,1,992.26,0.65
2022-01-01 18:30:00,Station_5,46.50164639624589,-64.73617209274258,Forest,-2.55,68.26,6.55,180.44,6,1002.0,0.76
2022-01-01 18:35:00,Station_5,25.159619497838662,-111.85006436900258,Forest,27.62,77.35,7.9,150.66,6,1036.57,0.22
2022-01-01 18:40:00,Station_5,31.29594954843329,-87.12614343227008,Barren,-5.44,70.48,9.64,521.51,10,996.55,0.69
2022-01-01 18:45:00,Station_5,28.450271224129274,-94.41352798371021,Agricultural,22.83,83.08,12.33,661.11,10,1030.47,0.54
2022-01-01 18:50:00,Station_5,46.05327325341099,-67.69184865207818,Water,-2.97,54.2,3.02,746.05,6,1001.57,0.24
2022-01-01 18:55:00,Station_5,32.15041205320689,-61.73570894166293,Forest,-1.47,40.07,4.4,573.54,4,997.26,0.88
2022-01-01 19:00:00,Station_5,43.68915837498117,-88.55648844502063,Forest,-3.5,36.46,3.34,108.85,1,1011.91,0.27
2022-01-01 19:05:00,Station_5,44.81757168301747,-62.340420471883014,Urban,-0.48,48.46,4.38,195.01,1,1048.46,0.36
2022-01-01 19:10:00,Station_5,48.06821924569191,-108.73687546271795,Forest,-9.76,62.45,6.17,215.25,9,1034.14,0.39
2022-01-01 19:15:00,Station_5,42.41098401216158,-121.83798318375614,Barren,7.65,40.34,10.2,495.01,3,992.02,0.16
2022-01-01 19:20:00,Station_5,37.80443062403174,-98.33970601243453,Forest,14.87,37.7,5.52,626.34,3,1002.84,0.35
2022-01-01 19:25:00,Station_5,25.662592952407103,-81.09088111174296,Forest,2.48,79.7,14.72,369.95,1,1018.45,0.45
2022-01-01 19:30:00,Station_5,40.860145038366895,-105.00151209186245,Urban,5.85,83.54,14.1,492.62,0,1036.18,0.39
2022-01-01 19:35:00,Station_5,47.88314064809212,-71.66063396572781,Urban,-1.23,44.7,7.14,100.3,0,981.79,0.47
2022-01-01 19:40:00,Station_5,45.00171022430885,-110.24163123866745,Water,8.39,80.85,8.15,268.7,3,1044.25,0.73
2022-01-01 19:45:00,Station_5,37.27101866143099,-65.46583062846628,Forest,4.56,36.54,6.23,271.52,10,1030.43,0.26
2022-01-01 19:50:00,Station_5,27.552395279437746,-79.5101000512426,Agricultural,23.72,67.36,4.64,260.52,10,1008.08,0.59
2022-01-01 19:55:00,Station_5,37.05635728049434,-94.09940329014705,Forest,4.74,43.86,4.98,721.47,6,983.72,0.68
2022-01-01 20:00:00,Station_5,33.41679113347516,-83.04773042304592,Urban,25.77,76.37,9.05,107.62,9,1035.14,0.5
2022-01-01 20:05:00,Station_5,49.141047348436594,-83.82699614679777,Urban,0.64,69.85,8.68,499.99,3,1026.62,0.62
2022-01-01 20:10:00,Station_5,34.40615277411202,-117.2109945360176,Forest,13.6,37.99,14.03,732.26,5,1047.59,0.14
2022-01-01 20:15:00,Station_5,30.724580477319247,-75.58094811921094,Forest,7.67,82.93,11.17,749.01,4,1045.96,0.18
2022-01-01 20:20:00,Station_5,44.06760770426185,-100.69018038904154,Urban,33.87,56.02,6.47,517.85,9,1004.54,0.18
2022-01-01 20:25:00,Station_5,40.306784484965824,-86.26558423177184,Barren,17.13,38.33,9.05,428.35,8,988.78,0.32
2022-01-01 20:30:00,Station_5,49.60904255144399,-95.1858859450555,Agricultural,33.8,83.05,5.07,120.58,7,1042.77,0.22
2022-01-01 20:35:00,Station_5,28.18998499902063,-102.39028842217026,Barren,7.15,75.53,1.99,601.58,7,1014.46,0.27
2022-01-01 20:40:00,Station_5,36.170680188912215,-65.921274975894,Barren,14.79,89.34,13.63,221.04,8,1036.13,0.13
2022-01-01 20:45:00,Station_5,48.19020255736481,-114.78135915949662,Agricultural,14.78,51.77,6.04,222.43,1,1015.86,0.63
2022-01-01 20:50:00,Station_5,43.91372411821635,-104.08279640633269,Water,26.4,39.82,1.31,953.97,8,1033.83,0.76
2022-01-01 20:55:00,Station_5,27.509277989254084,-66.81743884940161,Water,30.02,30.96,9.24,603.87,6,1049.01,0.39
2022-01-01 21:00:00,Station_5,43.75115955709863,-95.65485360608271,Water,14.88,58.39,0.52,420.88,7,988.39,0.68
2022-01-01 21:05:00,Station_5,48.28625527186067,-93.98070217533639,Water,33.73,82.01,7.39,697.6,9,987.24,0.59
2022-01-01 21:10:00,Station_5,47.23180056816927,-111.14050564824578,Forest,13.37,30.49,10.31,690.39,6,985.18,0.36
2022-01-01 21:15:00,Station_5,42.711268993503126,-123.91036355463311,Agricultural,27.33,62.79,13.95,675.48,2,1018.28,0.82
2022-01-01 21:20:00,Station_5,43.41660580688827,-124.68613191168653,Agricultural,24.56,36.14,5.93,489.02,4,1007.4,0.35
2022-01-01 21:25:00,Station_5,26.45495317263172,-81.22446139121732,Water,7.1,76.3,0.98,238.18,3,1048.1,0.51
2022-01-01 21:30:00,Station_5,33.31960521893802,-69.89313353775302,Agricultural,1.44,43.93,0.49,367.9,0,985.82,0.53
2022-01-01 21:35:00,Station_5,49.460570506126956,-71.59827028579696,Water,4.09,84.16,5.61,850.27,6,1044.45,0.27
2022-01-01 21:40:00,Station_5,44.86539732641677,-71.67863726828367,Agricultural,18.16,51.4,5.4,454.87,4,983.36,0.64
2022-01-01 21:45:00,Station_5,25.28486754526147,-76.3049688699644,Urban,0.47,89.69,13.76,684.15,0,997.25,0.21
2022-01-01 21:50:00,Station_5,37.981122768276215,-69.76977818014596,Water,4.75,58.22,4.6,298.5,6,1038.33,0.15
2022-01-01 21:55:00,Station_5,38.47825597467521,-62.96628417527335,Agricultural,34.25,55.02,10.28,608.12,0,1043.96,0.25
2022-01-01 22:00:00,Station_5,44.14391673122998,-81.51521975924142,Barren,33.7,32.79,6.08,233.12,3,1040.4,0.51
2022-01-01 22:05:00,Station_5,26.599348510660725,-63.48418547291482,Urban,12.28,82.65,7.16,875.58,4,1007.57,0.45
2022-01-01 22:10:00,Station_5,27.977871871796697,-120.29249495936601,Urban,27.64,48.21,12.93,999.61,6,1025.11,0.7
2022-01-01 22:15:00,Station_5,46.51285252463765,-93.18104740214571,Barren,-5.45,40.06,1.13,814.3,9,1039.35,0.41
2022-01-01 22:20:00,Station_5,41.713764610538135,-111.19859396322578,Water,24.61,35.33,5.99,367.2,2,981.37,0.52
2022-01-01 22:25:00,Station_5,25.95890636066974,-123.5029992942947,Agricultural,6.47,46.01,2.75,553.18,9,989.64,0.87
2022-01-01 22:30:00,Station_5,29.456169063681354,-120.44950659238106,Urban,7.57,56.11,9.81,649.11,3,1046.15,0.54
2022-01-01 22:35:00,Station_5,27.00099577236368,-60.45528811786701,Agricultural,24.94,61.77,7.24,240.59,8,982.8,0.15
2022-01-01 22:40:00,Station_5,25.982227074172712,-77.18038800005957,Water,31.78,54.33,4.67,301.63,0,1039.22,0.36
2022-01-01 22:45:00,Station_5,29.947700601207586,-93.24500737805664,Water,20.57,40.74,14.61,345.1,3,981.31,0.12
2022-01-01 22:50:00,Station_5,49.434003985267104,-81.81757892266297,Agricultural,4.33,67.33,12.09,903.02,3,1045.54,0.8
2022-01-01 22:55:00,Station_5,49.513582530993965,-68.69894687468151,Urban,-2.33,48.83,4.97,679.27,2,1009.7,0.28
2022-01-01 23:00:00,Station_5,38.63928498890123,-76.17065183486837,Water,7.79,65.95,7.81,648.81,4,1041.14,0.73
2022-01-01 23:05:00,Station_5,45.881153565119476,-116.59720022764544,Forest,24.26,74.84,9.96,345.55,10,1023.75,0.71
2022-01-01 23:10:00,Station_5,32.91763724098551,-73.85169889963339,Forest,0.27,40.23,7.0,565.33,9,1048.83,0.88
2022-01-01 23:15:00,Station_5,36.0078230363306,-98.21370222031038,Water,17.16,63.78,3.66,597.77,3,1033.03,0.22
2022-01-01 23:20:00,Station_5,30.196307210319993,-71.60152538982982,Agricultural,-2.31,76.5,4.46,969.26,10,1024.9,0.76
2022-01-01 23:25:00,Station_5,48.8688572448624,-106.11111505839787,Barren,-3.62,64.58,8.1,175.15,6,1044.0,0.65
2022-01-01 23:30:00,Station_5,29.037757801103155,-100.6558578685141,Urban,1.62,81.11,12.93,903.85,5,1009.32,0.25
2022-01-01 23:35:00,Station_5,48.05366519859659,-94.10993927690824,Urban,29.14,45.65,0.33,495.26,1,1021.05,0.46
2022-01-01 23:40:00,Station_5,26.02467825025882,-116.32706446017986,Forest,11.86,63.58,4.94,117.36,6,990.46,0.56
2022-01-01 23:45:00,Station_5,30.422861891724146,-119.42428878190438,Agricultural,-0.06,71.64,14.52,936.69,6,1000.6,0.65
2022-01-01 23:50:00,Station_5,28.200960060555598,-72.02486731253367,Forest,16.63,86.05,12.81,244.59,1,1019.59,0.73
2022-01-01 23:55:00,Station_5,30.873754200507594,-103.59806544387516,Urban,2.82,82.83,3.01,722.38,4,1048.58,0.82
2022-01-01 00:00:00,Station_6,40.952338138549806,-92.29249435478997,Water,30.78,35.53,5.61,190.03,1,1004.55,0.32
2022-01-01 00:05:00,Station_6,34.53864472912647,-81.95925359664335,Forest,22.85,82.64,11.06,710.31,5,1014.36,0.6
2022-01-01 00:10:00,Station_6,43.90064255607834,-102.7597962404712,Agricultural,-3.19,77.46,1.84,366.14,5,1045.94,0.16
2022-01-01 00:15:00,Station_6,40.43389546761951,-107.43570102220679,Water,30.62,52.17,10.79,722.01,5,982.25,0.56
2022-01-01 00:20:00,Station_6,37.84480002600443,-84.07848876199739,Water,-8.72,76.49,12.24,333.66,6,1030.48,0.45
2022-01-01 00:25:00,Station_6,43.191227297524904,-108.30470947925109,Agricultural,-2.67,74.34,1.82,335.64,2,1037.66,0.77
2022-01-01 00:30:00,Station_6,34.20023060523232,-76.71750721620776,Urban,3.43,71.9,14.49,379.4,0,990.26,0.28
2022-01-01 00:35:00,Station_6,30.495039298108686,-105.10681620855517,Water,13.31,81.52,1.3,314.94,9,1009.7,0.64
2022-01-01 00:40:00,Station_6,46.21329808858013,-102.6898347880116,Urban,28.85,54.83,6.23,573.25,10,1029.54,0.52
2022-01-01 00:45:00,Station_6,43.14946489891008,-64.4754161234762,Urban,29.04,36.16,2.71,990.24,5,1003.69,0.29
2022-01-01 00:50:00,Station_6,27.121788412278093,-93.33365200482818,Agricultural,3.03,86.77,0.81,425.46,10,1012.59,0.9
2022-01-01 00:55:00,Station_6,46.70102959565061,-63.57804976704886,Forest,9.09,56.31,6.44,102.18,1,1018.91,0.86
2022-01-01 01:00:00,Station_6,29.36879139287674,-67.5549824552736,Urban,-3.13,53.96,13.84,489.38,3,1013.61,0.67
2022-01-01 01:05:00,Station_6,35.315557768692884,-110.79026562859977,Water,19.82,43.71,13.88,378.21,6,1028.49,0.79
2022-01-01 01:10:00,Station_6,25.11377419870169,-71.63525376771807,Barren,15.58,40.29,5.76,681.11,8,1011.08,0.37
2022-01-01 01:15:00,Station_6,44.42914300330941,-82.86151138821249,Water,13.36,89.33,6.92,413.22,5,997.06,0.55
2022-01-01 01:20:00,Station_6,48.22839481946234,-108.60652564070543,Forest,12.63,57.4,9.0,814.54,9,980.86,0.7
2022-01-01 01:25:00,Station_6,35.73660180606424,-108.26786470506696,Agricultural,28.02,40.91,11.26,475.4,2,1005.63,0.19
2022-01-01 01:30:00,Station_6,38.28880646111082,-84.77669182902757,Agricultural,26.14,37.23,8.67,129.91,10,1007.93,0.44
2022-01-01 01:35:00,Station_6,49.57027323802181,-101.1101565529782,Urban,8.22,33.92,3.51,823.49,3,1017.3,0.36
2022-01-01 01:40:00,Station_6,37.658583277070676,-99.11254040418932,Water,7.01,54.59,4.15,647.3,2,988.38,0.37
2022-01-01 01:45:00,Station_6,33.302314231947065,-116.50289734445366,Urban,-8.67,52.31,0.57,790.88,5,1048.2,0.66
2022-01-01 01:50:00,Station_6,30.450420570214384,-124.79547296957978,Barren,-1.72,58.29,10.16,726.03,1,1033.38,0.6
2022-01-01 01:55:00,Station_6,32.946855958676515,-104.58798625799027,Forest,32.2,66.02,4.3,676.98,10,1048.17,0.36
2022-01-01 02:00:00,Station_6,46.504999107873125,-92.71763162385412,Water,-7.46,57.08,3.94,828.41,4,1013.69,0.39
2022-01-01 02:05:00,Station_6,31.460158294947576,-94.8785186462123,Water,28.49,46.45,2.47,940.53,10,1027.03,0.79
2022-01-01 02:10:00,Station_6,35.779477387509274,-73.24806968758926,Urban,20.64,57.23,4.22,348.95,7,980.48,0.24
2022-01-01 02:15:00,Station_6,43.23365299259794,-62.98660014641388,Water,29.53,80.73,4.83,418.64,4,992.69,0.1
2022-01-01 02:20:00,Station_6,35.17535824691792,-106.42277642867481,Urban,-2.84,78.52,0.47,712.36,3,1039.31,0.28
2022-01-01 02:25:00,Station_6,42.20497916440161,-112.68098513407878,Water,21.83,39.63,0.18,254.25,3,1011.61,0.39
2022-01-01 02:30:00,Station_6,29.882673555093426,-64.8636564998678,Agricultural,9.07,64.01,7.18,823.95,4,993.36,0.43
2022-01-01 02:35:00,Station_6,35.55395167447643,-68.29644892534905,Water,4.02,49.68,5.65,437.08,0,1001.3,0.54
2022-01-01 02:40:00,Station_6,25.562575600459354,-112.3121154577241,Forest,25.94,32.2,7.57,122.17,4,1017.33,0.82
2022-01-01 02:45:00,Station_6,29.532602011925288,-96.62443275814908,Agricultural,30.7,84.79,2.33,326.01,5,1025.12,0.76
2022-01-01 02:50:00,Station_6,42.76805539026392,-103.12348701501998,Urban,-8.84,33.91,7.48,398.99,3,1005.01,0.83
2022-01-01 02:55:00,Station_6,41.071619734493076,-63.50298237007351,Forest,13.14,58.37,9.3,933.86,7,1031.55,0.44
2022-01-01 03:00:00,Station_6,36.7616214896095,-110.02968425994327,Water,-1.67,55.66,13.9,911.21,0,1033.38,0.54
2022-01-01 03:05:00,Station_6,47.16382149137549,-66.08315982034557,Agricultural,33.57,81.59,3.18,945.26,5,998.06,0.41
2022-01-01 03:10:00,Station_6,47.745796831681055,-102.81577122754653,Urban,24.58,73.02,0.61,129.69,0,1026.58,0.21
2022-01-01 03:15:00,Station_6,30.42893227684963,-113.35624371145019,Water,21.32,60.49,9.52,359.83,3,1018.69,0.64
2022-01-01 03:20:00,Station_6,40.568020355799284,-62.06229067405017,Forest,1.83,71.12,10.83,674.58,8,1016.65,0.14
2022-01-01 03:25:00,Station_6,29.405094694686085,-85.76393967993434,Water,13.43,54.16,5.3,790.3,2,1007.28,0.74
2022-01-01 03:30:00,Station_6,40.324597288545014,-123.94734153835937,Water,-5.2,34.59,7.56,408.28,10,1012.34,0.44
2022-01-01 03:35:00,Station_6,33.738345199892485,-61.13385809866492,Forest,20.0,70.89,13.11,641.86,2,1011.47,0.13
2022-01-01 03:40:00,Station_6,45.18461483612714,-76.88805926988607,Agricultural,12.61,48.69,4.6,422.65,0,1032.41,0.59
2022-01-01 03:45:00,Station_6,46.22977285880081,-122.21803444026145,Water,0.05,84.4,8.15,277.96,10,981.2,0.63
2022-01-01 03:50:00,Station_6,25.636119695535385,-99.53803955026501,Water,8.0,66.35,1.01,418.36,0,1031.1,0.42
2022-01-01 03:55:00,Station_6,27.08594932353052,-60.95982994650656,Agricultural,32.49,39.05,3.2,317.36,6,993.9,0.3
2022-01-01 04:00:00,Station_6,35.93957355494103,-112.91119934592548,Agricultural,3.31,33.91,4.49,661.05,4,1023.3,0.88
2022-01-01 04:05:00,Station_6,48.19560060659729,-67.20480733172357,Forest,26.46,35.3,14.97,491.45,9,1004.13,0.61
2022-01-01 04:10:00,Station_6,38.72113622505388,-75.94271681973788,Urban,31.22,79.43,12.59,913.64,7,984.97,0.46
2022-01-01 04:15:00,Station_6,48.2062642662119,-69.68461033210974,Urban,-8.61,73.98,10.04,631.87,4,996.33,0.45
2022-01-01 04:20:00,Station_6,36.32176108537822,-88.21624886748107,Barren,-7.5,53.93,1.65,186.2,6,980.7,0.16
2022-01-01 04:25:00,Station_6,35.073195996462715,-96.38693029562742,Barren,13.86,44.62,9.83,626.46,1,1015.97,0.47
2022-01-01 04:30:00,Station_6,49.356803929989766,-97.99129917255122,Barren,32.47,82.09,4.21,157.76,4,1000.6,0.51
2022-01-01 04:35:00,Station_6,46.86308721096225,-123.84480279370975,Urban,-4.92,86.73,10.25,625.86,5,993.72,0.17
2022-01-01 04:40:00,Station_6,39.65559194973095,-75.4035959571345,Urban,1.83,70.07,6.35,580.34,9,993.38,0.84
2022-01-01 04:45:00,Station_6,43.47465269882626,-105.74173147549261,Water,25.87,80.05,9.38,354.1,9,1042.47,0.4
2022-01-01 04:50:00,Station_6,40.383346365419996,-114.83900304822227,Barren,22.81,77.85,0.98,119.97,1,995.25,0.64
2022-01-01 04:55:00,Station_6,45.142009013634706,-99.81635410388354,Agricultural,21.45,75.47,11.1,197.62,1,992.92,0.47
2022-01-01 05:00:00,Station_6,30.575691732813397,-67.06894923464559,Forest,-0.33,66.02,11.19,946.7,7,1039.48,0.4
2022-01-01 05:05:00,Station_6,46.04897667787391,-71.26738692187745,Urban,1.36,49.76,11.35,774.32,2,1005.58,0.76
2022-01-01 05:10:00,Station_6,25.418747371574923,-121.09593475722508,Barren,10.4,65.1,13.35,755.93,8,1026.42,0.13
2022-01-01 05:15:00,Station_6,29.057363188085006,-73.23000289886161,Barren,5.18,80.69,0.36,107.54,6,1000.77,0.68
2022-01-01 05:20:00,Station_6,25.091749330415126,-81.68538430932134,Forest,-8.11,82.92,11.33,121.48,3,1046.42,0.43
2022-01-01 05:25:00,Station_6,27.549625999214943,-69.81831086406102,Urban,17.22,40.29,5.02,764.29,6,992.17,0.28
2022-01-01 05:30:00,Station_6,33.88747875857766,-121.22539499249609,Urban,23.83,69.72,10.76,418.14,3,1043.09,0.59
2022-01-01 05:35:00,Station_6,28.096408714662083,-81.72080684055209,Water,-0.92,32.4,4.89,107.94,9,1039.4,0.24
2022-01-01 05:40:00,Station_6,29.81365397352163,-74.93781298615096,Water,-6.62,49.62,0.01,842.2,4,1038.14,0.82
2022-01-01 05:45:00,Station_6,48.77878230955755,-106.28581896639673,Forest,5.66,65.76,1.12,395.85,6,993.98,0.26
2022-01-01 05:50:00,Station_6,41.06122309026499,-79.07169849881322,Water,19.03,32.25,9.96,362.8,10,1017.8,0.86
2022-01-01 05:55:00,Station_6,31.809470159667626,-85.30916000907727,Agricultural,22.84,89.4,12.97,878.58,2,1009.88,0.39
2022-01-01 06:00:00,Station_6,32.432389694904614,-81.78642882116547,Urban,12.22,57.66,2.97,497.74,0,1011.81,0.89
2022-01-01 06:05:00,Station_6,27.879223091982805,-119.2404556478842,Agricultural,21.08,41.14,8.44,266.23,8,1014.44,0.59
2022-01-01 06:10:00,Station_6,48.00722004680257,-123.34268838815163,Water,34.65,38.28,13.92,786.42,5,1006.97,0.87
2022-01-01 06:15:00,Station_6,31.856254903971816,-82.56962464548374,Forest,7.05,55.93,6.65,796.83,1,1024.02,0.21
2022-01-01 06:20:00,Station_6,40.6515567938897,-100.48245384904509,Forest,18.17,77.39,3.92,330.1,5,1020.75,0.66
2022-01-01 06:25:00,Station_6,29.330526084886337,-60.535811344717075,Agricultural,14.99,49.53,0.3,922.31,7,998.94,0.72
2022-01-01 06:30:00,Station_6,37.170422095772764,-116.83061314622762,Urban,-7.39,73.49,1.38,306.4,3,1026.86,0.36
2022-01-01 06:35:00,Station_6,28.802673274319144,-102.00356362945574,Forest,28.96,63.19,11.93,975.67,6,1034.69,0.11
2022-01-01 06:40:00,Station_6,46.19318064662795,-66.85239308552363,Urban,0.43,53.73,0.09,709.33,0,983.79,0.21
2022-01-01 06:45:00,Station_6,32.48975882111008,-114.84341564417528,Barren,21.0,73.31,6.35,450.86,10,986.49,0.46
2022-01-01 06:50:00,Station_6,35.87856352829872,-73.99374353805247,Forest,20.15,81.62,6.86,250.18,4,1032.67,0.54
2022-01-01 06:55:00,Station_6,37.83592710782823,-82.96408342645829,Forest,14.37,73.1,8.71,340.9,4,1009.41,0.87
2022-01-01 07:00:00,Station_6,30.767799684853046,-64.0346425671988,Barren,21.2,73.55,4.55,663.7,4,1000.43,0.66
2022-01-01 07:05:00,Station_6,41.62004412800914,-122.38837369002876,Barren,31.46,77.52,3.6,817.99,10,1028.62,0.8
2022-01-01 07:10:00,Station_6,41.16787413236568,-97.37450911189221,Water,23.24,60.67,1.48,398.3,10,1049.27,0.38
2022-01-01 07:15:00,Station_6,27.253703018275754,-84.51879551499619,Urban,28.45,44.07,12.9,704.0,0,1043.12,0.49
2022-01-01 07:20:00,Station_6,38.00340699762789,-118.22083158387291,Barren,15.22,74.76,8.64,698.57,8,1004.68,0.13
2022-01-01 07:25:00,Station_6,40.07120590260787,-79.91854618445143,Urban,28.33,73.33,5.64,360.12,2,1009.23,0.65
2022-01-01 07:30:00,Station_6,31.27285664776975,-89.35141947975609,Water,4.42,87.32,0.57,779.79,7,982.7,0.65
2022-01-01 07:35:00,Station_6,37.16464004371862,-111.98287283900166,Water,2.88,56.83,11.0,885.28,4,999.42,0.21
2022-01-01 07:40:00,Station_6,33.434255900623924,-92.68986498334581,Forest,33.56,66.6,3.49,342.15,1,1048.25,0.57
2022-01-01 07:45:00,Station_6,44.74764657805298,-84.55878937407701,Agricultural,-7.21,41.99,3.66,108.99,10,984.36,0.19
2022-01-01 07:50:00,Station_6,39.87765470304182,-82.92965621811918,Urban,9.92,87.18,9.54,644.56,2,999.29,0.51
2022-01-01 07:55:00,Station_6,48.72206993445059,-95.13398642517605,Water,18.85,47.92,11.09,273.41,8,997.14,0.82
2022-01-01 08:00:00,Station_6,38.16223696580781,-101.01708356245067,Agricultural,-7.2,66.92,9.75,142.94,1,1016.97,0.31
2022-01-01 08:05:00,Station_6,28.92832244356991,-81.21537499273171,Barren,32.84,89.6,7.83,266.15,2,1035.78,0.86
2022-01-01 08:10:00,Station_6,27.66400142734714,-121.1125134045714,Water,23.74,65.19,14.39,117.34,2,1043.55,0.72
2022-01-01 08:15:00,Station_6,31.59461132469977,-62.33575571010046,Urban,-1.42,75.25,9.5,817.97,8,988.13,0.23
2022-01-01 08:20:00,Station_6,33.005724193028456,-84.71758634435119,Forest,-0.68,36.49,2.7,471.22,8,1026.22,0.75
2022-01-01 08:25:00,Station_6,38.77187505391549,-120.69191187326147,Water,2.48,56.84,1.71,106.35,7,1034.25,0.25
2022-01-01 08:30:00,Station_6,43.11726025820279,-74.27327116384431,Forest,11.97,61.41,9.88,358.67,4,1010.4,0.16
2022-01-01 08:35:00,Station_6,30.230272899423596,-94.26845918761873,Barren,-6.71,55.6,10.88,320.52,1,1047.35,0.81
2022-01-01 08:40:00,Station_6,39.275372415718124,-102.07797935146084,Forest,26.78,72.42,0.85,726.14,10,1010.58,0.5
2022-01-01 08:45:00,Station_6,31.03840555280441,-104.27747291675279,Water,19.12,38.11,5.29,663.79,3,981.12,0.44
2022-01-01 08:50:00,Station_6,37.329333089122315,-81.78223907098828,Agricultural,31.98,76.93,11.9,315.18,8,1032.79,0.78
2022-01-01 08:55:00,Station_6,42.606529364488054,-84.07657592908566,Water,-7.33,77.24,5.86,867.67,2,996.32,0.27
2022-01-01 09:00:00,Station_6,41.691361446295694,-105.04740497799045,Agricultural,21.61,37.14,13.46,160.55,6,1018.01,0.31
2022-01-01 09:05:00,Station_6,34.23953212473219,-86.49093556611649,Barren,25.34,34.23,0.96,320.07,7,1036.85,0.25
2022-01-01 09:10:00,Station_6,46.07011544562435,-91.95652680200538,Forest,11.43,44.48,13.57,630.89,3,1033.03,0.68
2022-01-01 09:15:00,Station_6,31.859377480704374,-119.6031619594735,Water,-2.94,53.04,12.54,217.33,9,1031.09,0.67
2022-01-01 09:20:00,Station_6,46.14399478975741,-103.20678724850183,Water,-4.59,76.4,1.92,644.8,0,997.53,0.67
2022-01-01 09:25:00,Station_6,29.08992724349929,-77.47312836930983,Agricultural,34.26,41.69,4.41,508.53,4,1030.81,0.39
2022-01-01 09:30:00,Station_6,25.280479064914964,-62.30229831309355,Agricultural,19.58,47.61,8.09,431.13,9,1021.83,0.12
2022-01-01 09:35:00,Station_6,26.514496934067537,-85.48068944505316,Barren,32.04,81.96,11.46,840.16,1,985.55,0.15
2022-01-01 09:40:00,Station_6,43.515387841388005,-101.12122528828384,Forest,-9.11,40.7,2.45,959.36,1,1005.38,0.64
2022-01-01 09:45:00,Station_6,44.97043933900585,-68.0243646047058,Urban,23.15,78.61,4.31,244.01,4,1016.43,0.32
2022-01-01 09:50:00,Station_6,31.311330440122752,-122.58644576680068,Water,4.43,67.52,2.28,594.55,9,1037.65,0.4
2022-01-01 09:55:00,Station_6,30.65211253026168,-111.79430192360249,Water,-0.04,32.3,0.26,267.25,0,1000.51,0.26
2022-01-01 10:00:00,Station_6,26.479081774540735,-97.21503030061159,Agricultural,15.89,39.13,14.21,734.28,6,1012.74,0.12
2022-01-01 10:05:00,Station_6,33.84439300382223,-89.83391606221039,Urban,-8.96,78.24,6.95,825.1,3,1007.69,0.33
2022-01-01 10:10:00,Station_6,36.545425094243384,-64.17659135643925,Barren,-8.77,56.01,1.89,542.92,9,1015.2,0.54
2022-01-01 10:15:00,Station_6,31.24965683955167,-97.14220892843448,Agricultural,-5.89,53.01,8.32,986.62,1,980.25,0.32
2022-01-01 10:20:00,Station_6,37.89599245224837,-71.84263443947137,Barren,-9.83,86.73,9.66,888.93,10,1046.14,0.27
2022-01-01 10:25:00,Station_6,26.439605023333158,-107.94549900301786,Urban,34.43,34.92,5.72,203.33,7,1022.43,0.7
2022-01-01 10:30:00,Station_6,25.073640114806786,-74.20477871867536,Forest,2.58,57.63,1.67,855.59,2,999.23,0.67
2022-01-01 10:35:00,Station_6,30.789623601737954,-75.87482289319368,Urban,4.9,38.08,1.6,563.48,2,1001.14,0.27
2022-01-01 10:40:00,Station_6,26.12519190741627,-92.0800419346989,Agricultural,1.42,71.73,1.68,649.5,2,993.33,0.54
2022-01-01 10:45:00,Station_6,31.698562176379582,-70.2700826647708,Forest,8.03,46.08,12.49,456.75,6,1045.38,0.43
2022-01-01 10:50:00,Station_6,47.06930175506488,-83.8711836033865,Agricultural,20.39,76.74,9.16,194.82,9,980.84,0.27
2022-01-01 10:55:00,Station_6,41.665291164531666,-116.411021064329,Agricultural,-3.3,74.16,4.46,161.13,7,1012.21,0.68
2022-01-01 11:00:00,Station_6,38.152483223703015,-76.51196062159215,Agricultural,11.96,42.15,13.8,541.33,8,1012.15,0.15
2022-01-01 11:05:00,Station_6,26.943320428744087,-92.61063741773975,Forest,2.28,62.29,11.34,944.45,7,997.37,0.31
2022-01-01 11:10:00,Station_6,45.57600128119066,-118.89119288326539,Urban,8.34,88.47,14.85,471.05,0,1022.37,0.35
2022-01-01 11:15:00,Station_6,45.649569254854114,-82.7032028317276,Urban,17.53,53.23,14.36,464.03,0,1013.51,0.12
2022-01-01 11:20:00,Station_6,43.22592180006353,-76.69138882237814,Agricultural,7.77,88.74,7.8,669.0,8,1013.19,0.8
2022-01-01 11:25:00,Station_6,45.69690488984018,-107.10649366605435,Forest,-7.01,61.33,5.4,162.7,8,991.77,0.31
2022-01-01 11:30:00,Station_6,27.51152752584783,-66.6532244388222,Agricultural,-5.76,56.94,12.54,733.96,9,987.16,0.55
2022-01-01 11:35:00,Station_6,39.76553951562532,-113.09310601081879,Water,-0.72,56.3,8.73,184.15,9,983.88,0.45
2022-01-01 11:40:00,Station_6,34.61225489531548,-62.18616257107674,Barren,15.52,77.87,11.23,574.95,10,1043.65,0.65
2022-01-01 11:45:00,Station_6,43.48931327643714,-79.39365838756325,Barren,-6.75,79.62,12.04,656.72,1,1031.35,0.22
2022-01-01 11:50:00,Station_6,32.15862732398118,-90.94844301483988,Agricultural,3.1,32.89,5.13,126.45,1,1025.84,0.37
2022-01-01 11:55:00,Station_6,32.236158835766936,-64.57371332998466,Water,3.52,63.07,5.4,575.71,5,1004.85,0.23
2022-01-01 12:00:00,Station_6,29.225244081047546,-89.44481898898162,Urban,29.11,72.85,1.32,155.02,10,1029.29,0.22
2022-01-01 12:05:00,Station_6,34.06504288737144,-95.24334139232232,Urban,11.03,62.08,11.59,735.1,2,1017.63,0.13
2022-01-01 12:10:00,Station_6,28.62284371914128,-108.45122115958885,Urban,10.38,56.41,1.67,367.5,10,992.73,0.33
2022-01-01 12:15:00,Station_6,41.33721717677472,-100.59393783736668,Water,5.37,38.14,7.64,573.32,9,1013.75,0.69
2022-01-01 12:20:00,Station_6,41.95838990217158,-62.5206529275356,Agricultural,-9.21,32.83,7.62,561.42,3,1000.83,0.52
2022-01-01 12:25:00,Station_6,47.76014685900137,-96.71202050031297,Agricultural,32.1,31.86,4.56,920.29,9,1026.95,0.2
2022-01-01 12:30:00,Station_6,46.10109038005646,-87.90014766986154,Urban,17.36,74.53,7.46,872.53,9,1020.76,0.84
2022-01-01 12:35:00,Station_6,42.983467515170794,-84.66460548300823,Water,16.44,62.68,3.26,189.73,3,1019.12,0.28
2022-01-01 12:40:00,Station_6,42.95515145477028,-88.67332528325605,Barren,3.25,62.84,6.43,166.35,5,1021.39,0.13
2022-01-01 12:45:00,Station_6,27.74506569989942,-106.75451100595153,Forest,-8.52,47.12,13.02,500.91,4,983.4,0.48
2022-01-01 12:50:00,Station_6,26.426105333118937,-63.779682234651766,Barren,-3.85,37.92,12.82,283.71,7,1040.51,0.1
2022-01-01 12:55:00,Station_6,49.23306338797356,-123.17545584422525,Urban,13.47,76.75,11.15,376.63,7,1047.12,0.7
2022-01-01 13:00:00,Station_6,42.3263812495438,-90.32307397183973,Water,-3.19,88.15,13.82,185.13,8,1003.19,0.25
2022-01-01 13:05:00,Station_6,29.447889587928657,-67.06816694536762,Water,4.3,38.65,12.75,374.44,0,984.94,0.78
2022-01-01 13:10:00,Station_6,46.57171397040999,-102.3627455191297,Agricultural,-1.56,75.98,7.65,525.66,1,1025.8,0.48
2022-01-01 13:15:00,Station_6,41.344037837423464,-74.88319674094242,Forest,31.85,89.4,10.79,818.5,2,1017.44,0.37
2022-01-01 13:20:00,Station_6,39.73849688272368,-86.91641271483817,Barren,4.81,83.44,1.64,744.42,0,1015.22,0.35
2022-01-01 13:25:00,Station_6,26.15167897314023,-98.08924401478258,Barren,15.61,73.33,12.9,788.13,3,1013.49,0.75
2022-01-01 13:30:00,Station_6,43.40583055999085,-70.86874309705206,Agricultural,6.9,61.36,5.69,816.18,3,1002.08,0.54
2022-01-01 13:35:00,Station_6,35.626308347316055,-86.85444408382618,Water,19.13,82.54,13.5,681.59,0,1038.34,0.3
2022-01-01 13:40:00,Station_6,34.447238554486155,-100.62587425620278,Water,31.46,49.91,1.98,121.53,7,1001.21,0.15
2022-01-01 13:45:00,Station_6,42.78972833668787,-118.11796785007999,Agricultural,-7.27,54.12,3.88,429.14,0,1025.16,0.31
2022-01-01 13:50:00,Station_6,33.97035365507574,-91.48859371050517,Forest,-7.38,71.01,8.84,546.08,10,1040.46,0.11
2022-01-01 13:55:00,Station_6,47.687110949017374,-92.64007202788122,Urban,10.44,35.53,5.01,990.83,9,1035.13,0.8
2022-01-01 14:00:00,Station_6,36.381335924092525,-88.89250735690338,Barren,12.73,34.81,9.62,369.85,6,1003.44,0.5
2022-01-01 14:05:00,Station_6,37.34728846179403,-68.10642741425039,Agricultural,1.12,71.84,14.36,117.48,10,1033.73,0.82
2022-01-01 14:10:00,Station_6,35.34608348220608,-120.38677246090805,Water,12.91,60.44,13.79,515.72,9,988.29,0.63
2022-01-01 14:15:00,Station_6,39.2010462652651,-74.31369415815814,Barren,-7.74,72.13,3.89,441.74,4,987.98,0.63
2022-01-01 14:20:00,Station_6,39.39676171580985,-62.264843843200886,Agricultural,-3.39,84.16,0.5,280.71,7,988.76,0.3
2022-01-01 14:25:00,Station_6,31.040963931477147,-100.16564735230963,Urban,2.79,59.52,11.19,399.91,2,1021.28,0.14
2022-01-01 14:30:00,Station_6,44.57021569578392,-108.09490006517689,Barren,9.59,71.17,0.72,652.56,3,1002.62,0.69
2022-01-01 14:35:00,Station_6,44.59625848909653,-87.15959164410631,Forest,13.16,30.02,9.21,719.23,7,1003.36,0.32
2022-01-01 14:40:00,Station_6,37.67053275551331,-100.81406914497845,Forest,12.08,68.93,14.92,472.65,1,990.79,0.37
2022-01-01 14:45:00,Station_6,43.34968544616835,-105.45621021407445,Barren,17.12,89.64,12.26,201.75,3,996.64,0.42
2022-01-01 14:50:00,Station_6,39.75831359399649,-94.82452994059514,Agricultural,3.02,78.59,4.58,753.8,2,980.14,0.4
2022-01-01 14:55:00,Station_6,44.12062791667494,-108.07060763612199,Urban,-0.16,69.94,0.58,616.98,1,1019.26,0.42
2022-01-01 15:00:00,Station_6,29.772117960380992,-70.74721060840915,Urban,-7.48,61.16,2.69,163.06,6,980.17,0.45
2022-01-01 15:05:00,Station_6,41.79477020059035,-82.57219119332714,Barren,7.62,76.28,14.76,217.75,10,980.52,0.82
2022-01-01 15:10:00,Station_6,27.448773658342557,-93.44276785618068,Forest,24.26,83.5,0.48,817.37,10,1011.73,0.41
2022-01-01 15:15:00,Station_6,41.47678418635198,-71.05844952275561,Water,22.34,40.94,11.18,564.11,9,980.82,0.16
2022-01-01 15:20:00,Station_6,28.548696012126015,-66.54854230024627,Forest,27.44,65.08,4.1,429.24,1,1006.66,0.65
2022-01-01 15:25:00,Station_6,30.302619745646535,-82.14874888447677,Barren,-5.25,81.24,8.62,468.16,0,1046.64,0.61
2022-01-01 15:30:00,Station_6,41.85347044868351,-68.29880269077432,Urban,23.91,86.7,9.59,153.75,6,989.45,0.5
2022-01-01 15:35:00,Station_6,38.60448283488606,-86.28898747030962,Water,-7.15,43.26,1.17,721.57,3,980.08,0.2
2022-01-01 15:40:00,Station_6,26.553070074436576,-100.73211674525692,Agricultural,28.11,86.28,2.0,576.65,9,1006.93,0.81
2022-01-01 15:45:00,Station_6,45.78530536240821,-76.50829342458385,Agricultural,15.1,37.72,9.87,588.27,7,1038.74,0.27
2022-01-01 15:50:00,Station_6,44.01282861614666,-114.88987889600809,Barren,31.76,60.75,5.19,343.02,1,981.44,0.16
2022-01-01 15:55:00,Station_6,37.86691987138257,-86.83767976053788,Barren,27.49,40.62,14.45,231.43,7,1042.23,0.66
2022-01-01 16:00:00,Station_6,44.697661848109284,-95.26609120613921,Forest,14.95,41.6,9.2,340.22,0,1008.28,0.29
2022-01-01 16:05:00,Station_6,26.516735013720513,-81.54598686874424,Forest,17.96,85.64,0.25,679.27,7,1027.63,0.58
2022-01-01 16:10:00,Station_6,30.366833683212278,-64.85946106832807,Urban,34.42,71.14,11.61,120.59,1,1046.94,0.12
2022-01-01 16:15:00,Station_6,26.935774448544585,-74.83250887297483,Water,3.07,84.63,8.42,526.49,4,1039.39,0.67
2022-01-01 16:20:00,Station_6,34.71794042911466,-114.3415482806508,Forest,-2.41,83.49,1.13,982.62,9,1029.12,0.78
2022-01-01 16:25:00,Station_6,42.76934790476875,-68.70038600618386,Barren,14.41,41.62,11.5,675.94,0,1030.62,0.69
2022-01-01 16:30:00,Station_6,39.15456409060675,-82.02488830218448,Urban,20.71,84.76,1.39,663.08,0,1038.5,0.26
2022-01-01 16:35:00,Station_6,39.15670244191607,-114.5463886865383,Water,21.14,72.65,6.02,530.35,1,986.92,0.16
2022-01-01 16:40:00,Station_6,34.393775440133396,-120.44729391449891,Agricultural,-7.28,60.85,4.14,529.46,8,1034.36,0.37
2022-01-01 16:45:00,Station_6,33.92108249016003,-95.76380879152197,Forest,1.66,71.73,7.02,743.05,2,988.97,0.31
2022-01-01 16:50:00,Station_6,49.6635300637237,-76.82596045745674,Forest,9.7,38.5,8.69,430.28,7,996.41,0.9
2022-01-01 16:55:00,Station_6,39.429853305606805,-86.70306652907263,Water,21.85,46.84,7.73,759.99,8,980.11,0.89
2022-01-01 17:00:00,Station_6,45.595412632456,-78.04883193183316,Forest,31.07,81.62,7.37,111.33,3,1024.82,0.66
2022-01-01 17:05:00,Station_6,32.01209644958787,-116.24016308827352,Urban,33.75,85.97,3.27,824.45,7,1010.45,0.29
2022-01-01 17:10:00,Station_6,25.748013978817518,-87.7229639419551,Barren,22.91,39.69,10.3,125.42,7,990.87,0.2
2022-01-01 17:15:00,Station_6,34.94809472563329,-100.4331524908516,Water,2.16,39.49,5.07,932.41,8,980.21,0.3
2022-01-01 17:20:00,Station_6,41.39488682562302,-61.865851260352734,Urban,20.9,70.64,4.69,143.73,0,981.91,0.62
2022-01-01 17:25:00,Station_6,39.713613070144575,-76.5478145642121,Water,12.13,44.68,5.82,748.73,10,988.2,0.15
2022-01-01 17:30:00,Station_6,29.780903883996203,-107.83364273130336,Forest,3.24,68.28,9.96,666.39,2,982.35,0.14
2022-01-01 17:35:00,Station_6,40.69492956133953,-122.9403068086135,Water,34.86,65.11,11.61,258.93,0,1016.29,0.39
2022-01-01 17:40:00,Station_6,48.322167372032965,-100.38680972067908,Water,33.56,65.07,11.59,439.99,7,1032.71,0.85
2022-01-01 17:45:00,Station_6,27.535025062798447,-106.25081407630815,Agricultural,16.45,55.52,7.99,533.44,4,1011.37,0.6
2022-01-01 17:50:00,Station_6,40.6108002209861,-120.82143670834411,Urban,14.7,53.17,4.99,132.93,3,982.57,0.61
2022-01-01 17:55:00,Station_6,42.11394735812692,-119.87440295762971,Forest,27.46,38.38,6.07,765.92,5,1034.27,0.71
2022-01-01 18:00:00,Station_6,41.01555847345023,-81.94441479199529,Urban,10.26,85.91,0.41,995.47,8,1043.46,0.44
2022-01-01 18:05:00,Station_6,39.81563094204288,-76.33389878160537,Forest,-4.27,87.59,7.1,420.75,5,990.41,0.17
2022-01-01 18:10:00,Station_6,47.879686473068226,-109.5694055590305,Urban,0.8,62.92,9.51,740.8,4,997.88,0.56
2022-01-01 18:15:00,Station_6,49.60699491464959,-94.73641087904346,Barren,27.25,87.43,7.53,626.5,9,1025.79,0.37
2022-01-01 18:20:00,Station_6,27.975532127117088,-83.22660618171537,Agricultural,24.6,34.01,12.94,734.16,8,1005.74,0.7
2022-01-01 18:25:00,Station_6,36.94607913203403,-63.51643865936004,Urban,33.69,82.9,3.8,343.48,7,1026.67,0.46
2022-01-01 18:30:00,Station_6,36.0468564645268,-89.10415847226224,Agricultural,16.76,54.51,8.72,600.5,4,992.7,0.77
2022-01-01 18:35:00,Station_6,35.68357735214819,-109.54343923999348,Urban,19.16,59.49,14.7,425.41,0,1037.3,0.55
2022-01-01 18:40:00,Station_6,43.3131490784625,-110.79304412192069,Urban,-8.92,31.57,5.02,192.86,10,1029.71,0.7
2022-01-01 18:45:00,Station_6,44.60627413930304,-83.47184896843939,Water,17.91,32.83,1.35,124.7,1,999.54,0.66
2022-01-01 18:50:00,Station_6,40.604945103757544,-74.55419974647725,Urban,-0.43,56.91,11.92,827.03,5,1036.39,0.11
2022-01-01 18:55:00,Station_6,26.605875018331894,-75.13368672577852,Water,25.63,79.95,0.27,507.05,8,990.13,0.8
2022-01-01 19:00:00,Station_6,41.038747298987566,-67.86162916703992,Forest,22.52,44.05,13.13,709.19,1,1044.27,0.57
2022-01-01 19:05:00,Station_6,49.145127521194425,-102.10119788361604,Water,9.07,72.64,9.53,418.51,0,1010.64,0.72
2022-01-01 19:10:00,Station_6,49.776669061230834,-108.5021989742077,Water,-4.06,86.23,14.78,994.75,7,997.58,0.87
2022-01-01 19:15:00,Station_6,45.348620515196814,-104.68148658467618,Water,5.38,47.38,4.36,123.72,10,1016.26,0.1
2022-01-01 19:20:00,Station_6,44.344179023962845,-94.79069129641829,Urban,-7.55,70.95,14.96,788.03,2,1041.08,0.7
2022-01-01 19:25:00,Station_6,42.35221348830008,-67.18929317788351,Barren,21.57,56.67,7.84,715.06,3,1016.2,0.48
2022-01-01 19:30:00,Station_6,36.72690902057157,-113.89877903159675,Agricultural,30.02,50.74,6.1,565.09,0,999.33,0.83
2022-01-01 19:35:00,Station_6,39.09526765706954,-105.38804372791137,Water,7.23,74.1,10.49,362.07,5,1034.79,0.83
2022-01-01 19:40:00,Station_6,42.966379416346385,-122.49682032674058,Agricultural,20.34,85.55,13.11,858.5,7,1011.81,0.69
2022-01-01 19:45:00,Station_6,31.268631143905687,-80.62451506094602,Urban,3.12,55.57,3.75,829.97,4,992.74,0.6
2022-01-01 19:50:00,Station_6,27.04260965365875,-110.88107177816607,Urban,5.35,74.63,2.38,267.99,10,1006.81,0.2
2022-01-01 19:55:00,Station_6,37.640872864481324,-116.07393897247144,Urban,21.23,76.53,6.0,625.43,7,989.54,0.63
2022-01-01 20:00:00,Station_6,40.34770843268498,-72.86830377997063,Barren,8.53,32.27,11.02,819.61,10,1036.24,0.65
2022-01-01 20:05:00,Station_6,45.60515871177421,-87.48169807143705,Water,15.77,85.71,9.05,930.66,4,1043.52,0.28
2022-01-01 20:10:00,Station_6,32.0309661495188,-96.44892614837511,Urban,30.19,54.12,12.77,542.91,2,1011.84,0.69
2022-01-01 20:15:00,Station_6,46.96536721232539,-64.7542934114682,Barren,-5.76,69.2,8.52,100.27,4,992.03,0.76
2022-01-01 20:20:00,Station_6,49.51683284202599,-78.22919787319675,Urban,23.78,70.3,4.63,181.17,6,1012.91,0.14
2022-01-01 20:25:00,Station_6,38.42281419738111,-103.40131630548962,Forest,17.32,37.36,2.65,466.49,6,986.7,0.13
2022-01-01 20:30:00,Station_6,32.91625800825679,-60.0008383809982,Water,5.77,87.76,10.79,768.96,5,993.22,0.85
2022-01-01 20:35:00,Station_6,48.9157855635328,-92.83536859455435,Forest,8.18,82.06,4.43,620.47,5,1024.73,0.73
2022-01-01 20:40:00,Station_6,47.26382193212912,-87.44590404611228,Forest,32.01,54.68,5.33,710.87,5,997.3,0.28
2022-01-01 20:45:00,Station_6,25.301304133575524,-98.39555126224536,Urban,30.64,48.45,5.47,730.3,10,1042.0,0.37
2022-01-01 20:50:00,Station_6,36.60985694858537,-81.5954760548482,Barren,9.19,87.55,10.42,876.81,4,1027.66,0.39
2022-01-01 20:55:00,Station_6,46.92651082297311,-80.40441683356099,Forest,19.76,48.61,9.62,134.24,7,980.82,0.25
2022-01-01 21:00:00,Station_6,26.316795830270223,-110.58794572020446,Agricultural,0.39,47.55,7.91,971.91,1,1039.1,0.9
2022-01-01 21:05:00,Station_6,37.503660565445834,-101.65005947010498,Agricultural,-6.36,69.8,6.1,252.18,3,986.53,0.74
2022-01-01 21:10:00,Station_6,26.64755129877304,-73.68455146781093,Barren,33.62,83.75,14.6,323.79,3,1039.49,0.62
2022-01-01 21:15:00,Station_6,25.608940928085605,-114.91188006205205,Agricultural,-3.51,48.1,1.21,962.98,8,1001.11,0.74
2022-01-01 21:20:00,Station_6,31.600580960143006,-121.39809260539153,Water,30.59,71.44,2.88,827.98,4,1021.95,0.4
2022-01-01 21:25:00,Station_6,45.58132339178485,-82.1088412939854,Barren,29.63,42.58,11.19,970.56,3,1027.62,0.13
2022-01-01 21:30:00,Station_6,30.652241254436845,-103.880821298304,Barren,4.07,59.52,14.94,287.41,2,1034.32,0.56
2022-01-01 21:35:00,Station_6,43.792569304762026,-84.66913999751365,Water,23.94,40.88,1.65,220.13,2,1005.28,0.49
2022-01-01 21:40:00,Station_6,42.18794498842412,-62.334999065187226,Agricultural,6.41,41.68,0.02,467.29,8,1042.05,0.84
2022-01-01 21:45:00,Station_6,32.96959000270933,-119.68163740531904,Agricultural,19.55,41.5,1.07,912.5,5,1010.91,0.58
2022-01-01 21:50:00,Station_6,39.22998275515271,-63.87878561614656,Water,16.53,85.01,7.01,678.05,1,1020.37,0.17
2022-01-01 21:55:00,Station_6,27.101286668250314,-102.79418541413062,Barren,30.29,86.38,13.03,149.92,4,984.21,0.85
2022-01-01 22:00:00,Station_6,40.53913779905371,-65.60821976698173,Urban,21.3,68.32,14.76,556.32,5,994.06,0.54
2022-01-01 22:05:00,Station_6,43.182730477655326,-64.03942015130673,Water,5.84,58.06,4.7,493.71,10,1034.56,0.47
2022-01-01 22:10:00,Station_6,45.33252964078728,-106.16263035674311,Agricultural,6.55,82.48,5.51,163.27,7,1009.98,0.82
2022-01-01 22:15:00,Station_6,49.599041298348126,-91.73668239847034,Water,-9.92,85.14,5.0,794.31,6,1005.03,0.77
2022-01-01 22:20:00,Station_6,40.92998784239839,-116.60364282290809,Urban,3.87,63.87,2.23,694.36,8,1009.99,0.34
2022-01-01 22:25:00,Station_6,26.148391213648356,-123.61965808205119,Urban,14.35,74.94,11.98,286.97,4,1032.04,0.1
2022-01-01 22:30:00,Station_6,45.45769576580442,-67.22270257333025,Water,23.13,53.08,12.05,435.5,10,1022.2,0.87
2022-01-01 22:35:00,Station_6,40.7599346745006,-83.41027006357342,Agricultural,25.67,75.1,9.58,781.63,6,1045.81,0.42
2022-01-01 22:40:00,Station_6,42.8161011472116,-116.09516104514726,Agricultural,28.8,63.76,9.22,738.72,9,993.1,0.13
2022-01-01 22:45:00,Station_6,36.958894624915665,-65.09623236741163,Agricultural,1.64,64.2,14.51,741.87,1,1049.78,0.49
2022-01-01 22:50:00,Station_6,45.14842464917359,-90.23376614771625,Agricultural,18.96,85.14,11.77,386.68,3,1015.5,0.76
2022-01-01 22:55:00,Station_6,26.169603984410976,-82.95008144168114,Water,8.67,88.81,8.96,859.54,2,1035.2,0.59
2022-01-01 23:00:00,Station_6,30.108703792683684,-123.31914286146312,Water,19.7,64.77,6.44,937.29,0,1025.43,0.78
2022-01-01 23:05:00,Station_6,49.03893247306983,-94.53903267426844,Agricultural,15.26,58.89,14.55,919.37,6,981.37,0.41
2022-01-01 23:10:00,Station_6,36.761133137866565,-101.24940710861961,Urban,-3.36,47.23,11.48,954.41,10,992.29,0.32
2022-01-01 23:15:00,Station_6,36.482304506829706,-107.30328161913718,Water,5.73,75.29,3.55,138.9,8,1023.77,0.72
2022-01-01 23:20:00,Station_6,29.960694273303126,-85.83088825324614,Forest,14.32,48.19,5.38,133.39,1,1007.74,0.35
2022-01-01 23:25:00,Station_6,42.20495110719011,-63.674458839975294,Forest,6.55,52.21,2.9,161.98,6,981.59,0.42
2022-01-01 23:30:00,Station_6,30.624347984784777,-88.79544141474344,Forest,4.23,79.75,13.75,906.78,7,1003.48,0.25
2022-01-01 23:35:00,Station_6,29.586191185850684,-89.0483716434784,Water,1.43,84.01,11.13,720.59,3,987.03,0.25
2022-01-01 23:40:00,Station_6,28.447320430443167,-93.97042793665585,Water,13.12,82.33,0.83,547.66,6,986.89,0.29
2022-01-01 23:45:00,Station_6,37.26529073594769,-61.15573201728096,Forest,26.79,83.3,14.43,937.77,2,1033.47,0.6
2022-01-01 23:50:00,Station_6,48.54786986037702,-93.13477538799674,Agricultural,32.76,45.71,6.98,945.12,6,1038.71,0.53
2022-01-01 23:55:00,Station_6,28.125351448663473,-122.29413969561334,Agricultural,29.84,80.16,9.25,726.24,3,1049.26,0.54
2022-01-01 00:00:00,Station_7,31.89805652326777,-66.64182079137515,Forest,6.15,75.65,11.75,837.25,7,982.27,0.71
2022-01-01 00:05:00,Station_7,25.345389074441957,-66.7833528746937,Agricultural,-3.14,89.88,0.45,840.76,3,988.93,0.5
2022-01-01 00:10:00,Station_7,30.053722602021608,-124.92009268802785,Urban,9.05,83.05,1.24,710.13,8,1014.06,0.33
2022-01-01 00:15:00,Station_7,33.14420662358414,-119.34975606622845,Water,-5.34,40.82,14.66,951.06,10,986.37,0.77
2022-01-01 00:20:00,Station_7,37.47160632677487,-64.84229962088487,Agricultural,25.87,54.96,11.76,587.07,10,1036.61,0.48
2022-01-01 00:25:00,Station_7,46.947473954209016,-119.06157919695119,Forest,10.22,67.73,3.98,314.95,6,1046.02,0.4
2022-01-01 00:30:00,Station_7,34.94721988184142,-86.21090225680754,Barren,20.84,70.65,2.22,804.18,7,1036.15,0.71
2022-01-01 00:35:00,Station_7,25.17238486766827,-85.10694328829754,Barren,22.08,65.63,2.29,855.71,4,1022.79,0.14
2022-01-01 00:40:00,Station_7,29.6553689683247,-120.34585302181316,Agricultural,10.87,58.1,11.05,566.21,6,1004.15,0.35
2022-01-01 00:45:00,Station_7,38.660678586073466,-113.47891070859714,Forest,-6.91,52.63,3.68,229.65,10,1040.37,0.73
2022-01-01 00:50:00,Station_7,32.46161153157537,-89.44431303889974,Water,-1.36,38.77,14.96,628.97,4,984.29,0.32
2022-01-01 00:55:00,Station_7,28.34004608959212,-117.44704033821701,Agricultural,-6.37,33.39,1.28,974.84,3,1019.95,0.26
2022-01-01 01:00:00,Station_7,35.07184864631151,-120.43593633909613,Barren,13.71,55.65,1.64,101.85,7,996.93,0.29
2022-01-01 01:05:00,Station_7,41.25953798184049,-113.70331314914823,Barren,5.92,43.49,3.69,696.88,10,1003.11,0.53
2022-01-01 01:10:00,Station_7,45.016189105913185,-91.23714094928246,Agricultural,31.24,71.33,14.06,658.95,7,989.63,0.31
2022-01-01 01:15:00,Station_7,44.444966792251954,-109.93934057997738,Barren,-6.33,87.34,5.43,221.55,5,1005.07,0.28
2022-01-01 01:20:00,Station_7,49.45140305906339,-91.64112317961121,Water,17.05,52.79,0.81,168.17,0,993.74,0.85
2022-01-01 01:25:00,Station_7,32.893630178168245,-119.93897597692944,Water,27.18,68.23,12.81,631.87,8,1047.62,0.7
2022-01-01 01:30:00,Station_7,48.41605225730109,-105.85902448134468,Forest,22.03,45.6,3.46,179.84,7,991.72,0.66
2022-01-01 01:35:00,Station_7,47.37864573251698,-63.75814635373991,Water,3.18,60.65,13.22,255.91,4,1027.55,0.81
2022-01-01 01:40:00,Station_7,45.07856009783994,-71.49042322470147,Water,15.71,82.84,8.26,317.59,1,982.51,0.12
2022-01-01 01:45:00,Station_7,48.1130718150893,-75.96335156275825,Water,-4.42,38.65,6.02,955.85,3,1034.84,0.47
2022-01-01 01:50:00,Station_7,47.935085839409695,-92.32790693901939,Barren,-7.69,65.29,2.77,679.24,7,1030.12,0.73
2022-01-01 01:55:00,Station_7,26.215849774261493,-75.82973092618911,Agricultural,26.63,33.5,11.37,142.55,6,1015.7,0.35
2022-01-01 02:00:00,Station_7,28.995561911176885,-122.31440354192563,Water,23.47,86.15,12.52,336.18,9,1003.87,0.39
2022-01-01 02:05:00,Station_7,45.66793651479732,-117.95228684450878,Forest,3.38,86.21,14.71,193.0,5,1012.29,0.72
2022-01-01 02:10:00,Station_7,48.83725001174204,-119.02860641242873,Urban,-6.57,36.03,3.56,731.09,3,1015.92,0.6
2022-01-01 02:15:00,Station_7,42.40312839839521,-92.81712393639144,Water,14.72,43.67,0.16,196.54,8,985.76,0.45
2022-01-01 02:20:00,Station_7,37.32808153819856,-87.01150160341038,Agricultural,-8.44,85.15,6.0,553.55,6,990.71,0.25
2022-01-01 02:25:00,Station_7,41.1755234595343,-122.29671786337767,Forest,22.52,69.39,5.82,215.21,1,1021.29,0.27
2022-01-01 02:30:00,Station_7,38.25940780240159,-67.74816735025246,Agricultural,18.42,88.68,1.09,716.36,0,995.82,0.36
2022-01-01 02:35:00,Station_7,48.783527995895355,-114.61905702589526,Agricultural,33.48,56.03,5.9,810.91,10,996.66,0.11
2022-01-01 02:40:00,Station_7,41.20155072279372,-98.36593391882397,Forest,34.7,54.2,4.14,775.16,0,988.59,0.29
2022-01-01 02:45:00,Station_7,37.903001497794286,-94.16449192170712,Water,9.95,80.91,7.12,904.49,1,1031.0,0.35
2022-01-01 02:50:00,Station_7,43.2327968351643,-109.22165709086725,Urban,33.96,85.33,5.17,934.13,4,983.66,0.58
2022-01-01 02:55:00,Station_7,45.09254785641062,-107.76692256118457,Urban,-2.41,80.24,6.41,302.46,0,1044.45,0.82
2022-01-01 03:00:00,Station_7,48.49182420894965,-102.37542258142282,Urban,24.74,64.04,3.54,698.43,4,1010.24,0.39
2022-01-01 03:05:00,Station_7,39.60368884503456,-84.865435700154,Water,21.2,69.2,0.46,781.19,3,995.74,0.3
2022-01-01 03:10:00,Station_7,35.337587517694516,-119.66218600398804,Water,3.23,31.09,12.02,706.16,4,992.91,0.5
2022-01-01 03:15:00,Station_7,25.90088776297517,-111.42836917727875,Water,23.03,82.33,7.74,625.74,1,1000.79,0.69
2022-01-01 03:20:00,Station_7,38.968920799603126,-72.56884828733457,Barren,29.24,81.02,11.46,558.99,6,1046.26,0.25
2022-01-01 03:25:00,Station_7,37.66102904561678,-97.67821823607646,Forest,12.91,74.21,14.13,723.92,3,1004.53,0.83
2022-01-01 03:30:00,Station_7,35.96747415668739,-70.66049234799254,Water,17.25,64.88,11.2,435.7,9,998.66,0.9
2022-01-01 03:35:00,Station_7,40.16581751182415,-116.46753065922559,Agricultural,23.99,43.57,14.27,907.56,1,1043.51,0.85
2022-01-01 03:40:00,Station_7,39.2008316241204,-69.51377951400728,Water,28.92,84.77,3.03,756.89,2,980.39,0.36
2022-01-01 03:45:00,Station_7,28.721377064320272,-67.18549304891866,Agricultural,23.35,56.2,4.58,351.41,0,987.34,0.75
2022-01-01 03:50:00,Station_7,28.51558659708683,-96.18059604114457,Urban,6.44,44.89,12.88,945.23,4,1023.46,0.8
2022-01-01 03:55:00,Station_7,42.265278202270245,-121.65825813872681,Water,14.4,64.66,13.9,531.95,10,1022.05,0.35
2022-01-01 04:00:00,Station_7,31.711145021422368,-84.2869888231561,Agricultural,-8.46,80.37,5.13,448.46,7,995.81,0.89
2022-01-01 04:05:00,Station_7,29.93766217378933,-102.83966753338747,Urban,29.1,88.07,10.37,443.75,7,1014.89,0.19
2022-01-01 04:10:00,Station_7,49.30633878906151,-123.37294183301951,Forest,16.54,85.26,0.74,434.7,5,1031.09,0.49
2022-01-01 04:15:00,Station_7,46.6322931926814,-79.63513166851811,Water,-8.53,43.19,1.29,951.78,3,1023.77,0.32
2022-01-01 04:20:00,Station_7,28.879758679605267,-81.19849499265166,Forest,24.05,35.23,1.65,472.69,8,993.12,0.69
2022-01-01 04:25:00,Station_7,34.03432841985679,-69.46822162327648,Barren,31.3,60.08,14.79,622.88,5,1049.29,0.87
2022-01-01 04:30:00,Station_7,36.51641414910971,-68.3916309638357,Agricultural,-5.95,86.54,13.89,507.94,9,993.29,0.74
2022-01-01 04:35:00,Station_7,47.47664035744235,-110.80225019887797,Agricultural,8.28,31.04,8.07,970.11,2,1009.11,0.83
2022-01-01 04:40:00,Station_7,43.42140264679104,-74.92325891215981,Agricultural,7.73,50.43,14.72,100.93,7,1033.63,0.27
2022-01-01 04:45:00,Station_7,49.60835567339048,-108.59437909848769,Water,11.19,46.41,3.62,787.57,1,1018.74,0.12
2022-01-01 04:50:00,Station_7,44.48243688992672,-115.62407676744839,Agricultural,20.09,73.79,3.37,731.98,9,1037.35,0.24
2022-01-01 04:55:00,Station_7,36.97239237208338,-66.76485988130557,Agricultural,4.94,52.43,5.72,233.61,3,1021.19,0.5
2022-01-01 05:00:00,Station_7,30.667188869210666,-112.85606810639591,Forest,27.9,88.37,9.3,215.28,3,1010.48,0.84
2022-01-01 05:05:00,Station_7,34.80212035706329,-105.64035801029353,Water,19.5,39.68,14.77,794.58,9,1031.94,0.89
2022-01-01 05:10:00,Station_7,27.019123902472256,-93.54141564721101,Urban,32.08,45.11,2.1,579.6,1,1047.15,0.3
2022-01-01 05:15:00,Station_7,36.64400401447516,-77.67673117890044,Barren,21.98,75.28,11.62,107.67,6,1006.41,0.65
2022-01-01 05:20:00,Station_7,29.754353483426414,-69.20062949671293,Urban,0.32,85.75,7.61,850.6,10,1008.79,0.6
2022-01-01 05:25:00,Station_7,35.664842680330494,-123.68374734303684,Water,1.0,80.2,1.99,923.52,9,1048.77,0.78
2022-01-01 05:30:00,Station_7,41.08779532172974,-117.9605450896519,Agricultural,24.47,72.47,6.42,744.12,2,1021.68,0.47
2022-01-01 05:35:00,Station_7,39.508816035895485,-61.043299778698675,Water,16.9,75.04,7.01,417.75,3,1032.46,0.36
2022-01-01 05:40:00,Station_7,46.177008677818776,-66.19835789972119,Barren,0.75,78.78,4.05,221.44,8,1032.69,0.89
2022-01-01 05:45:00,Station_7,27.882848118168535,-78.44738534194323,Barren,7.68,54.82,5.01,546.27,1,1049.87,0.74
2022-01-01 05:50:00,Station_7,40.207109810897094,-90.47734311489391,Urban,13.46,57.77,4.7,907.17,1,1024.21,0.51
2022-01-01 05:55:00,Station_7,37.28570475317438,-91.12457479486363,Agricultural,8.55,86.82,4.61,463.63,4,996.34,0.33
2022-01-01 06:00:00,Station_7,41.162305426675246,-94.36488521539557,Water,22.19,44.24,4.3,606.29,5,1018.79,0.68
2022-01-01 06:05:00,Station_7,27.39490344005932,-95.00566917747658,Water,-9.4,65.36,2.98,963.65,8,1013.61,0.68
2022-01-01 06:10:00,Station_7,40.55496699498006,-82.98990841293909,Forest,3.58,89.41,13.96,871.45,9,996.19,0.79
2022-01-01 06:15:00,Station_7,43.26315170945753,-65.66815541871765,Forest,30.56,79.11,11.59,557.39,8,1021.19,0.77
2022-01-01 06:20:00,Station_7,37.030874577612295,-111.89932207821718,Agricultural,27.3,64.87,10.65,967.49,8,980.17,0.58
2022-01-01 06:25:00,Station_7,41.16621337887282,-119.56739444622993,Urban,8.33,35.19,3.21,617.09,3,1028.63,0.21
2022-01-01 06:30:00,Station_7,39.829850970853045,-105.82268247997312,Forest,21.28,48.57,10.73,653.09,0,991.76,0.58
2022-01-01 06:35:00,Station_7,32.673073323925145,-101.15186417497183,Agricultural,18.71,67.22,2.39,264.19,7,1029.84,0.43
2022-01-01 06:40:00,Station_7,25.87922730992821,-83.57638645137337,Barren,1.53,80.41,14.82,255.27,6,995.42,0.13
2022-01-01 06:45:00,Station_7,42.32008233096134,-111.21275260436045,Water,14.88,71.45,9.58,407.47,8,1035.17,0.5
2022-01-01 06:50:00,Station_7,37.59514105795036,-103.76375928695435,Barren,20.05,54.56,14.17,923.38,10,1031.54,0.58
2022-01-01 06:55:00,Station_7,42.17999731751485,-123.25369705179718,Barren,12.65,35.2,11.58,326.17,8,1009.95,0.17
2022-01-01 07:00:00,Station_7,39.354680334517646,-74.03579182488338,Water,3.34,36.75,5.41,235.85,0,1015.21,0.14
2022-01-01 07:05:00,Station_7,37.53140744106954,-105.15665441758995,Barren,13.36,65.57,0.2,579.39,8,982.33,0.31
2022-01-01 07:10:00,Station_7,25.98428910090891,-111.92717068435893,Agricultural,-1.75,49.72,12.09,602.06,4,1009.03,0.5
2022-01-01 07:15:00,Station_7,47.351717947230256,-72.13043855398888,Agricultural,23.4,69.36,12.15,794.99,0,991.26,0.11
2022-01-01 07:20:00,Station_7,46.03427270022823,-80.21485176960887,Forest,-1.71,61.27,6.52,759.82,10,1017.04,0.29
2022-01-01 07:25:00,Station_7,25.144591480414444,-90.06133506990847,Forest,31.12,70.14,4.44,253.88,0,990.28,0.9
2022-01-01 07:30:00,Station_7,32.686186020810226,-109.35431895594351,Barren,-7.61,88.58,8.65,800.56,3,987.79,0.86
2022-01-01 07:35:00,Station_7,44.09763786335001,-94.28586076612754,Agricultural,24.01,44.78,11.07,558.22,5,1017.76,0.46
2022-01-01 07:40:00,Station_7,36.10637920433702,-66.47160878827023,Barren,4.73,87.77,3.48,775.61,3,1013.11,0.51
2022-01-01 07:45:00,Station_7,27.797856589868633,-77.24873822254627,Forest,31.56,31.35,11.7,853.01,0,1030.44,0.21
2022-01-01 07:50:00,Station_7,33.13412728518869,-60.765555565241314,Barren,0.85,40.95,5.04,479.39,2,987.26,0.29
2022-01-01 07:55:00,Station_7,26.435081041430262,-108.1948787302607,Forest,32.12,38.38,13.83,492.04,6,1028.55,0.59
2022-01-01 08:00:00,Station_7,25.0321334635266,-61.49436544589185,Barren,-4.38,75.46,2.89,563.04,7,1010.23,0.27
2022-01-01 08:05:00,Station_7,28.267911918981255,-120.46857337867877,Barren,29.86,35.33,1.82,650.84,9,1012.43,0.7
2022-01-01 08:10:00,Station_7,38.30819647935505,-95.88258753023347,Barren,14.51,54.4,1.46,408.78,1,1024.5,0.36
2022-01-01 08:15:00,Station_7,41.04904574125024,-94.47187030185037,Barren,2.72,78.96,12.76,900.58,4,1028.64,0.22
2022-01-01 08:20:00,Station_7,27.80295694826391,-84.97287039217358,Urban,-2.3,61.65,4.34,508.11,9,1044.93,0.21
2022-01-01 08:25:00,Station_7,37.05744264703648,-94.56582778986356,Forest,-8.8,63.49,4.68,885.77,8,1035.97,0.71
2022-01-01 08:30:00,Station_7,45.852467753740605,-118.24729899185574,Agricultural,-1.71,75.19,7.37,888.98,5,1041.95,0.52
2022-01-01 08:35:00,Station_7,28.779439890984715,-98.52039772720426,Barren,27.96,36.94,4.2,872.75,5,992.0,0.66
2022-01-01 08:40:00,Station_7,37.42159003568883,-121.87334126405648,Forest,26.28,80.07,2.76,988.34,3,1005.56,0.88
2022-01-01 08:45:00,Station_7,25.90849276041055,-79.4228118071551,Forest,8.29,51.27,0.99,415.47,6,1033.84,0.66
2022-01-01 08:50:00,Station_7,45.604564940962376,-62.77995581041559,Urban,32.45,57.32,4.71,215.84,2,986.5,0.22
2022-01-01 08:55:00,Station_7,44.68265166967899,-120.42057273451701,Barren,-7.99,38.47,4.16,504.11,0,1032.28,0.21
2022-01-01 09:00:00,Station_7,27.296082028909026,-65.60797312574647,Forest,20.04,74.26,9.36,941.79,7,1018.06,0.76
2022-01-01 09:05:00,Station_7,42.796308785657445,-114.41757012413754,Water,23.85,57.56,10.64,706.55,2,1039.16,0.11
2022-01-01 09:10:00,Station_7,45.81937705854851,-93.74329318484605,Water,1.42,66.29,2.58,882.98,8,1037.9,0.38
2022-01-01 09:15:00,Station_7,47.118135337969356,-101.09605886209995,Agricultural,8.35,82.08,2.26,486.97,4,988.09,0.31
2022-01-01 09:20:00,Station_7,44.875598659249725,-79.31135083039048,Barren,-7.55,52.67,14.45,940.26,3,1038.44,0.56
2022-01-01 09:25:00,Station_7,46.318604668798,-63.69812850816754,Forest,28.13,35.15,10.37,742.65,10,1012.53,0.23
2022-01-01 09:30:00,Station_7,45.27117094629037,-74.76554287266039,Agricultural,8.33,77.03,10.52,888.86,1,993.04,0.67
2022-01-01 09:35:00,Station_7,29.23052599200594,-76.9048811288681,Forest,1.09,42.57,1.58,383.17,8,1030.19,0.43
2022-01-01 09:40:00,Station_7,30.67239390608053,-97.44340958099325,Barren,14.94,39.54,0.82,988.2,9,1011.82,0.15
2022-01-01 09:45:00,Station_7,32.57203749554218,-79.56496384923221,Barren,16.27,63.91,2.09,893.96,10,1032.46,0.25
2022-01-01 09:50:00,Station_7,41.52586064087494,-92.88713446083071,Agricultural,-1.24,37.95,1.87,507.33,2,989.67,0.61
2022-01-01 09:55:00,Station_7,25.517750432004902,-79.16864378127869,Agricultural,7.31,43.29,7.33,907.58,4,1022.1,0.87
2022-01-01 10:00:00,Station_7,46.357752014136594,-86.42435390874508,Forest,10.44,56.44,1.24,446.69,9,1003.11,0.49
2022-01-01 10:05:00,Station_7,27.527766674232208,-91.09781869114877,Agricultural,30.63,47.12,6.7,590.84,6,985.99,0.11
2022-01-01 10:10:00,Station_7,39.15594623105039,-109.13956851782982,Forest,9.4,47.87,10.07,681.11,9,1045.11,0.73
2022-01-01 10:15:00,Station_7,39.795842634466496,-91.53685522752303,Barren,25.98,50.94,5.03,625.91,7,998.8,0.82
2022-01-01 10:20:00,Station_7,48.71192908566504,-87.6328311315203,Barren,31.67,73.38,5.5,752.52,10,996.71,0.73
2022-01-01 10:25:00,Station_7,49.931281385977314,-96.42435718827467,Agricultural,2.33,83.81,11.61,529.93,2,997.96,0.86
2022-01-01 10:30:00,Station_7,34.15274580700955,-76.98890053425455,Water,19.58,81.5,14.18,949.88,2,1038.0,0.55
2022-01-01 10:35:00,Station_7,40.7195214834551,-77.7700834829298,Urban,32.56,36.41,2.54,121.91,8,1019.61,0.14
2022-01-01 10:40:00,Station_7,41.324193210362125,-95.52024486850563,Water,19.68,31.71,5.47,547.79,9,1024.73,0.51
2022-01-01 10:45:00,Station_7,49.362727718189944,-124.1540730698201,Water,21.43,46.77,11.13,627.41,0,1038.99,0.55
2022-01-01 10:50:00,Station_7,25.743987921710072,-68.8947869989073,Barren,-7.59,30.26,6.05,771.46,0,999.18,0.62
2022-01-01 10:55:00,Station_7,28.473993451797277,-105.5591470624173,Agricultural,17.77,87.77,10.76,383.11,9,1025.3,0.27
2022-01-01 11:00:00,Station_7,42.35315918267591,-66.19629767785086,Agricultural,-1.73,85.75,9.54,914.51,5,1043.68,0.63
2022-01-01 11:05:00,Station_7,25.783308947524596,-64.92057449126885,Water,10.33,81.65,8.6,869.15,10,1007.22,0.48
2022-01-01 11:10:00,Station_7,38.21528564520268,-100.94289052593425,Urban,0.5,70.63,13.6,297.3,8,982.1,0.37
2022-01-01 11:15:00,Station_7,42.39629108987664,-62.45554313618083,Water,30.2,72.57,11.65,335.3,2,1041.06,0.64
2022-01-01 11:20:00,Station_7,48.01972433231252,-73.30727400503763,Forest,27.58,30.85,2.79,546.63,4,1016.69,0.29
2022-01-01 11:25:00,Station_7,47.0055948788712,-98.2568964254822,Agricultural,32.77,37.43,11.74,608.06,1,997.39,0.33
2022-01-01 11:30:00,Station_7,37.83322421738933,-112.09821751163977,Barren,-3.45,37.47,3.85,762.34,1,1011.63,0.73
2022-01-01 11:35:00,Station_7,27.00443083432465,-120.47330576539588,Water,16.64,82.27,8.01,529.53,2,1007.69,0.31
2022-01-01 11:40:00,Station_7,26.456005757392607,-62.15638821166059,Barren,30.36,83.87,10.18,646.77,3,997.59,0.77
2022-01-01 11:45:00,Station_7,31.173380632603077,-97.49976544943009,Urban,5.76,61.21,5.87,414.34,10,1011.39,0.58
2022-01-01 11:50:00,Station_7,32.71421315964284,-84.95208632232243,Urban,19.38,60.67,8.49,943.45,3,1039.29,0.72
2022-01-01 11:55:00,Station_7,30.665608970929643,-95.76847330601686,Urban,2.24,42.94,3.09,163.91,2,982.79,0.82
2022-01-01 12:00:00,Station_7,41.192884684513146,-111.84113283839513,Agricultural,7.99,85.1,1.54,945.1,9,1029.63,0.22
2022-01-01 12:05:00,Station_7,47.5636962515815,-85.6877995653134,Urban,3.79,51.67,1.82,669.52,6,1008.16,0.66
2022-01-01 12:10:00,Station_7,27.049161705478497,-90.99231128963827,Barren,18.05,88.0,14.88,139.18,8,1022.14,0.52
2022-01-01 12:15:00,Station_7,38.38622053178956,-110.83589503053972,Urban,31.41,59.36,6.35,371.3,6,1014.69,0.48
2022-01-01 12:20:00,Station_7,44.039002520994124,-112.74821630827796,Water,12.91,60.35,11.03,614.9,9,1044.54,0.62
2022-01-01 12:25:00,Station_7,29.874796037072947,-62.84217178840466,Urban,32.26,77.88,6.68,386.07,0,1021.95,0.31
2022-01-01 12:30:00,Station_7,28.317745417032427,-111.4185474597658,Forest,-2.31,72.08,9.81,826.32,0,1023.58,0.22
2022-01-01 12:35:00,Station_7,29.513701835935414,-98.58204196084466,Agricultural,4.08,63.0,4.53,667.16,7,981.32,0.57
2022-01-01 12:40:00,Station_7,47.08039464732859,-71.3795075583952,Barren,-4.96,31.52,11.41,338.09,4,1018.02,0.47
2022-01-01 12:45:00,Station_7,35.73600356687713,-80.38001864447801,Barren,-5.74,53.43,8.12,749.96,1,1040.67,0.3
2022-01-01 12:50:00,Station_7,45.22073185903229,-71.88986585918914,Agricultural,-9.35,37.41,4.67,127.7,10,1000.1,0.83
2022-01-01 12:55:00,Station_7,25.885972207152566,-108.54095453029996,Agricultural,30.15,43.92,10.78,469.07,2,1026.36,0.2
2022-01-01 13:00:00,Station_7,41.77282013594894,-84.11190016714232,Barren,-5.91,84.68,7.27,347.36,6,1007.28,0.81
2022-01-01 13:05:00,Station_7,42.07361085364505,-121.89312997494059,Barren,4.07,36.56,8.57,433.8,3,1000.59,0.8
2022-01-01 13:10:00,Station_7,30.757896220907167,-123.37896202077414,Barren,-3.77,42.21,10.98,302.9,2,993.26,0.5
2022-01-01 13:15:00,Station_7,38.05842178479166,-77.99850297591749,Forest,14.42,53.3,13.72,929.12,5,982.91,0.37
2022-01-01 13:20:00,Station_7,32.76471012745262,-104.95664999580626,Barren,4.69,85.42,14.55,400.69,2,1047.49,0.9
2022-01-01 13:25:00,Station_7,41.31915681052115,-104.83120176296156,Barren,-2.73,57.18,2.09,402.01,0,988.04,0.62
2022-01-01 13:30:00,Station_7,30.545017234834816,-79.81167277636493,Urban,14.48,72.27,6.2,354.83,2,1001.11,0.29
2022-01-01 13:35:00,Station_7,36.33826707437304,-108.92129166735054,Agricultural,30.37,55.22,8.62,629.76,10,999.93,0.13
2022-01-01 13:40:00,Station_7,45.7618700962183,-82.72991768828365,Barren,3.67,81.67,6.73,203.9,0,992.12,0.44
2022-01-01 13:45:00,Station_7,41.67414484689531,-81.18907938785293,Barren,23.43,53.19,5.25,327.02,6,993.0,0.21
2022-01-01 13:50:00,Station_7,35.422860126701316,-62.831550952841596,Forest,31.63,33.62,2.66,232.6,5,990.75,0.45
2022-01-01 13:55:00,Station_7,29.834639695219874,-71.17436807209887,Agricultural,-6.68,56.53,11.16,634.15,1,984.2,0.11
2022-01-01 14:00:00,Station_7,40.71804880835875,-63.75672396263808,Forest,32.09,44.22,4.9,868.9,2,996.56,0.78
2022-01-01 14:05:00,Station_7,48.91683164478108,-115.47583662111865,Urban,24.87,76.84,7.96,444.01,3,1035.05,0.89
2022-01-01 14:10:00,Station_7,33.72559868299713,-79.96188833345039,Water,16.09,67.62,8.07,106.13,9,999.92,0.6
2022-01-01 14:15:00,Station_7,43.8256439251487,-61.585858987931175,Urban,-1.37,69.9,5.43,233.99,7,1011.96,0.4
2022-01-01 14:20:00,Station_7,33.75767026298227,-61.628312698335336,Barren,1.76,52.97,9.68,839.64,7,1028.44,0.69
2022-01-01 14:25:00,Station_7,36.39278678360743,-114.44057061543319,Water,33.16,63.64,4.46,324.27,7,986.77,0.6
2022-01-01 14:30:00,Station_7,29.41970527522724,-64.27990156830404,Agricultural,32.53,59.69,3.99,123.59,1,1018.71,0.84
2022-01-01 14:35:00,Station_7,32.22911145686973,-71.82840291351752,Water,15.24,54.93,14.19,206.87,6,1013.48,0.3
2022-01-01 14:40:00,Station_7,45.31163983274536,-91.45218411907875,Barren,11.27,53.87,12.64,356.32,4,1026.08,0.13
2022-01-01 14:45:00,Station_7,49.8566293853494,-72.3972044837434,Urban,19.9,77.52,14.14,989.82,2,1015.18,0.41
2022-01-01 14:50:00,Station_7,46.739122731017076,-85.65404735351231,Urban,33.17,49.43,13.76,322.48,7,1011.7,0.4
2022-01-01 14:55:00,Station_7,38.76664246963834,-105.35434870938505,Agricultural,13.76,78.75,5.7,748.21,2,1036.59,0.24
2022-01-01 15:00:00,Station_7,48.71311618323185,-60.07563415632963,Water,22.89,32.47,7.72,966.65,4,1036.56,0.58
2022-01-01 15:05:00,Station_7,27.963928846717433,-77.18989537908587,Forest,15.42,74.16,9.74,868.18,2,1013.18,0.39
2022-01-01 15:10:00,Station_7,27.102835479257266,-92.13004384126509,Barren,-9.75,81.29,6.23,443.84,1,1022.14,0.36
2022-01-01 15:15:00,Station_7,26.905599086423337,-120.04052079617921,Water,21.02,38.31,10.83,245.08,10,1001.82,0.32
2022-01-01 15:20:00,Station_7,29.723522964354782,-108.9217015169663,Agricultural,-3.97,73.26,13.46,354.8,3,984.74,0.68
2022-01-01 15:25:00,Station_7,32.56192471599803,-110.42317992325356,Forest,-6.74,62.58,1.02,685.37,0,1016.66,0.2
2022-01-01 15:30:00,Station_7,40.30991507284438,-109.49605914741568,Agricultural,15.1,82.19,0.42,863.96,0,983.61,0.74
2022-01-01 15:35:00,Station_7,42.42224021658815,-106.5328696596684,Barren,26.76,70.52,13.7,661.83,2,1005.5,0.48
2022-01-01 15:40:00,Station_7,30.410888900663508,-64.67051992835559,Forest,33.01,62.6,8.13,169.98,3,1010.09,0.76
2022-01-01 15:45:00,Station_7,36.945009446171746,-107.13474750585223,Barren,32.57,33.64,1.82,249.98,2,982.95,0.45
2022-01-01 15:50:00,Station_7,32.66099105160669,-67.19987924395909,Urban,33.68,50.54,7.19,240.6,0,1036.91,0.86
2022-01-01 15:55:00,Station_7,29.055801492800228,-114.61404607015149,Urban,0.46,57.39,4.99,835.89,9,982.5,0.7
2022-01-01 16:00:00,Station_7,43.4238251168363,-89.57023290816923,Water,1.31,59.85,8.0,591.94,5,989.07,0.11
2022-01-01 16:05:00,Station_7,37.59927222740924,-78.2838315950541,Forest,19.18,71.22,12.96,712.9,10,998.9,0.68
2022-01-01 16:10:00,Station_7,43.26429243052509,-100.60105021536735,Barren,6.51,84.59,7.92,249.21,10,1033.47,0.1
2022-01-01 16:15:00,Station_7,49.69815721479861,-71.54850592878583,Urban,26.52,51.52,13.25,925.24,7,1024.74,0.36
2022-01-01 16:20:00,Station_7,46.5221601392455,-116.51554380587875,Urban,1.57,82.36,4.86,326.82,0,1013.33,0.22
2022-01-01 16:25:00,Station_7,40.39398347112896,-101.32860410914597,Water,2.51,35.06,0.33,509.93,9,1001.22,0.44
2022-01-01 16:30:00,Station_7,26.134811792098354,-121.1351643847089,Agricultural,11.98,88.01,11.18,974.31,5,996.3,0.82
2022-01-01 16:35:00,Station_7,28.90180004696528,-98.58604349967757,Agricultural,33.18,83.66,2.26,901.01,0,980.49,0.6
2022-01-01 16:40:00,Station_7,25.847374394281204,-103.44786302491599,Urban,25.31,78.89,6.61,317.79,10,1049.04,0.1
2022-01-01 16:45:00,Station_7,28.264777311503074,-121.29581411490838,Barren,12.38,73.98,7.64,633.15,8,1044.68,0.36
2022-01-01 16:50:00,Station_7,41.752386397176565,-92.9658993339333,Urban,22.57,63.21,1.2,171.11,0,1044.16,0.45
2022-01-01 16:55:00,Station_7,45.80863842866687,-74.21885365360808,Forest,15.84,47.97,7.99,162.51,0,1012.83,0.23
2022-01-01 17:00:00,Station_7,27.12429105501789,-91.81334474919463,Forest,25.48,69.49,2.81,729.96,6,1042.53,0.65
2022-01-01 17:05:00,Station_7,43.59481598653562,-63.1692689024538,Barren,30.4,45.96,8.95,242.32,9,1040.53,0.24
2022-01-01 17:10:00,Station_7,30.312107834354947,-72.78465256328136,Urban,27.63,85.21,0.36,327.02,7,1034.31,0.81
2022-01-01 17:15:00,Station_7,39.45237864540851,-123.1403566907706,Water,-5.8,74.87,12.32,205.37,8,996.73,0.83
2022-01-01 17:20:00,Station_7,39.833299515539835,-89.79950105856221,Agricultural,13.5,61.88,0.7,530.98,6,1026.7,0.26
2022-01-01 17:25:00,Station_7,41.621989765992836,-111.88671466432615,Barren,14.83,86.64,13.55,846.6,1,997.17,0.31
2022-01-01 17:30:00,Station_7,35.793311389696576,-73.22448771697984,Forest,-6.09,34.39,11.28,990.96,10,1039.81,0.48
2022-01-01 17:35:00,Station_7,34.59988943560907,-81.0795505374255,Agricultural,-7.89,36.88,11.34,842.24,2,993.1,0.16
2022-01-01 17:40:00,Station_7,40.46115747216931,-90.86437163593286,Forest,34.37,39.18,3.32,920.82,3,1002.14,0.18
2022-01-01 17:45:00,Station_7,36.64881577068715,-120.44592748549604,Urban,-5.93,87.07,9.36,746.89,3,1008.29,0.51
2022-01-01 17:50:00,Station_7,37.867069084885486,-122.33135374867565,Forest,22.6,41.4,6.61,987.83,9,996.84,0.69
2022-01-01 17:55:00,Station_7,44.54880095502068,-110.67159684513284,Water,-7.52,79.59,3.03,262.36,1,1043.89,0.67
2022-01-01 18:00:00,Station_7,36.224095972267236,-103.742627635585,Urban,33.4,55.57,13.59,538.06,9,1009.82,0.21
2022-01-01 18:05:00,Station_7,46.09290179417701,-71.89349497933054,Forest,14.42,56.2,1.29,411.46,10,1023.65,0.37
2022-01-01 18:10:00,Station_7,45.403745008672104,-69.50225185420399,Agricultural,19.47,32.84,6.83,789.47,10,1030.15,0.49
2022-01-01 18:15:00,Station_7,38.47663277921283,-69.4050367302232,Agricultural,14.45,33.83,2.07,697.62,8,1017.52,0.26
2022-01-01 18:20:00,Station_7,41.42296429953031,-75.68610804388823,Urban,19.99,35.36,0.91,306.49,7,1037.06,0.55
2022-01-01 18:25:00,Station_7,43.210904176146336,-101.75776893631391,Urban,33.1,81.09,3.26,451.52,5,1001.76,0.61
2022-01-01 18:30:00,Station_7,43.78583353832083,-120.47938743818278,Barren,-2.25,48.34,11.27,273.93,9,1035.71,0.39
2022-01-01 18:35:00,Station_7,41.67413604196249,-76.46350165862772,Forest,16.33,61.84,6.08,565.93,2,1027.11,0.44
2022-01-01 18:40:00,Station_7,48.853915478378795,-68.73244083279315,Water,8.04,37.17,9.14,662.92,8,1039.29,0.37
2022-01-01 18:45:00,Station_7,47.4684737794329,-65.44408937523359,Forest,34.21,81.89,10.04,859.45,1,1039.31,0.42
2022-01-01 18:50:00,Station_7,43.264968093633314,-112.37540119357028,Forest,28.6,87.03,0.09,550.12,10,1046.46,0.21
2022-01-01 18:55:00,Station_7,46.42022964355069,-60.8520652353229,Urban,14.96,74.11,5.24,735.4,9,1028.52,0.87
2022-01-01 19:00:00,Station_7,36.97356143390791,-124.5947702311614,Forest,12.69,69.13,0.29,862.56,6,1042.36,0.43
2022-01-01 19:05:00,Station_7,49.11948451282597,-119.7105776579987,Water,32.1,85.81,8.99,183.96,4,1006.09,0.46
2022-01-01 19:10:00,Station_7,27.262570035510905,-66.10226636822439,Forest,33.57,43.7,9.8,621.97,7,989.26,0.16
2022-01-01 19:15:00,Station_7,42.364504575663055,-107.18799950895252,Agricultural,11.09,86.45,13.17,263.57,3,1048.77,0.67
2022-01-01 19:20:00,Station_7,44.90433174598953,-110.59468982241036,Forest,1.29,50.04,6.56,527.87,10,1039.97,0.59
2022-01-01 19:25:00,Station_7,40.448387438948146,-62.94123299731931,Forest,34.83,42.25,0.72,916.01,7,992.98,0.54
2022-01-01 19:30:00,Station_7,28.836937574029626,-90.32840297546088,Water,-2.73,54.58,11.77,145.16,9,1032.6,0.68
2022-01-01 19:35:00,Station_7,34.16267649089384,-68.33815978765139,Urban,-3.04,44.48,6.74,834.8,3,1003.32,0.84
2022-01-01 19:40:00,Station_7,40.474748892794274,-124.08415988976017,Water,34.52,35.16,13.16,454.45,8,1041.78,0.68
2022-01-01 19:45:00,Station_7,42.5730704875575,-89.6079846915203,Barren,6.57,66.17,2.78,454.5,10,995.04,0.89
2022-01-01 19:50:00,Station_7,48.8264808038482,-76.95122908393613,Barren,0.14,72.49,10.99,129.92,0,1049.87,0.35
2022-01-01 19:55:00,Station_7,42.35107068091513,-98.35630868201312,Water,30.61,76.38,3.15,648.98,5,1032.12,0.71
2022-01-01 20:00:00,Station_7,45.32665704931421,-107.80527278798347,Barren,30.39,68.19,1.48,845.97,9,1009.94,0.68
2022-01-01 20:05:00,Station_7,31.80001144761576,-73.74172366572553,Water,6.37,61.34,14.07,621.36,2,1013.59,0.24
2022-01-01 20:10:00,Station_7,25.392229627771155,-107.10772434416084,Forest,11.94,89.51,1.3,431.26,1,1048.29,0.3
2022-01-01 20:15:00,Station_7,25.416067302351056,-116.68736134169642,Barren,6.3,32.93,14.03,388.01,1,990.41,0.89
2022-01-01 20:20:00,Station_7,27.27684472643323,-88.18004608318589,Agricultural,29.68,62.06,9.05,999.62,2,1008.86,0.69
2022-01-01 20:25:00,Station_7,45.25554860884803,-105.85462207813308,Urban,-3.9,38.54,4.06,292.64,0,1030.68,0.85
2022-01-01 20:30:00,Station_7,25.297968504789896,-70.627463392301,Urban,3.18,68.04,7.78,908.21,7,1014.38,0.47
2022-01-01 20:35:00,Station_7,47.204214184769135,-108.65810089821773,Barren,34.5,43.35,10.14,454.36,4,984.49,0.33
2022-01-01 20:40:00,Station_7,30.40695669945901,-74.67768515794674,Agricultural,15.7,74.87,2.37,454.8,9,1031.19,0.48
2022-01-01 20:45:00,Station_7,32.81503410633647,-84.71995115753657,Urban,26.41,73.45,6.41,289.17,10,985.95,0.64
2022-01-01 20:50:00,Station_7,32.51103273494528,-64.68657264900014,Water,19.9,54.61,8.06,962.67,1,1006.34,0.3
2022-01-01 20:55:00,Station_7,34.74335088716412,-90.04694395184525,Urban,8.86,38.89,0.1,184.03,5,983.91,0.12
2022-01-01 21:00:00,Station_7,41.22545553786594,-64.53509321888458,Barren,34.52,33.8,8.91,775.39,6,987.71,0.21
2022-01-01 21:05:00,Station_7,43.905607506850345,-97.13949783163335,Urban,33.51,56.92,0.42,315.82,9,1006.52,0.19
2022-01-01 21:10:00,Station_7,37.790839613669654,-78.64323472672889,Forest,33.92,56.36,6.26,250.48,1,1019.98,0.61
2022-01-01 21:15:00,Station_7,41.81761548094055,-95.15595131024935,Barren,-3.67,76.76,9.52,928.31,8,1006.51,0.73
2022-01-01 21:20:00,Station_7,33.92352866875997,-64.035145850497,Water,30.95,44.5,2.88,440.12,3,1047.61,0.7
2022-01-01 21:25:00,Station_7,34.64347894582352,-90.93901503994962,Urban,6.61,73.22,10.32,248.38,4,1021.61,0.3
2022-01-01 21:30:00,Station_7,47.8990799164337,-62.84512368507598,Urban,-8.77,37.97,11.97,221.81,10,1001.7,0.89
2022-01-01 21:35:00,Station_7,29.082041610752697,-79.78028250448403,Water,12.85,43.61,5.46,105.85,7,1003.96,0.26
2022-01-01 21:40:00,Station_7,29.181151467587487,-120.00547725741224,Barren,-0.85,80.71,8.08,719.74,5,1035.68,0.62
2022-01-01 21:45:00,Station_7,46.867717671741474,-122.47456242664565,Barren,29.77,52.05,14.73,512.4,5,1046.83,0.77
2022-01-01 21:50:00,Station_7,31.025058376879397,-67.30096060552496,Water,22.32,81.66,2.15,719.8,2,1015.41,0.24
2022-01-01 21:55:00,Station_7,28.213037863595524,-113.10385786668031,Urban,30.23,55.27,14.93,600.36,8,981.82,0.61
2022-01-01 22:00:00,Station_7,31.735384380577116,-112.48132686720358,Forest,18.06,30.19,0.82,925.85,5,1008.9,0.47
2022-01-01 22:05:00,Station_7,37.89414376300668,-93.00761574477825,Forest,-1.17,32.06,1.34,480.51,10,981.13,0.83
2022-01-01 22:10:00,Station_7,39.93313106659301,-92.17531844102307,Barren,7.12,73.02,13.5,937.3,3,1049.08,0.51
2022-01-01 22:15:00,Station_7,33.30150361052562,-76.6188784906233,Water,-6.04,89.55,12.0,144.12,4,1048.68,0.41
2022-01-01 22:20:00,Station_7,34.6467098905583,-94.36050840180755,Urban,26.36,38.94,6.6,857.86,3,985.01,0.33
2022-01-01 22:25:00,Station_7,35.70422829688108,-83.84855337592299,Forest,7.75,49.71,5.72,909.4,0,1001.81,0.47
2022-01-01 22:30:00,Station_7,48.64379255021005,-62.53232026890688,Urban,0.75,76.01,12.05,921.87,8,1016.32,0.42
2022-01-01 22:35:00,Station_7,41.20982365228349,-78.49284073909465,Water,14.33,37.01,11.43,686.18,0,1029.92,0.83
2022-01-01 22:40:00,Station_7,37.575598439711925,-101.36977819408338,Agricultural,11.18,67.66,7.16,480.89,3,987.29,0.47
2022-01-01 22:45:00,Station_7,43.08365812347772,-119.77809715514815,Barren,31.9,88.57,12.74,878.6,7,1040.85,0.21
2022-01-01 22:50:00,Station_7,44.79528400231919,-107.57776296592851,Water,5.81,76.05,2.37,566.0,9,1008.75,0.56
2022-01-01 22:55:00,Station_7,28.97308537118011,-109.33292780866901,Barren,15.49,62.87,11.29,569.78,1,1016.36,0.82
2022-01-01 23:00:00,Station_7,44.059773961844016,-91.33969674093066,Barren,17.42,62.14,14.11,272.01,9,1044.67,0.65
2022-01-01 23:05:00,Station_7,45.77021404536269,-77.01895725918888,Urban,-6.22,57.35,9.85,835.03,6,1019.15,0.65
2022-01-01 23:10:00,Station_7,45.59323517258878,-69.69646962070874,Agricultural,2.19,34.81,2.51,382.55,2,1020.48,0.46
2022-01-01 23:15:00,Station_7,30.091826463891152,-80.34445738530638,Forest,27.83,31.13,13.61,254.27,2,982.34,0.4
2022-01-01 23:20:00,Station_7,42.46931441807738,-103.46643514139222,Forest,-3.95,63.37,1.58,279.46,7,1037.36,0.12
2022-01-01 23:25:00,Station_7,31.11564724526432,-112.6091917042044,Water,-2.94,51.64,7.25,151.51,0,991.09,0.63
2022-01-01 23:30:00,Station_7,32.867923794883396,-66.05105240903268,Forest,31.57,54.67,11.28,344.34,0,1038.6,0.17
2022-01-01 23:35:00,Station_7,37.07310434378453,-87.82627757667188,Water,27.68,50.29,1.72,470.25,4,1023.04,0.78
2022-01-01 23:40:00,Station_7,34.86576997292141,-86.52393153576205,Agricultural,33.26,34.39,14.38,926.44,2,995.57,0.82
2022-01-01 23:45:00,Station_7,49.14796678318331,-117.27264152057396,Water,21.93,70.75,8.38,740.93,0,1025.68,0.78
2022-01-01 23:50:00,Station_7,46.44980292944378,-116.72285798151137,Barren,-5.32,64.49,12.47,832.95,1,1011.37,0.61
2022-01-01 23:55:00,Station_7,41.62585322616134,-74.17287814118879,Urban,10.47,64.7,7.24,616.77,2,1032.86,0.19
2022-01-01 00:00:00,Station_8,41.51594947021495,-107.39585326976535,Agricultural,20.14,62.54,8.84,839.17,6,1009.72,0.44
2022-01-01 00:05:00,Station_8,30.879074768576952,-105.84828068216373,Water,15.85,59.24,14.39,283.01,7,1018.66,0.46
2022-01-01 00:10:00,Station_8,40.16121969828916,-82.28294562590983,Agricultural,20.94,77.15,4.37,270.86,4,1027.47,0.57
2022-01-01 00:15:00,Station_8,25.834964513037995,-116.57062843152445,Barren,-8.44,67.77,12.91,829.5,4,983.73,0.72
2022-01-01 00:20:00,Station_8,47.17564029731635,-113.15756085244524,Agricultural,-7.73,72.9,10.68,835.07,0,992.39,0.36
2022-01-01 00:25:00,Station_8,35.73044363089548,-123.80995092999562,Forest,31.11,51.25,13.55,140.15,0,988.3,0.74
2022-01-01 00:30:00,Station_8,28.373641182757986,-103.54476220270652,Agricultural,-0.64,34.42,10.25,580.48,7,1031.05,0.25
2022-01-01 00:35:00,Station_8,42.44591405671996,-110.71940909307719,Agricultural,-8.17,70.66,0.81,520.13,2,1047.55,0.89
2022-01-01 00:40:00,Station_8,30.67630431710821,-109.35878919571519,Forest,9.99,34.22,12.23,659.14,3,1022.72,0.69
2022-01-01 00:45:00,Station_8,42.921319117190684,-64.27155019254765,Barren,-4.76,79.35,7.68,350.28,9,985.7,0.43
2022-01-01 00:50:00,Station_8,42.48294985531976,-91.50705322394626,Agricultural,2.25,32.37,7.45,782.09,7,1012.72,0.79
2022-01-01 00:55:00,Station_8,37.97099106717357,-80.46514112329757,Water,20.78,89.15,5.35,474.98,4,1017.17,0.23
2022-01-01 01:00:00,Station_8,35.569049906023,-118.67640795339331,Barren,0.24,68.14,0.97,250.09,7,983.98,0.53
2022-01-01 01:05:00,Station_8,39.662636907977614,-61.972919276972696,Barren,-3.09,63.31,7.49,174.92,6,1035.73,0.42
2022-01-01 01:10:00,Station_8,36.84528934481594,-86.87444818750342,Barren,19.18,55.47,8.18,434.13,1,1024.71,0.15
2022-01-01 01:15:00,Station_8,36.09838639637121,-89.24067542355708,Forest,-3.3,72.65,7.83,507.3,1,1015.89,0.37
2022-01-01 01:20:00,Station_8,46.691149003310784,-86.00280986719602,Urban,2.36,38.7,7.8,482.64,3,997.12,0.47
2022-01-01 01:25:00,Station_8,31.851234955360244,-118.65842010262242,Water,28.51,71.99,11.31,677.51,9,1024.44,0.51
2022-01-01 01:30:00,Station_8,41.32413511261517,-108.78203525043037,Agricultural,30.25,34.1,9.67,509.65,3,994.17,0.26
2022-01-01 01:35:00,Station_8,42.513612000099414,-76.61287558958134,Forest,-4.25,69.16,13.19,906.01,6,1001.73,0.55
2022-01-01 01:40:00,Station_8,45.62318913708494,-117.2223242061925,Forest,25.08,48.95,4.02,736.64,9,985.54,0.57
2022-01-01 01:45:00,Station_8,38.68301109182479,-103.83417074301443,Water,11.8,77.3,8.84,601.43,6,1019.69,0.36
2022-01-01 01:50:00,Station_8,27.936681516730584,-85.92205124700803,Barren,19.99,65.1,6.42,591.01,6,981.7,0.65
2022-01-01 01:55:00,Station_8,38.174050803168456,-91.09775270068843,Water,25.0,38.4,5.91,772.8,0,1025.4,0.39
2022-01-01 02:00:00,Station_8,39.504729074203475,-70.33584757269719,Agricultural,17.21,61.81,4.84,901.28,2,1036.91,0.33
2022-01-01 02:05:00,Station_8,36.47119859322416,-81.98159563676779,Urban,23.33,85.2,12.97,900.18,5,980.65,0.16
2022-01-01 02:10:00,Station_8,49.0736002420477,-122.97736607716563,Agricultural,34.48,56.36,4.85,712.0,7,1034.71,0.25
2022-01-01 02:15:00,Station_8,34.433888711704306,-123.20552519778691,Agricultural,3.65,73.56,8.13,973.52,6,1042.83,0.79
2022-01-01 02:20:00,Station_8,40.114195701613795,-105.16923882858084,Barren,4.43,49.3,3.18,116.31,8,1017.53,0.29
2022-01-01 02:25:00,Station_8,26.702685861839946,-102.75125716517245,Barren,32.58,40.79,3.68,841.87,6,985.47,0.28
2022-01-01 02:30:00,Station_8,35.724206556284955,-60.2777220941273,Forest,-2.91,52.09,5.83,116.3,5,1004.37,0.57
2022-01-01 02:35:00,Station_8,37.71960058557437,-96.63898222412277,Agricultural,-3.56,50.51,2.72,281.51,9,1030.26,0.43
2022-01-01 02:40:00,Station_8,36.618735735210876,-83.00741545010956,Urban,-8.53,33.75,11.27,401.05,3,1040.31,0.22
2022-01-01 02:45:00,Station_8,49.280287401001246,-84.24346121547188,Urban,-2.07,73.96,0.73,913.66,7,1047.11,0.36
2022-01-01 02:50:00,Station_8,43.82180829403097,-109.92246559794499,Barren,33.65,36.93,2.43,286.0,4,1025.0,0.57
2022-01-01 02:55:00,Station_8,25.593919151685736,-73.22926771702566,Agricultural,5.18,38.39,11.62,354.8,0,994.31,0.43
2022-01-01 03:00:00,Station_8,41.76296498687189,-119.13240364025035,Forest,1.7,35.2,0.64,847.72,5,1047.91,0.36
2022-01-01 03:05:00,Station_8,36.85031595928952,-67.6931768705592,Urban,29.56,88.24,2.56,242.28,8,990.27,0.68
2022-01-01 03:10:00,Station_8,48.92659451328315,-66.85112559772796,Forest,3.64,37.68,8.2,881.57,2,1033.11,0.29
2022-01-01 03:15:00,Station_8,46.62426502434643,-74.5447678892125,Water,22.95,59.16,10.55,132.89,1,1000.2,0.31
2022-01-01 03:20:00,Station_8,42.37084771027339,-77.85766545050942,Agricultural,20.48,72.81,6.35,379.95,9,1015.16,0.52
2022-01-01 03:25:00,Station_8,38.51010523871996,-80.37289442875955,Agricultural,-2.45,57.06,3.01,577.5,3,1013.94,0.58
2022-01-01 03:30:00,Station_8,36.3134001003327,-113.01271035252086,Urban,28.33,35.45,10.46,647.33,8,1020.28,0.13
2022-01-01 03:35:00,Station_8,29.78921975947766,-97.02270447976929,Water,17.88,85.6,14.88,533.8,6,1004.78,0.84
2022-01-01 03:40:00,Station_8,47.59373737052725,-113.0851336705495,Water,2.24,60.65,13.58,832.05,3,1041.28,0.64
2022-01-01 03:45:00,Station_8,27.34102530329024,-120.21919389311915,Forest,14.26,52.11,11.93,644.3,3,1015.7,0.5
2022-01-01 03:50:00,Station_8,29.337504310833214,-68.14878907844871,Urban,22.39,43.91,9.72,712.46,8,1004.34,0.25
2022-01-01 03:55:00,Station_8,40.985600649799146,-106.90151838755969,Water,-8.45,72.49,4.38,825.22,3,999.63,0.84
2022-01-01 04:00:00,Station_8,27.21842525513552,-86.75209603155466,Water,-8.1,47.93,12.26,266.62,3,1000.79,0.7
2022-01-01 04:05:00,Station_8,48.23410983682989,-96.90779968455071,Agricultural,30.27,42.0,11.49,822.61,6,1048.52,0.65
2022-01-01 04:10:00,Station_8,43.85487967150533,-73.79382907019084,Barren,2.17,65.34,8.12,675.71,2,1040.06,0.53
2022-01-01 04:15:00,Station_8,35.68713707812568,-72.98232895480905,Water,6.89,48.42,3.96,930.65,4,1026.04,0.86
2022-01-01 04:20:00,Station_8,36.69969394625328,-79.65276642330957,Water,29.63,79.02,4.97,976.56,6,1003.11,0.7
2022-01-01 04:25:00,Station_8,40.12603830093134,-117.84189110339916,Forest,33.5,75.65,3.46,623.05,3,980.87,0.74
2022-01-01 04:30:00,Station_8,46.23327598656972,-112.75524577685283,Forest,34.49,41.48,7.12,406.96,5,1037.84,0.81
2022-01-01 04:35:00,Station_8,49.55147985103554,-99.62446461731744,Water,22.01,57.93,10.74,346.54,2,992.44,0.72
2022-01-01 04:40:00,Station_8,45.975318810597194,-119.38989958136428,Agricultural,-3.15,45.33,10.94,131.95,0,1014.88,0.37
2022-01-01 04:45:00,Station_8,32.047701375676326,-100.09950183103852,Agricultural,21.36,53.16,3.43,762.97,3,1034.25,0.89
2022-01-01 04:50:00,Station_8,36.19943584476618,-94.1349258413129,Forest,-3.17,46.7,12.16,709.89,7,1007.13,0.43
2022-01-01 04:55:00,Station_8,44.065321360913515,-117.17157737280246,Barren,11.64,71.55,10.97,621.44,3,1041.36,0.35
2022-01-01 05:00:00,Station_8,36.25925631084263,-122.2690111576669,Urban,32.97,75.07,12.55,799.47,5,1001.09,0.32
2022-01-01 05:05:00,Station_8,32.3138961845088,-62.25143666851828,Agricultural,-9.98,82.97,14.27,778.84,0,1027.37,0.46
2022-01-01 05:10:00,Station_8,34.70362038459093,-94.89042152603625,Forest,3.51,85.9,6.88,360.53,0,1027.68,0.74
2022-01-01 05:15:00,Station_8,39.31055353251355,-114.60011211683509,Barren,28.79,50.99,10.08,703.93,6,1013.67,0.38
2022-01-01 05:20:00,Station_8,25.503092084060683,-123.19246317656348,Water,9.89,89.64,3.63,572.25,2,1032.54,0.25
2022-01-01 05:25:00,Station_8,33.12651959390722,-85.71476018172146,Water,-6.52,82.38,4.46,519.73,3,1027.88,0.4
2022-01-01 05:30:00,Station_8,34.90245965117072,-69.48408642350536,Agricultural,21.08,75.04,10.01,716.86,7,1017.84,0.86
2022-01-01 05:35:00,Station_8,26.33114697418023,-106.89891494457412,Barren,20.72,77.2,13.64,756.36,10,1013.62,0.28
2022-01-01 05:40:00,Station_8,47.06915465493075,-113.4470213429106,Barren,-7.56,67.07,2.52,458.13,8,1030.68,0.44
2022-01-01 05:45:00,Station_8,47.93892723967177,-64.9873403841011,Barren,4.0,69.49,7.47,709.66,7,1008.52,0.68
2022-01-01 05:50:00,Station_8,30.155833936548625,-69.65067227829537,Urban,5.13,65.8,4.39,305.09,8,1005.6,0.41
2022-01-01 05:55:00,Station_8,25.90565171883376,-116.12062234499417,Water,17.11,43.78,9.38,481.58,6,1039.75,0.4
2022-01-01 06:00:00,Station_8,45.911747018717534,-67.87497645837253,Barren,-4.18,84.53,9.78,580.53,2,993.98,0.15
2022-01-01 06:05:00,Station_8,36.263427087059654,-109.42824299294499,Urban,-0.38,70.82,12.55,453.37,4,1016.27,0.19
2022-01-01 06:10:00,Station_8,47.19625550278549,-94.80560327309968,Water,5.36,49.88,0.78,743.98,6,1035.44,0.81
2022-01-01 06:15:00,Station_8,47.805383073565764,-65.02681256209472,Agricultural,32.4,46.93,1.95,942.7,8,1049.05,0.72
2022-01-01 06:20:00,Station_8,30.571413508447318,-82.92758014650907,Agricultural,1.78,67.98,10.02,499.23,4,1009.92,0.69
2022-01-01 06:25:00,Station_8,37.01244359041446,-95.29639610349868,Forest,3.14,81.95,7.78,593.53,3,998.02,0.87
2022-01-01 06:30:00,Station_8,32.40196319565992,-85.85157269067403,Agricultural,34.78,49.37,3.43,207.85,0,1044.73,0.48
2022-01-01 06:35:00,Station_8,46.718612277620515,-69.23311805540013,Agricultural,17.73,51.56,7.26,944.41,9,1013.88,0.37
2022-01-01 06:40:00,Station_8,41.377039749810635,-102.65842809145155,Urban,16.84,59.3,9.77,658.66,0,1024.54,0.88
2022-01-01 06:45:00,Station_8,41.248651359719645,-60.79374609719309,Barren,16.08,42.9,7.23,438.0,0,1033.75,0.72
2022-01-01 06:50:00,Station_8,29.755395202356794,-121.68337054248224,Urban,26.92,82.01,4.39,368.75,6,1027.93,0.55
2022-01-01 06:55:00,Station_8,36.56699520965965,-74.38871035797514,Water,31.28,45.33,10.71,319.15,4,1019.32,0.48
2022-01-01 07:00:00,Station_8,46.31946545650148,-81.62422932436587,Water,17.68,44.6,6.38,604.43,1,1021.62,0.8
2022-01-01 07:05:00,Station_8,26.201488532372867,-122.85174709645747,Water,31.68,88.53,2.65,997.39,1,1011.5,0.14
2022-01-01 07:10:00,Station_8,47.03536257751777,-119.50722629796175,Forest,5.85,81.73,7.28,576.51,0,1004.74,0.7
2022-01-01 07:15:00,Station_8,43.45964495673612,-84.18782726302723,Agricultural,10.25,58.6,2.99,335.8,4,982.83,0.39
2022-01-01 07:20:00,Station_8,35.67836185720585,-108.71035930258216,Forest,-9.79,62.28,13.91,516.9,1,1031.81,0.61
2022-01-01 07:25:00,Station_8,35.16256804663445,-73.89750591126494,Urban,11.65,61.04,7.32,522.47,3,994.06,0.33
2022-01-01 07:30:00,Station_8,46.8494792613903,-114.48818988872617,Agricultural,-2.49,76.54,3.6,735.94,4,996.44,0.9
2022-01-01 07:35:00,Station_8,38.54634356521405,-63.40219986664433,Water,5.61,72.2,14.24,792.57,9,1041.41,0.69
2022-01-01 07:40:00,Station_8,36.694738837103635,-109.75627568648281,Urban,18.98,61.27,10.13,789.52,3,989.48,0.47
2022-01-01 07:45:00,Station_8,32.20687682978409,-81.57698403372513,Water,5.41,79.75,0.07,140.38,6,1006.89,0.16
2022-01-01 07:50:00,Station_8,28.769496957925043,-85.95709992501423,Water,12.69,42.78,8.83,375.83,5,1021.44,0.34
2022-01-01 07:55:00,Station_8,34.32709033280997,-77.07036296346749,Forest,19.45,73.7,4.65,285.42,7,1015.56,0.79
2022-01-01 08:00:00,Station_8,34.91100413541767,-64.91930961249153,Forest,8.55,50.58,12.51,932.49,6,1001.22,0.32
2022-01-01 08:05:00,Station_8,38.80909306460289,-118.4994487665238,Urban,21.26,38.39,9.32,933.59,1,1007.89,0.57
2022-01-01 08:10:00,Station_8,37.3320599428586,-114.60827031432068,Agricultural,18.03,61.13,13.92,982.33,9,1017.83,0.1
2022-01-01 08:15:00,Station_8,34.50806006295091,-103.91626989825306,Urban,19.28,68.75,14.59,870.35,5,994.16,0.68
2022-01-01 08:20:00,Station_8,38.56171673013818,-122.01317777648225,Water,34.29,70.81,10.75,617.16,4,1008.62,0.38
2022-01-01 08:25:00,Station_8,45.259167919898246,-66.39990541394873,Agricultural,7.31,75.1,8.44,350.25,7,1007.57,0.84
2022-01-01 08:30:00,Station_8,43.23182093735501,-124.35385405745947,Barren,-4.86,79.75,11.29,382.65,7,1012.68,0.38
2022-01-01 08:35:00,Station_8,35.146981562820784,-96.31158147296468,Forest,0.44,68.76,5.85,171.18,10,1004.1,0.63
2022-01-01 08:40:00,Station_8,34.0200579480518,-112.99514769710296,Barren,7.35,49.89,8.8,982.35,3,1034.41,0.86
2022-01-01 08:45:00,Station_8,31.050376489728176,-120.0175216086608,Barren,0.33,71.2,5.21,329.29,4,1045.32,0.67
2022-01-01 08:50:00,Station_8,33.095152930513706,-123.63740742215087,Agricultural,7.89,40.73,10.5,176.87,9,986.44,0.18
2022-01-01 08:55:00,Station_8,35.33955992161646,-63.940647666292705,Forest,-8.18,56.06,9.73,371.16,6,1035.13,0.69
2022-01-01 09:00:00,Station_8,27.935408503538937,-108.44082353125403,Water,20.53,76.24,2.99,375.71,8,1049.1,0.88
2022-01-01 09:05:00,Station_8,29.196763066331712,-71.57860374177783,Agricultural,15.61,85.65,4.12,154.68,7,990.94,0.11
2022-01-01 09:10:00,Station_8,42.66472831901662,-106.60835488917422,Barren,2.22,48.68,7.31,603.84,10,1040.95,0.82
2022-01-01 09:15:00,Station_8,25.26285044169014,-106.78773573184039,Agricultural,33.05,86.3,12.93,743.64,4,1046.61,0.22
2022-01-01 09:20:00,Station_8,47.70703044126738,-101.37994420730668,Forest,-0.27,85.69,12.23,959.46,3,1046.73,0.74
2022-01-01 09:25:00,Station_8,38.33445273366851,-77.08234431815505,Water,7.82,85.33,7.43,822.22,1,1030.22,0.87
2022-01-01 09:30:00,Station_8,42.32030186045842,-113.23648476706238,Agricultural,10.21,70.52,9.69,295.78,6,1010.14,0.67
2022-01-01 09:35:00,Station_8,41.70073814808521,-73.40790934332712,Urban,34.84,77.83,4.73,496.95,8,990.02,0.45
2022-01-01 09:40:00,Station_8,42.92803795616825,-88.6100939890835,Forest,3.98,55.44,12.03,183.61,7,1001.49,0.79
2022-01-01 09:45:00,Station_8,38.963020740432256,-100.12153105609865,Urban,22.92,74.77,2.83,879.9,0,990.05,0.47
2022-01-01 09:50:00,Station_8,47.31294518200957,-100.3948762167069,Forest,-5.84,46.09,3.38,512.2,5,1012.6,0.39
2022-01-01 09:55:00,Station_8,28.097326722168827,-66.38626130774928,Forest,-3.96,37.25,5.02,689.36,3,988.31,0.1
2022-01-01 10:00:00,Station_8,37.435924297215905,-71.14309830766311,Barren,7.11,83.87,4.9,560.84,0,1038.13,0.73
2022-01-01 10:05:00,Station_8,25.707601972842372,-64.16772836720583,Water,-8.4,49.43,10.63,152.5,10,1019.56,0.7
2022-01-01 10:10:00,Station_8,32.80535690703435,-118.54173088578112,Urban,-7.91,61.03,4.8,129.74,0,1037.1,0.89
2022-01-01 10:15:00,Station_8,32.885401644187574,-102.61105485953792,Water,-5.68,30.04,2.05,365.79,8,1001.62,0.38
2022-01-01 10:20:00,Station_8,41.89057549133604,-93.36507297413293,Urban,-8.04,59.9,9.14,477.44,3,1013.17,0.3
2022-01-01 10:25:00,Station_8,32.731989232849465,-99.6800846298227,Barren,18.6,65.33,11.68,540.78,7,1022.72,0.78
2022-01-01 10:30:00,Station_8,29.948077002814706,-118.3516938007234,Urban,-0.25,66.26,5.94,651.91,10,989.26,0.63
2022-01-01 10:35:00,Station_8,41.1701390604445,-60.26448580601716,Agricultural,5.99,64.83,5.05,833.52,7,985.57,0.46
2022-01-01 10:40:00,Station_8,28.21073584982765,-111.93718696694815,Forest,33.14,81.67,6.6,760.33,9,999.74,0.52
2022-01-01 10:45:00,Station_8,35.851751883622356,-73.45259106932932,Urban,29.04,72.76,0.76,519.36,4,1015.72,0.6
2022-01-01 10:50:00,Station_8,40.023458545788515,-107.28790396083667,Forest,21.5,82.85,10.64,300.41,1,1000.62,0.26
2022-01-01 10:55:00,Station_8,26.51060550549316,-73.7393109867526,Urban,26.39,48.09,2.86,419.94,2,1037.36,0.57
2022-01-01 11:00:00,Station_8,48.827057838214415,-60.264314487075254,Forest,19.87,38.96,0.25,675.02,3,994.69,0.52
2022-01-01 11:05:00,Station_8,28.533246474009406,-60.464240038171724,Agricultural,-0.64,75.35,4.05,971.94,5,1002.84,0.66
2022-01-01 11:10:00,Station_8,33.91437893652515,-120.07297438986838,Forest,12.15,40.2,14.96,759.77,8,987.07,0.38
2022-01-01 11:15:00,Station_8,40.005381065891825,-81.9262852934879,Forest,16.8,63.82,2.4,998.4,10,992.76,0.16
2022-01-01 11:20:00,Station_8,26.909508183187352,-123.04790205715219,Agricultural,30.93,66.09,13.15,554.3,8,1000.45,0.43
2022-01-01 11:25:00,Station_8,40.5452565129893,-84.61618595619203,Urban,29.8,62.52,6.61,621.23,6,1013.27,0.11
2022-01-01 11:30:00,Station_8,33.43385208549924,-104.39264925040062,Water,10.77,67.74,14.34,849.75,0,1010.01,0.8
2022-01-01 11:35:00,Station_8,38.8775639466614,-106.9179388450189,Water,20.13,34.3,12.1,639.66,10,996.9,0.18
2022-01-01 11:40:00,Station_8,45.32890214112785,-77.48658612720743,Barren,15.56,80.07,1.47,672.81,2,1013.96,0.25
2022-01-01 11:45:00,Station_8,28.400528968259962,-63.395350067155086,Agricultural,16.03,45.8,9.73,939.44,3,1029.06,0.82
2022-01-01 11:50:00,Station_8,47.04087934790243,-96.18906290368393,Agricultural,10.24,87.38,11.44,565.44,5,1042.23,0.38
2022-01-01 11:55:00,Station_8,45.12055352412171,-97.61432668867647,Water,5.09,88.07,10.43,244.76,3,1020.69,0.3
2022-01-01 12:00:00,Station_8,30.193945655236966,-88.7375810334315,Urban,2.28,47.59,2.37,494.54,1,1042.22,0.64
2022-01-01 12:05:00,Station_8,33.30023920213159,-82.91619390661646,Barren,5.83,78.17,0.9,223.46,10,1040.33,0.62
2022-01-01 12:10:00,Station_8,32.48240427922932,-78.86204013650543,Barren,-5.38,50.92,9.07,455.62,10,1049.76,0.73
2022-01-01 12:15:00,Station_8,33.69026197170773,-122.15541422355483,Water,17.05,89.64,6.48,329.47,4,1003.51,0.3
2022-01-01 12:20:00,Station_8,34.79332716976793,-60.97468034089185,Urban,28.54,85.4,0.4,191.74,6,986.34,0.64
2022-01-01 12:25:00,Station_8,40.71293382748864,-89.52864934077235,Forest,-2.45,65.15,0.49,288.44,5,1010.32,0.52
2022-01-01 12:30:00,Station_8,26.599863046673995,-88.92040346038327,Barren,10.2,66.4,11.73,756.35,9,1021.61,0.14
2022-01-01 12:35:00,Station_8,42.25445585834804,-88.4073601652341,Barren,14.89,41.21,9.68,181.18,7,994.12,0.59
2022-01-01 12:40:00,Station_8,30.366576722056863,-96.66976614786512,Urban,-0.12,80.59,13.24,865.76,9,1046.83,0.51
2022-01-01 12:45:00,Station_8,35.92149815202484,-85.85068361907457,Water,23.35,39.34,11.74,842.17,6,1003.03,0.37
2022-01-01 12:50:00,Station_8,43.71851552566382,-105.55572609054366,Forest,-9.87,75.86,14.07,818.72,10,1009.23,0.25
2022-01-01 12:55:00,Station_8,40.35140279274181,-87.2626241754833,Agricultural,26.96,88.48,8.25,123.09,1,1008.46,0.31
2022-01-01 13:00:00,Station_8,49.2483806417626,-99.32527865315127,Forest,-8.79,87.9,9.32,146.98,9,1006.06,0.64
2022-01-01 13:05:00,Station_8,25.09497450632021,-114.55560913011787,Water,-1.99,80.5,4.65,901.0,10,1006.24,0.64
2022-01-01 13:10:00,Station_8,26.984558816905636,-65.85465267704582,Agricultural,-7.41,83.45,12.79,809.62,5,1021.45,0.35
2022-01-01 13:15:00,Station_8,38.482711288300486,-121.19760373529901,Forest,-5.31,44.44,6.03,909.46,0,1009.03,0.45
2022-01-01 13:20:00,Station_8,30.208679281463734,-97.59159416507137,Agricultural,-5.39,67.26,9.12,884.29,8,989.21,0.78
2022-01-01 13:25:00,Station_8,46.08817297380375,-90.85263541979924,Urban,28.9,61.54,6.41,975.84,3,1035.04,0.5
2022-01-01 13:30:00,Station_8,45.78094747306727,-118.70206456745017,Water,6.65,81.1,2.83,121.09,5,997.5,0.8
2022-01-01 13:35:00,Station_8,33.726029372270524,-90.35145985345191,Barren,7.01,57.81,13.91,399.0,2,989.52,0.75
2022-01-01 13:40:00,Station_8,25.66950855593608,-122.19261655034857,Water,32.57,69.77,10.76,199.13,6,1016.3,0.22
2022-01-01 13:45:00,Station_8,32.44003788871849,-73.261618727779,Water,17.25,74.61,11.07,877.71,0,981.03,0.56
2022-01-01 13:50:00,Station_8,49.366150609754456,-96.68769373984583,Forest,14.7,50.6,7.24,279.7,3,1006.92,0.51
2022-01-01 13:55:00,Station_8,41.62096452324364,-103.92404633402197,Water,-6.67,49.38,2.77,945.5,2,1031.65,0.2
2022-01-01 14:00:00,Station_8,42.387819526873216,-95.93568915929998,Urban,-0.25,37.55,10.95,616.0,3,1017.01,0.19
2022-01-01 14:05:00,Station_8,37.575578802071895,-61.21600689055826,Water,16.64,75.94,5.95,959.22,1,983.47,0.35
2022-01-01 14:10:00,Station_8,40.64292384336277,-88.37485477267148,Water,12.41,75.98,9.69,868.49,10,1030.42,0.8
2022-01-01 14:15:00,Station_8,33.38320856970256,-124.27125757675957,Urban,27.02,37.7,2.06,477.36,1,1032.12,0.67
2022-01-01 14:20:00,Station_8,42.10330909208702,-120.03416869648494,Forest,-0.32,54.15,13.42,515.45,6,1020.35,0.66
2022-01-01 14:25:00,Station_8,41.61676717523544,-110.85920516380801,Agricultural,31.07,48.0,9.13,731.22,7,985.57,0.15
2022-01-01 14:30:00,Station_8,40.318856802656185,-94.36655492383086,Barren,-9.49,89.06,2.29,104.4,1,987.76,0.77
2022-01-01 14:35:00,Station_8,27.49798745698122,-65.93095459901079,Urban,31.75,50.52,7.11,967.2,6,1035.35,0.83
2022-01-01 14:40:00,Station_8,27.63852746800192,-75.54241286277161,Water,33.25,60.2,13.02,868.83,6,1004.46,0.72
2022-01-01 14:45:00,Station_8,45.670399464669444,-87.61922782736102,Water,34.39,53.24,5.07,404.11,4,1021.01,0.65
2022-01-01 14:50:00,Station_8,33.488197016087014,-60.31316255883557,Barren,9.62,33.54,10.39,181.89,6,1048.33,0.43
2022-01-01 14:55:00,Station_8,40.09130775160038,-114.26332314062667,Water,14.49,81.37,7.62,695.83,2,983.85,0.85
2022-01-01 15:00:00,Station_8,35.059330081228794,-65.03277341748628,Forest,0.73,81.26,5.52,972.66,6,983.08,0.78
2022-01-01 15:05:00,Station_8,41.397286908353436,-69.14556877822642,Forest,26.7,69.01,6.04,231.17,5,996.94,0.85
2022-01-01 15:10:00,Station_8,37.05019882962475,-65.53634594541315,Water,9.35,35.55,6.52,329.12,6,1014.57,0.79
2022-01-01 15:15:00,Station_8,29.82980354438652,-70.35335148741693,Urban,14.13,42.83,13.14,879.05,5,1023.46,0.3
2022-01-01 15:20:00,Station_8,49.62497118632369,-89.2786127324305,Forest,2.52,30.73,1.23,602.34,8,1040.29,0.58
2022-01-01 15:25:00,Station_8,33.293601899259905,-101.21479765381875,Barren,-4.76,70.73,1.45,400.76,3,1029.61,0.17
2022-01-01 15:30:00,Station_8,39.40375764764896,-108.8905151234856,Water,24.92,59.03,3.81,915.59,6,1012.82,0.25
2022-01-01 15:35:00,Station_8,27.223047136758115,-112.77528450959858,Forest,-5.31,87.72,0.09,299.57,1,982.76,0.22
2022-01-01 15:40:00,Station_8,44.3886799182835,-62.242705107672656,Agricultural,4.92,46.26,12.86,920.21,4,1011.73,0.65
2022-01-01 15:45:00,Station_8,30.15292027672058,-100.96735237662594,Forest,11.34,77.3,14.99,977.96,4,981.63,0.32
2022-01-01 15:50:00,Station_8,32.115565013196516,-83.29664888561261,Agricultural,12.11,63.32,3.87,790.59,5,1013.11,0.11
2022-01-01 15:55:00,Station_8,39.368788707042,-85.6990477174406,Agricultural,28.11,75.53,11.81,923.16,7,996.17,0.61
2022-01-01 16:00:00,Station_8,44.73674257175936,-67.7318165147214,Forest,24.68,55.93,0.8,501.15,6,1003.35,0.63
2022-01-01 16:05:00,Station_8,34.34823933497557,-115.39322922805958,Water,-0.22,43.7,0.98,376.35,6,1048.07,0.17
2022-01-01 16:10:00,Station_8,44.325356928973385,-66.25600642155699,Water,20.16,59.24,0.11,960.27,0,1028.4,0.25
2022-01-01 16:15:00,Station_8,35.466067850632896,-65.82527168194726,Urban,20.22,66.82,10.56,706.28,4,1047.28,0.85
2022-01-01 16:20:00,Station_8,42.49904990897943,-115.74535267435675,Urban,23.15,30.71,12.64,621.89,1,1029.24,0.76
2022-01-01 16:25:00,Station_8,44.94725797998272,-87.9320758427593,Agricultural,14.01,85.3,2.72,248.21,5,1000.72,0.37
2022-01-01 16:30:00,Station_8,45.89403855076184,-120.83907689879645,Forest,7.92,88.18,12.29,981.31,4,1012.67,0.85
2022-01-01 16:35:00,Station_8,35.932689141797255,-108.04947853936001,Water,-4.74,88.41,0.22,260.4,8,1033.46,0.67
2022-01-01 16:40:00,Station_8,41.64883657773426,-64.15398012064415,Forest,-9.01,34.97,11.81,422.4,1,1027.52,0.57
2022-01-01 16:45:00,Station_8,33.653033695377644,-94.0016045098191,Urban,25.48,79.87,1.7,834.27,7,1029.18,0.49
2022-01-01 16:50:00,Station_8,48.40599966527706,-115.21822369659368,Forest,19.37,67.6,10.09,365.68,4,1004.13,0.86
2022-01-01 16:55:00,Station_8,38.651233890912074,-72.91552896060178,Water,16.79,31.85,7.35,909.86,7,1016.72,0.66
2022-01-01 17:00:00,Station_8,27.762073069874294,-110.22372110620505,Urban,25.41,56.71,13.71,165.24,4,1025.54,0.47
2022-01-01 17:05:00,Station_8,39.07556699495234,-60.49657993545162,Urban,-9.13,64.13,2.77,652.48,4,1023.43,0.26
2022-01-01 17:10:00,Station_8,32.9484341940451,-71.62906327579908,Urban,14.0,52.41,2.15,768.07,3,994.15,0.31
2022-01-01 17:15:00,Station_8,43.99371549823768,-97.4445863524079,Agricultural,33.1,45.1,10.03,702.28,4,1004.71,0.78
2022-01-01 17:20:00,Station_8,45.79190081095987,-113.00873268747566,Water,9.77,62.66,0.27,219.2,9,1020.05,0.24
2022-01-01 17:25:00,Station_8,38.57081288804691,-92.14477067558983,Urban,21.68,35.45,2.31,453.67,8,1028.99,0.45
2022-01-01 17:30:00,Station_8,26.23209463702677,-117.41949506931408,Forest,34.66,72.38,13.81,747.53,7,987.98,0.87
2022-01-01 17:35:00,Station_8,37.21459171471963,-98.3458599511917,Barren,-8.12,52.96,4.33,556.32,9,1034.76,0.53
2022-01-01 17:40:00,Station_8,28.15661807617172,-89.6123281435492,Agricultural,20.61,31.85,14.66,668.86,1,1011.54,0.17
2022-01-01 17:45:00,Station_8,28.935280461034814,-108.70865471404008,Agricultural,-4.84,78.8,0.82,999.24,1,1012.79,0.42
2022-01-01 17:50:00,Station_8,41.138435992813775,-74.90384130421822,Urban,2.29,81.3,0.82,496.55,9,1042.15,0.83
2022-01-01 17:55:00,Station_8,46.043626037432446,-120.4595520462618,Water,14.52,46.12,12.87,130.61,6,995.92,0.87
2022-01-01 18:00:00,Station_8,44.14426423454242,-99.36350215315943,Agricultural,-3.71,88.86,4.98,654.77,8,981.26,0.43
2022-01-01 18:05:00,Station_8,26.29711420294943,-124.53769779479987,Agricultural,0.5,53.91,1.73,672.87,0,991.24,0.66
2022-01-01 18:10:00,Station_8,28.058321584308608,-100.60213227004982,Agricultural,20.99,47.55,8.29,569.06,10,1047.83,0.42
2022-01-01 18:15:00,Station_8,47.27266572583781,-112.04367556060258,Barren,23.34,89.68,1.63,877.18,6,991.6,0.85
2022-01-01 18:20:00,Station_8,35.9998108780135,-117.47167655999004,Urban,10.93,70.09,8.25,530.11,10,1038.56,0.17
2022-01-01 18:25:00,Station_8,44.82007204508571,-99.51062238082349,Water,0.48,80.99,10.59,830.91,1,1024.82,0.55
2022-01-01 18:30:00,Station_8,46.056984543703805,-118.70805893001551,Agricultural,-1.57,61.29,8.51,963.65,6,1024.88,0.12
2022-01-01 18:35:00,Station_8,39.0720980869869,-88.84184835148906,Forest,-7.73,70.11,8.88,381.12,9,1028.48,0.8
2022-01-01 18:40:00,Station_8,42.87335568167984,-96.02111724676024,Urban,34.24,58.1,1.98,276.69,2,1019.97,0.71
2022-01-01 18:45:00,Station_8,39.077017364072034,-68.25430795611899,Water,11.42,74.81,8.28,328.14,5,1007.47,0.3
2022-01-01 18:50:00,Station_8,40.884704238242364,-104.94014657451163,Urban,-7.57,60.15,7.13,836.94,7,1030.34,0.89
2022-01-01 18:55:00,Station_8,33.95701919824239,-92.44974020645661,Urban,-3.39,60.43,7.68,268.29,8,1011.69,0.76
2022-01-01 19:00:00,Station_8,45.098812206096355,-63.87050971099016,Agricultural,0.67,81.05,9.93,250.12,9,1004.76,0.31
2022-01-01 19:05:00,Station_8,37.14103033207507,-84.1246396645933,Barren,3.6,32.58,9.72,428.84,6,1006.14,0.62
2022-01-01 19:10:00,Station_8,36.688301312658346,-76.62089139602742,Water,10.42,88.42,4.66,263.2,6,1018.14,0.32
2022-01-01 19:15:00,Station_8,32.615037040214865,-67.48809742210148,Forest,-7.55,39.23,6.1,146.75,9,1039.36,0.86
2022-01-01 19:20:00,Station_8,37.46140653701843,-117.45973846831458,Agricultural,9.61,63.74,9.65,280.98,4,1025.81,0.2
2022-01-01 19:25:00,Station_8,36.94999155183813,-106.43266665010404,Forest,24.3,51.45,11.67,996.16,1,995.98,0.25
2022-01-01 19:30:00,Station_8,26.187680956674935,-97.38184675032268,Forest,-1.27,46.17,0.62,950.39,3,1032.4,0.83
2022-01-01 19:35:00,Station_8,25.70005731147728,-82.86832544501961,Urban,34.83,47.4,8.19,836.28,3,991.77,0.57
2022-01-01 19:40:00,Station_8,44.91577213522526,-91.70746428109211,Agricultural,23.37,43.96,13.69,722.87,0,1026.32,0.82
2022-01-01 19:45:00,Station_8,26.847337114269116,-99.61735212072955,Forest,32.9,84.06,3.31,808.95,8,1012.11,0.68
2022-01-01 19:50:00,Station_8,41.803835229849746,-113.83934897006736,Forest,29.57,54.97,5.27,299.99,2,1020.0,0.76
2022-01-01 19:55:00,Station_8,43.17634148354547,-120.9197197690507,Urban,2.63,36.92,4.96,313.98,9,1047.31,0.64
2022-01-01 20:00:00,Station_8,47.31379955782377,-81.68380681283482,Barren,22.13,56.11,10.38,183.25,0,989.06,0.36
2022-01-01 20:05:00,Station_8,29.107141593388576,-109.51232242448903,Urban,17.79,37.33,10.49,741.74,0,1028.39,0.31
2022-01-01 20:10:00,Station_8,48.0420130948974,-77.901496837282,Barren,8.37,81.32,3.6,335.29,4,1011.81,0.18
2022-01-01 20:15:00,Station_8,44.27050375311116,-67.20479785578237,Barren,5.69,43.58,10.56,687.3,1,1017.48,0.55
2022-01-01 20:20:00,Station_8,41.35977392554831,-68.64899274774129,Urban,32.01,78.13,8.81,612.05,8,1028.67,0.64
2022-01-01 20:25:00,Station_8,42.39375762308589,-120.8028583744805,Barren,4.42,81.56,6.98,393.54,10,1011.63,0.56
2022-01-01 20:30:00,Station_8,27.69269330160457,-85.46178526249798,Urban,4.35,45.81,8.51,824.37,2,985.75,0.84
2022-01-01 20:35:00,Station_8,46.30280047674985,-91.25358208181913,Agricultural,1.55,75.44,3.84,317.59,0,1033.4,0.57
2022-01-01 20:40:00,Station_8,34.15010777805725,-119.47763839917927,Barren,29.13,36.93,8.26,464.46,2,1014.07,0.67
2022-01-01 20:45:00,Station_8,39.36863007514093,-60.17871285031691,Forest,-0.39,33.98,6.3,739.77,3,1001.5,0.23
2022-01-01 20:50:00,Station_8,29.88190570874744,-71.04924288307895,Urban,5.08,54.15,8.46,223.95,5,1026.89,0.23
2022-01-01 20:55:00,Station_8,47.288678938032554,-106.31042016921555,Agricultural,30.13,65.48,8.62,223.56,0,1019.99,0.17
2022-01-01 21:00:00,Station_8,42.71125442583144,-120.4621864828452,Forest,23.34,80.86,9.22,474.67,3,1031.52,0.48
2022-01-01 21:05:00,Station_8,27.923478192249178,-81.78780548128128,Forest,11.27,64.92,3.62,669.21,6,1035.78,0.19
2022-01-01 21:10:00,Station_8,30.843647005266632,-76.35936228387675,Urban,0.96,88.07,11.6,969.68,10,981.7,0.78
2022-01-01 21:15:00,Station_8,42.69637685554986,-91.87566377416918,Forest,33.69,74.03,9.71,507.41,1,1012.15,0.52
2022-01-01 21:20:00,Station_8,35.31262747916513,-92.23948858520161,Forest,29.95,32.77,5.41,566.07,9,1049.26,0.63
2022-01-01 21:25:00,Station_8,38.12280738942249,-116.91241282724688,Forest,12.18,63.09,10.76,744.84,2,1029.75,0.69
2022-01-01 21:30:00,Station_8,46.36939450880111,-109.98428557843897,Agricultural,-8.28,54.41,9.97,860.23,9,1027.53,0.56
2022-01-01 21:35:00,Station_8,29.086270390146822,-123.00059917385697,Urban,9.48,36.92,3.27,806.43,10,993.0,0.72
2022-01-01 21:40:00,Station_8,39.83712025329187,-101.58777621377503,Barren,20.17,43.17,12.7,430.22,7,1014.95,0.75
2022-01-01 21:45:00,Station_8,32.52031754108977,-71.25446125807949,Barren,8.49,87.64,6.46,439.84,9,1041.69,0.59
2022-01-01 21:50:00,Station_8,29.55221291127077,-63.061762270569226,Urban,-6.18,75.71,2.88,186.76,8,1021.5,0.56
2022-01-01 21:55:00,Station_8,25.475598111851298,-85.7950926170895,Urban,0.6,79.09,5.67,303.42,10,1019.48,0.74
2022-01-01 22:00:00,Station_8,47.17843419059338,-94.4872971886801,Water,22.94,48.38,10.05,217.51,3,1043.21,0.73
2022-01-01 22:05:00,Station_8,43.90398422511876,-77.0359853379642,Agricultural,28.11,36.6,1.9,182.72,4,1040.89,0.62
2022-01-01 22:10:00,Station_8,49.616926347237424,-74.60195774399075,Agricultural,20.43,33.86,3.45,410.52,9,984.36,0.7
2022-01-01 22:15:00,Station_8,34.45242343617572,-116.30476235351989,Water,2.09,51.7,14.03,511.88,2,1026.03,0.86
2022-01-01 22:20:00,Station_8,46.03693834948204,-60.59575069726863,Urban,24.26,67.29,10.55,922.58,8,1022.11,0.9
2022-01-01 22:25:00,Station_8,47.7103426534496,-66.93617751691312,Urban,9.95,79.74,1.22,603.95,5,1030.8,0.64
2022-01-01 22:30:00,Station_8,45.29426175297378,-88.97835790318076,Water,-5.48,62.39,0.4,889.92,7,1004.13,0.86
2022-01-01 22:35:00,Station_8,45.00717760893959,-88.1921366605398,Forest,22.29,81.79,6.7,533.03,7,986.25,0.58
2022-01-01 22:40:00,Station_8,41.91135389383782,-92.34219118463403,Forest,-4.89,88.34,5.31,924.04,6,1019.39,0.26
2022-01-01 22:45:00,Station_8,38.24455305945146,-90.21310503421589,Water,0.79,67.11,0.35,879.78,5,1007.18,0.7
2022-01-01 22:50:00,Station_8,37.05334967338658,-90.44617729074565,Urban,22.66,63.73,10.79,564.94,1,1039.51,0.49
2022-01-01 22:55:00,Station_8,40.087788335205346,-72.97394046825093,Urban,-6.82,86.51,8.55,457.7,5,1006.93,0.82
2022-01-01 23:00:00,Station_8,48.373608451979564,-101.08449190978422,Water,-9.47,66.28,5.89,527.39,5,1011.36,0.29
2022-01-01 23:05:00,Station_8,47.87454239277449,-85.34603992848632,Water,24.39,76.93,9.73,100.05,0,999.23,0.18
2022-01-01 23:10:00,Station_8,43.491903130478235,-110.24597526259504,Forest,34.63,31.94,7.83,307.51,3,996.04,0.11
2022-01-01 23:15:00,Station_8,36.384116108634174,-87.27755837223935,Water,21.11,82.7,9.6,376.32,5,990.17,0.21
2022-01-01 23:20:00,Station_8,41.50730096379141,-74.57644014703476,Forest,32.99,63.2,2.43,224.94,9,1014.37,0.26
2022-01-01 23:25:00,Station_8,45.40454647102753,-101.57969839828567,Barren,27.02,65.8,7.99,649.93,5,987.9,0.19
2022-01-01 23:30:00,Station_8,42.378272494644186,-72.8948492872006,Water,34.37,50.81,14.84,317.04,2,1021.69,0.18
2022-01-01 23:35:00,Station_8,45.163865449326636,-76.92873876770416,Agricultural,10.04,65.62,11.19,177.81,7,1042.62,0.21
2022-01-01 23:40:00,Station_8,36.25006721228574,-76.83869752957816,Agricultural,13.04,67.34,12.2,650.33,3,991.11,0.86
2022-01-01 23:45:00,Station_8,33.92634877395599,-113.35088880613228,Forest,-7.44,46.36,10.29,851.3,4,1002.0,0.18
2022-01-01 23:50:00,Station_8,35.38254571308485,-92.08753984056618,Forest,-3.12,81.02,4.86,672.87,6,1002.1,0.48
2022-01-01 23:55:00,Station_8,44.87404965722847,-88.51985273755588,Forest,31.62,88.63,10.36,452.61,5,1037.11,0.34
2022-01-01 00:00:00,Station_9,49.075878280849196,-68.7965271113597,Forest,-8.44,57.88,2.09,230.42,9,983.53,0.18
2022-01-01 00:05:00,Station_9,32.35722323835684,-110.8257178607901,Urban,14.15,33.47,5.75,726.88,4,994.8,0.21
2022-01-01 00:10:00,Station_9,30.96080815892961,-95.06761320585123,Urban,17.5,42.11,10.81,561.0,5,1023.31,0.73
2022-01-01 00:15:00,Station_9,43.818878354671554,-119.32486556947985,Water,34.35,60.62,0.71,410.02,3,1048.23,0.77
2022-01-01 00:20:00,Station_9,47.30181250567804,-94.54965847533528,Water,6.35,79.14,13.3,922.23,8,1036.26,0.46
2022-01-01 00:25:00,Station_9,36.10513126775977,-67.13725431206373,Water,17.12,81.26,2.65,435.46,1,1012.74,0.78
2022-01-01 00:30:00,Station_9,49.0832599322782,-68.64728917942874,Agricultural,2.84,37.58,6.15,884.4,3,988.52,0.26
2022-01-01 00:35:00,Station_9,49.30097643960104,-74.69539944778032,Urban,-4.82,72.16,6.04,643.47,9,994.54,0.33
2022-01-01 00:40:00,Station_9,32.91649993706062,-98.35090239120056,Urban,-9.51,50.38,3.61,263.67,8,1021.63,0.11
2022-01-01 00:45:00,Station_9,36.33138189893091,-83.02476608849683,Urban,5.19,86.8,7.76,177.42,4,1011.78,0.64
2022-01-01 00:50:00,Station_9,34.29400756288805,-73.98197927001563,Water,0.95,38.39,8.45,842.95,9,993.97,0.67
2022-01-01 00:55:00,Station_9,44.469610908770804,-116.6580266747633,Agricultural,4.51,58.25,10.01,950.35,4,1021.43,0.32
2022-01-01 01:00:00,Station_9,36.0193426979497,-89.53398856511308,Forest,6.4,73.16,8.42,174.11,6,996.78,0.15
2022-01-01 01:05:00,Station_9,49.22987553726769,-64.25296192027153,Urban,15.88,42.64,4.43,262.97,10,1039.5,0.67
2022-01-01 01:10:00,Station_9,29.92907180417598,-115.56451166564464,Water,10.03,84.13,13.49,786.35,2,1046.69,0.48
2022-01-01 01:15:00,Station_9,42.61107009560715,-97.09740696461152,Forest,6.66,87.41,10.65,395.55,6,997.23,0.74
2022-01-01 01:20:00,Station_9,30.4264412172316,-76.28183701380902,Agricultural,4.39,59.03,2.57,172.79,8,1002.02,0.89
2022-01-01 01:25:00,Station_9,37.23790868554022,-61.99588103899683,Agricultural,30.67,71.85,3.52,101.54,5,987.29,0.77
2022-01-01 01:30:00,Station_9,44.809165464344844,-91.8804928329213,Barren,-7.97,43.17,13.72,466.67,7,1028.54,0.48
2022-01-01 01:35:00,Station_9,27.108848372712444,-107.75067755772915,Agricultural,4.05,49.95,3.14,384.07,8,982.81,0.53
2022-01-01 01:40:00,Station_9,26.185557450939942,-67.64612440443932,Agricultural,-3.33,80.12,0.77,121.97,8,998.18,0.14
2022-01-01 01:45:00,Station_9,31.12134479919007,-83.49604757518361,Urban,28.57,80.43,8.31,674.25,4,1022.44,0.74
2022-01-01 01:50:00,Station_9,47.184049108776854,-76.85012281468974,Water,20.6,30.43,13.38,832.09,6,1019.9,0.51
2022-01-01 01:55:00,Station_9,33.20441003701093,-67.40960222774365,Forest,8.39,82.1,14.57,229.72,1,997.84,0.36
2022-01-01 02:00:00,Station_9,30.80278352738277,-112.44629308639372,Agricultural,29.41,81.2,12.74,386.71,3,980.81,0.45
2022-01-01 02:05:00,Station_9,37.20496054320513,-118.16981356445336,Agricultural,14.55,73.0,2.19,653.2,10,1002.91,0.26
2022-01-01 02:10:00,Station_9,41.91323842037644,-109.37934526655634,Barren,23.33,88.73,6.88,238.67,2,1006.83,0.4
2022-01-01 02:15:00,Station_9,32.529520958064886,-74.0381106599838,Barren,30.61,33.03,2.74,786.28,7,1025.25,0.35
2022-01-01 02:20:00,Station_9,39.79353465310659,-115.76645151461926,Forest,16.3,65.6,2.55,440.49,9,980.79,0.71
2022-01-01 02:25:00,Station_9,49.18282090495745,-106.34233971498882,Water,22.88,35.56,9.56,539.4,9,1035.18,0.56
2022-01-01 02:30:00,Station_9,42.59782233359809,-60.50932761678796,Urban,23.42,72.12,1.02,362.98,3,1021.16,0.17
2022-01-01 02:35:00,Station_9,31.268329148056917,-123.83385890236286,Water,28.37,31.94,7.93,983.23,0,1007.51,0.58
2022-01-01 02:40:00,Station_9,32.17721384133709,-96.77921237514039,Barren,20.66,58.96,12.93,255.91,9,1008.98,0.24
2022-01-01 02:45:00,Station_9,43.06475076972872,-70.86290504495801,Water,-2.43,60.4,2.17,593.88,1,1009.4,0.12
2022-01-01 02:50:00,Station_9,32.809845592794,-108.50082814160363,Barren,14.46,34.92,10.07,863.5,4,1048.23,0.39
2022-01-01 02:55:00,Station_9,36.12380960650624,-71.31283277246195,Water,26.08,73.12,3.07,893.2,7,1032.09,0.9
2022-01-01 03:00:00,Station_9,32.01108969108474,-70.92838188611313,Urban,20.98,41.31,13.56,664.36,2,998.77,0.35
2022-01-01 03:05:00,Station_9,26.51364057731018,-70.74944219348436,Agricultural,12.94,32.41,6.08,359.98,2,1029.63,0.72
2022-01-01 03:10:00,Station_9,46.15918726793079,-96.62198427698378,Urban,20.78,70.27,7.82,363.22,7,1001.52,0.88
2022-01-01 03:15:00,Station_9,32.50054883114439,-85.13940039825553,Forest,15.91,75.08,11.81,226.19,8,1039.46,0.68
2022-01-01 03:20:00,Station_9,42.07606639269177,-72.74709137138635,Urban,5.8,31.85,5.61,582.61,7,1000.48,0.71
2022-01-01 03:25:00,Station_9,47.0981883972819,-116.37929484019452,Water,33.86,36.75,4.07,840.14,7,995.22,0.6
2022-01-01 03:30:00,Station_9,26.390496954940453,-105.04792052087376,Urban,-5.61,71.81,7.85,818.45,1,1042.57,0.46
2022-01-01 03:35:00,Station_9,40.86248249398612,-71.93217239021504,Barren,27.36,62.93,13.07,995.66,0,1047.92,0.14
2022-01-01 03:40:00,Station_9,49.33834993205362,-80.2672179441346,Barren,26.0,87.58,13.17,313.5,3,1035.43,0.25
2022-01-01 03:45:00,Station_9,32.89176988306942,-105.36011100383723,Agricultural,8.01,70.98,6.03,513.46,0,1030.56,0.84
2022-01-01 03:50:00,Station_9,44.448799371142115,-109.12174535669628,Urban,-0.57,77.24,6.9,871.61,2,1041.24,0.13
2022-01-01 03:55:00,Station_9,42.32804833303614,-79.47624536593523,Barren,-5.36,63.66,11.31,143.69,10,1004.62,0.53
2022-01-01 04:00:00,Station_9,25.744740382910532,-65.63501741436694,Water,-0.62,78.04,0.93,279.15,7,1045.97,0.31
2022-01-01 04:05:00,Station_9,44.268939729278685,-70.55614845776213,Forest,9.1,49.38,12.57,365.85,8,985.37,0.58
2022-01-01 04:10:00,Station_9,41.42795816734929,-105.70764653253165,Forest,34.04,84.94,14.74,581.97,10,991.44,0.82
2022-01-01 04:15:00,Station_9,47.23852104229276,-106.45584776877197,Urban,20.0,46.38,9.98,373.86,0,999.09,0.58
2022-01-01 04:20:00,Station_9,35.828269645950655,-106.05639949334241,Water,0.09,51.52,8.57,429.93,8,982.12,0.71
2022-01-01 04:25:00,Station_9,47.944957169937254,-70.14469989992787,Forest,29.78,41.98,0.71,922.46,8,1047.49,0.39
2022-01-01 04:30:00,Station_9,29.455801510340372,-108.40696039402464,Forest,16.63,73.68,12.77,719.91,3,997.5,0.29
2022-01-01 04:35:00,Station_9,38.582852745020304,-99.24179368594378,Forest,2.44,49.22,11.27,881.44,4,989.37,0.47
2022-01-01 04:40:00,Station_9,25.83494372057973,-99.04883975420364,Urban,11.27,38.65,4.35,140.12,2,1013.16,0.82
2022-01-01 04:45:00,Station_9,33.42187490842444,-88.89335060788324,Agricultural,10.05,54.72,10.44,117.68,10,985.63,0.71
2022-01-01 04:50:00,Station_9,45.537357634169865,-60.65364394059442,Barren,23.09,86.77,14.51,857.24,6,1013.53,0.21
2022-01-01 04:55:00,Station_9,34.38258572717408,-60.7645993126156,Agricultural,23.08,72.6,8.53,878.68,2,1042.2,0.89
2022-01-01 05:00:00,Station_9,45.73064397322563,-83.56340821695943,Water,17.48,31.16,5.42,414.48,1,1000.51,0.45
2022-01-01 05:05:00,Station_9,45.86790890431415,-110.98742355472208,Agricultural,31.98,54.89,1.93,866.22,10,1048.81,0.2
2022-01-01 05:10:00,Station_9,49.89910472275085,-113.17021998973169,Barren,12.65,44.39,10.13,201.09,2,1029.68,0.61
2022-01-01 05:15:00,Station_9,28.9109896420466,-109.01566380841209,Agricultural,19.95,76.18,7.48,980.77,7,988.53,0.56
2022-01-01 05:20:00,Station_9,27.613737784238765,-91.83762500625765,Barren,2.99,89.68,11.51,953.09,9,1015.52,0.76
2022-01-01 05:25:00,Station_9,41.80192158321837,-123.44737168938481,Agricultural,1.14,84.26,8.89,851.1,3,984.35,0.32
2022-01-01 05:30:00,Station_9,30.771303012141026,-93.0144185520384,Urban,11.63,30.49,14.0,795.17,4,1049.87,0.21
2022-01-01 05:35:00,Station_9,49.861355093667,-89.90576189645023,Water,-1.21,64.3,0.63,395.27,10,991.09,0.52
2022-01-01 05:40:00,Station_9,43.264326796743674,-102.62240641498437,Forest,26.01,82.2,4.1,746.06,4,1041.08,0.32
2022-01-01 05:45:00,Station_9,32.159036146675234,-64.71000313093525,Forest,21.3,34.17,14.87,754.13,0,1012.45,0.84
2022-01-01 05:50:00,Station_9,33.14223486388286,-80.0241096934254,Forest,27.48,63.61,9.19,809.71,7,1002.15,0.58
2022-01-01 05:55:00,Station_9,46.198629309387485,-64.39097927852964,Agricultural,5.5,89.25,5.1,157.0,5,988.93,0.21
2022-01-01 06:00:00,Station_9,28.398819534719983,-105.90038816969427,Water,24.42,52.83,1.74,463.46,3,1022.29,0.89
2022-01-01 06:05:00,Station_9,25.28162891914575,-107.12973315730866,Agricultural,6.42,81.51,6.8,149.95,0,1044.24,0.51
2022-01-01 06:10:00,Station_9,31.042248651159866,-69.73654856528178,Forest,-9.78,71.26,8.76,668.09,5,1013.7,0.51
2022-01-01 06:15:00,Station_9,43.29359516559163,-115.54459896527808,Water,30.06,59.21,7.86,186.71,7,986.25,0.81
2022-01-01 06:20:00,Station_9,40.018278419933,-70.35238162964585,Water,8.16,88.51,6.32,467.72,4,1023.79,0.16
2022-01-01 06:25:00,Station_9,46.642978987652526,-68.96632385163238,Forest,21.33,83.89,4.46,364.87,2,993.33,0.56
2022-01-01 06:30:00,Station_9,30.43709351678916,-113.27111808326079,Urban,17.83,52.76,14.66,187.62,4,1002.21,0.64
2022-01-01 06:35:00,Station_9,39.427772648506405,-121.19702276545713,Barren,-4.69,83.3,14.52,963.46,4,999.56,0.73
2022-01-01 06:40:00,Station_9,37.95309027127384,-111.10216369865337,Forest,22.44,33.05,8.37,544.38,8,1043.62,0.75
2022-01-01 06:45:00,Station_9,45.17211757488294,-73.83857686674133,Agricultural,21.01,80.92,5.3,125.07,8,1022.58,0.66
2022-01-01 06:50:00,Station_9,39.42526622790459,-109.525110313384,Forest,1.3,72.33,6.16,620.02,3,998.12,0.62
2022-01-01 06:55:00,Station_9,44.80210817129014,-113.4947526422063,Water,4.09,48.96,6.47,278.32,10,1027.74,0.49
2022-01-01 07:00:00,Station_9,45.20339878047229,-100.1196081575327,Forest,4.94,41.21,4.09,464.97,4,1013.86,0.48
2022-01-01 07:05:00,Station_9,35.08046542567374,-73.95954371449109,Barren,4.32,80.12,5.86,334.77,7,1032.39,0.79
2022-01-01 07:10:00,Station_9,29.61436157151709,-79.05570501709619,Barren,16.99,45.05,13.55,125.62,2,990.2,0.75
2022-01-01 07:15:00,Station_9,39.54597665051422,-98.52188451402318,Barren,4.21,89.39,1.56,716.51,5,1010.01,0.22
2022-01-01 07:20:00,Station_9,35.828723469240444,-67.09543440949793,Urban,4.79,46.04,10.84,366.94,4,1010.1,0.34
2022-01-01 07:25:00,Station_9,49.25218631384596,-107.92874890050788,Barren,22.18,68.1,14.64,267.22,3,1036.65,0.61
2022-01-01 07:30:00,Station_9,26.899668635372194,-95.1367511935893,Barren,-9.53,36.93,13.61,313.32,6,998.49,0.5
2022-01-01 07:35:00,Station_9,49.12850575577018,-123.2184595611707,Agricultural,-7.66,68.02,0.69,419.01,3,1046.9,0.78
2022-01-01 07:40:00,Station_9,49.16255742575423,-103.30818719210866,Water,34.77,43.17,7.3,387.64,3,1025.08,0.69
2022-01-01 07:45:00,Station_9,46.946130066263024,-80.12755694815246,Water,24.27,32.54,11.24,995.43,10,1019.11,0.4
2022-01-01 07:50:00,Station_9,44.97235089491367,-124.08573940042879,Agricultural,14.82,31.17,9.54,108.58,5,1017.16,0.2
2022-01-01 07:55:00,Station_9,42.7471216542308,-124.08470276302617,Forest,34.43,75.0,5.25,105.15,6,993.57,0.33
2022-01-01 08:00:00,Station_9,26.955676292798483,-111.52193477642658,Urban,8.97,59.78,11.9,935.55,3,1024.72,0.77
2022-01-01 08:05:00,Station_9,37.56974799281666,-84.83806784410942,Water,12.78,65.25,4.03,174.99,9,1041.16,0.8
2022-01-01 08:10:00,Station_9,37.89007206402537,-99.63472278978664,Agricultural,-1.86,61.92,3.34,130.14,9,992.31,0.8
2022-01-01 08:15:00,Station_9,40.67732963400603,-66.68141743129583,Barren,32.36,50.4,12.45,454.3,2,1000.43,0.45
2022-01-01 08:20:00,Station_9,27.958795326941306,-92.78276603567465,Forest,-7.47,70.96,13.33,757.14,0,1021.32,0.31
2022-01-01 08:25:00,Station_9,41.767955096602236,-72.37874576504134,Urban,-9.89,58.65,1.09,146.75,5,1047.8,0.75
2022-01-01 08:30:00,Station_9,47.491192735778256,-64.09908481261441,Agricultural,25.08,44.83,2.02,938.43,7,1000.23,0.88
2022-01-01 08:35:00,Station_9,35.723057363094966,-67.19270964690534,Forest,7.06,52.72,7.16,140.55,7,981.19,0.17
2022-01-01 08:40:00,Station_9,33.445290644398916,-64.12370397355093,Forest,0.85,42.96,6.75,752.09,9,1013.25,0.67
2022-01-01 08:45:00,Station_9,25.70414611003103,-66.31467339303376,Forest,9.19,62.03,8.66,974.78,7,1033.88,0.17
2022-01-01 08:50:00,Station_9,25.55032113147771,-61.14020872071948,Barren,31.36,41.46,10.77,242.5,0,1005.39,0.52
2022-01-01 08:55:00,Station_9,33.366267801637434,-83.95191123589005,Water,-8.49,65.16,3.52,503.45,9,1025.2,0.57
2022-01-01 09:00:00,Station_9,49.32549990898535,-111.47195088377899,Agricultural,19.49,34.51,11.72,918.46,2,986.45,0.36
2022-01-01 09:05:00,Station_9,42.61846675102645,-84.25923730283333,Urban,22.4,49.11,9.54,467.66,9,1041.28,0.81
2022-01-01 09:10:00,Station_9,43.041718790552714,-62.5944443876178,Water,26.36,30.61,12.32,169.88,6,992.64,0.45
2022-01-01 09:15:00,Station_9,26.84277655737273,-113.38077082936755,Barren,-0.58,61.42,12.58,359.83,4,1000.47,0.22
2022-01-01 09:20:00,Station_9,39.8325361862954,-111.76593029133326,Water,7.89,82.09,4.68,993.11,4,991.9,0.44
2022-01-01 09:25:00,Station_9,45.66747136885895,-118.91982634198885,Forest,17.14,55.85,2.58,270.82,9,1004.57,0.37
2022-01-01 09:30:00,Station_9,41.203230692282645,-86.23683760794381,Water,1.06,77.27,6.72,961.36,7,1017.35,0.51
2022-01-01 09:35:00,Station_9,38.65185774655359,-116.03824983959207,Water,-0.62,55.71,10.83,557.36,2,1026.24,0.9
2022-01-01 09:40:00,Station_9,44.240991866412045,-60.06323211010654,Barren,17.65,31.54,11.12,175.63,9,1008.67,0.12
2022-01-01 09:45:00,Station_9,28.36945613516142,-113.57422151821939,Agricultural,28.33,87.17,8.76,778.66,0,989.51,0.81
2022-01-01 09:50:00,Station_9,42.33581359469411,-111.86970145993381,Water,21.59,89.84,6.61,389.05,2,1030.31,0.14
2022-01-01 09:55:00,Station_9,46.12424292594088,-112.75865801414096,Water,-4.02,36.81,2.58,959.7,10,992.65,0.79
2022-01-01 10:00:00,Station_9,49.92313600356735,-62.387474079657196,Urban,16.47,80.59,2.49,361.3,5,981.72,0.51
2022-01-01 10:05:00,Station_9,45.37161861796841,-119.83163728183767,Urban,-3.19,45.8,2.37,737.36,0,982.53,0.72
2022-01-01 10:10:00,Station_9,33.07842274345331,-72.26878925522999,Agricultural,4.92,43.4,12.55,737.27,10,1016.21,0.61
2022-01-01 10:15:00,Station_9,30.869161916339912,-123.82491413302684,Forest,26.39,33.28,12.52,989.61,5,1022.83,0.3
2022-01-01 10:20:00,Station_9,34.190086562124165,-88.24027784832506,Barren,32.97,59.03,9.97,489.35,6,1045.78,0.69
2022-01-01 10:25:00,Station_9,42.99209752373175,-64.82103208825131,Forest,21.73,85.89,2.97,464.97,4,998.38,0.89
2022-01-01 10:30:00,Station_9,28.66076786829806,-72.72432651407225,Forest,23.83,65.56,9.62,949.42,2,1015.6,0.48
2022-01-01 10:35:00,Station_9,45.523764115443214,-65.5820527570891,Agricultural,11.96,68.63,9.46,646.7,10,1047.01,0.23
2022-01-01 10:40:00,Station_9,43.21519611978606,-108.78572347394942,Forest,16.52,73.2,14.47,957.68,8,1034.19,0.39
2022-01-01 10:45:00,Station_9,36.96691974656443,-97.5005570740309,Barren,6.92,73.58,8.59,447.24,2,1020.12,0.76
2022-01-01 10:50:00,Station_9,37.99266380167076,-71.61340637651448,Forest,1.25,31.7,9.61,158.0,9,1049.47,0.12
2022-01-01 10:55:00,Station_9,43.2914105546936,-91.72169066698383,Forest,7.12,72.8,12.67,956.02,5,984.83,0.32
2022-01-01 11:00:00,Station_9,30.511118118280653,-99.48674021006083,Agricultural,30.5,49.89,4.43,582.5,2,986.86,0.22
2022-01-01 11:05:00,Station_9,33.46563927055541,-60.32810877708059,Agricultural,-6.86,49.08,8.75,241.69,1,992.92,0.35
2022-01-01 11:10:00,Station_9,45.697769073897334,-108.45368427610025,Forest,24.56,89.41,13.78,443.0,2,1038.64,0.2
2022-01-01 11:15:00,Station_9,32.13931355326304,-69.74903660879369,Barren,20.75,30.65,4.65,791.96,4,981.46,0.29
2022-01-01 11:20:00,Station_9,49.670223391931856,-87.9960351332623,Water,12.34,86.39,14.21,748.62,3,1000.79,0.34
2022-01-01 11:25:00,Station_9,41.227284646198605,-73.84342661494486,Forest,30.8,75.7,11.65,789.75,4,1041.59,0.9
2022-01-01 11:30:00,Station_9,38.71166482601972,-104.81931346293649,Water,34.4,52.31,6.07,611.33,8,1041.46,0.42
2022-01-01 11:35:00,Station_9,44.61328830066288,-73.04149210874888,Urban,27.13,71.03,0.5,804.14,0,994.17,0.2
2022-01-01 11:40:00,Station_9,33.653645322014796,-110.0722353351841,Agricultural,17.55,43.99,9.71,833.58,3,1010.96,0.25
2022-01-01 11:45:00,Station_9,39.39302976757688,-73.65292850670265,Agricultural,-0.18,44.51,1.23,359.14,0,1040.18,0.68
2022-01-01 11:50:00,Station_9,29.282676929307435,-110.20003125356996,Agricultural,26.71,59.49,9.61,321.16,9,1049.04,0.38
2022-01-01 11:55:00,Station_9,32.37547133305054,-108.35448697034366,Water,31.9,63.94,8.72,707.75,9,1043.92,0.35
2022-01-01 12:00:00,Station_9,28.021660070410437,-112.1184224276615,Barren,32.69,53.94,0.56,585.11,1,1016.91,0.64
2022-01-01 12:05:00,Station_9,29.5264395190166,-97.69639510446927,Urban,-9.27,37.62,1.92,129.26,10,1026.4,0.38
2022-01-01 12:10:00,Station_9,38.348618821744196,-77.34041001766329,Water,20.64,45.77,3.24,527.9,7,992.35,0.86
2022-01-01 12:15:00,Station_9,26.595423270973406,-72.24177163166799,Urban,27.78,40.6,12.59,827.01,2,980.35,0.56
2022-01-01 12:20:00,Station_9,31.686045361885416,-114.01788945115608,Forest,-0.25,56.87,11.64,971.79,3,981.21,0.8
2022-01-01 12:25:00,Station_9,46.84554197995142,-120.06032850825308,Barren,-7.46,49.6,8.29,364.13,3,1005.1,0.23
2022-01-01 12:30:00,Station_9,41.126663370099436,-62.55203100353095,Water,21.09,71.7,0.85,994.72,9,1004.5,0.8
2022-01-01 12:35:00,Station_9,40.741585133564435,-111.06431993801179,Forest,-9.4,89.6,12.27,784.58,7,1044.75,0.34
2022-01-01 12:40:00,Station_9,42.783217516043955,-106.12332376712992,Agricultural,22.33,78.29,13.17,397.93,6,1009.96,0.12
2022-01-01 12:45:00,Station_9,45.97207350555415,-98.10184197372337,Urban,-4.23,77.08,10.58,707.37,5,1029.39,0.17
2022-01-01 12:50:00,Station_9,40.44380877328159,-109.45581580508481,Water,11.13,68.07,13.58,615.1,1,1040.97,0.42
2022-01-01 12:55:00,Station_9,35.5896153898346,-97.98889509097584,Urban,-7.56,83.86,7.71,101.76,7,1004.29,0.42
2022-01-01 13:00:00,Station_9,29.412080452299662,-124.53815390413232,Agricultural,27.4,55.17,4.65,622.02,1,981.05,0.42
2022-01-01 13:05:00,Station_9,40.56580537144369,-80.0207020563916,Water,6.23,61.86,11.26,610.62,9,994.3,0.49
2022-01-01 13:10:00,Station_9,33.9197442925623,-102.10769554555469,Water,2.1,86.74,3.88,324.3,6,1025.18,0.61
2022-01-01 13:15:00,Station_9,39.114926354425656,-111.33351316073232,Forest,-0.72,89.59,4.13,536.58,8,1021.54,0.12
2022-01-01 13:20:00,Station_9,44.76515999262149,-74.27721110984504,Barren,30.09,34.43,12.49,995.51,5,1023.15,0.5
2022-01-01 13:25:00,Station_9,26.582681330904943,-71.1695766390637,Water,2.45,78.13,5.04,909.9,5,1040.96,0.24
2022-01-01 13:30:00,Station_9,39.1538576936859,-60.36220149752555,Urban,25.65,51.04,3.54,463.47,7,1038.56,0.16
2022-01-01 13:35:00,Station_9,32.55382085851781,-102.57148537271794,Forest,-9.72,40.14,6.29,801.49,10,1048.38,0.57
2022-01-01 13:40:00,Station_9,37.28935132049492,-92.83896012280798,Agricultural,27.57,73.71,5.56,229.39,7,991.06,0.43
2022-01-01 13:45:00,Station_9,46.38173680943163,-94.32283909253994,Water,34.56,67.45,11.55,804.91,7,1001.48,0.18
2022-01-01 13:50:00,Station_9,31.172905537753486,-65.0869723988929,Forest,20.37,74.24,7.89,256.16,6,1003.63,0.62
2022-01-01 13:55:00,Station_9,43.507607594061355,-89.68567544578993,Agricultural,21.21,34.99,11.53,136.5,9,1005.76,0.72
2022-01-01 14:00:00,Station_9,35.464353069992,-93.2702046574338,Water,26.05,71.66,1.68,524.14,4,1042.49,0.59
2022-01-01 14:05:00,Station_9,31.786009355669485,-65.63561221641231,Barren,12.72,52.57,8.46,316.06,1,992.23,0.25
2022-01-01 14:10:00,Station_9,38.72217869161557,-123.80374601763222,Water,18.16,74.6,8.03,771.15,7,1011.87,0.31
2022-01-01 14:15:00,Station_9,38.1124070984389,-108.20807828652796,Forest,9.9,35.82,11.72,884.26,7,1020.37,0.37
2022-01-01 14:20:00,Station_9,32.04937186526229,-85.27047675753172,Barren,7.35,72.41,9.56,937.66,7,983.72,0.53
2022-01-01 14:25:00,Station_9,29.071132322510444,-103.01325551580484,Barren,7.32,54.88,13.9,617.47,0,1017.74,0.51
2022-01-01 14:30:00,Station_9,34.83583884618492,-79.36827507701125,Agricultural,28.55,82.83,2.87,135.37,1,1033.14,0.27
2022-01-01 14:35:00,Station_9,45.77833304851148,-104.77856756899368,Urban,-2.16,61.88,1.22,947.92,2,1038.09,0.47
2022-01-01 14:40:00,Station_9,30.792141280406234,-109.61218436407262,Water,8.57,46.62,0.74,278.68,5,1002.56,0.44
2022-01-01 14:45:00,Station_9,33.459356814084536,-99.28467210342909,Barren,-6.24,48.79,8.32,906.27,9,1027.91,0.46
2022-01-01 14:50:00,Station_9,48.82530909565248,-86.20741737621654,Urban,13.77,56.76,6.6,209.33,3,1047.54,0.13
2022-01-01 14:55:00,Station_9,49.828497556919444,-105.73037923577584,Agricultural,22.71,52.02,8.93,512.14,7,1038.35,0.23
2022-01-01 15:00:00,Station_9,29.74187409479923,-87.58293384388031,Water,26.98,79.27,7.19,699.98,9,1037.74,0.63
2022-01-01 15:05:00,Station_9,38.06061244824491,-120.18980610572035,Forest,3.58,64.74,10.73,287.6,4,1033.18,0.87
2022-01-01 15:10:00,Station_9,42.4591368790643,-104.86949838483872,Forest,-8.98,68.24,14.58,912.17,5,1034.32,0.68
2022-01-01 15:15:00,Station_9,38.387200222512625,-64.77014903957172,Water,23.37,87.85,1.53,557.82,5,1041.15,0.51
2022-01-01 15:20:00,Station_9,36.5239292722827,-124.34401387004866,Water,9.52,32.72,0.82,172.44,3,1024.78,0.28
2022-01-01 15:25:00,Station_9,48.032356490635564,-114.45395547786383,Forest,5.79,34.37,7.94,900.14,8,1023.52,0.66
2022-01-01 15:30:00,Station_9,46.4404215288046,-64.6196363009997,Water,17.08,35.99,3.35,721.27,8,1000.25,0.55
2022-01-01 15:35:00,Station_9,43.546662478409175,-108.9562753754143,Urban,-8.15,82.42,7.44,341.95,1,1012.26,0.44
2022-01-01 15:40:00,Station_9,48.494693402165396,-116.82754399886451,Urban,10.59,39.65,6.13,407.92,5,1000.96,0.44
2022-01-01 15:45:00,Station_9,31.749678782484967,-76.98085789557331,Water,9.0,66.52,3.95,133.67,6,1021.6,0.8
2022-01-01 15:50:00,Station_9,34.70501623596806,-92.55679781222995,Barren,-9.51,71.36,1.92,930.67,10,1022.18,0.82
2022-01-01 15:55:00,Station_9,36.30961100381337,-109.17920526081991,Agricultural,-3.54,71.56,14.63,952.79,8,1045.4,0.58
2022-01-01 16:00:00,Station_9,27.595641359355092,-79.65753103231665,Barren,-3.64,38.46,11.55,649.37,10,1033.14,0.35
2022-01-01 16:05:00,Station_9,39.8552132162432,-107.86128372678327,Urban,11.46,30.21,1.92,307.98,7,981.32,0.24
2022-01-01 16:10:00,Station_9,32.26692262679198,-124.71829533931519,Urban,16.26,44.17,11.69,540.42,8,1044.28,0.57
2022-01-01 16:15:00,Station_9,47.96975432066441,-66.94199672737443,Urban,23.78,49.65,5.17,982.38,10,1049.81,0.3
2022-01-01 16:20:00,Station_9,33.42914084609773,-111.22770355818008,Water,32.43,34.09,13.37,519.72,6,1048.63,0.54
2022-01-01 16:25:00,Station_9,48.029391579563054,-76.49923593535257,Agricultural,-4.11,39.49,9.99,714.46,3,1047.98,0.23
2022-01-01 16:30:00,Station_9,44.02180591870892,-86.93265986625192,Forest,11.15,36.83,2.87,823.69,6,989.78,0.54
2022-01-01 16:35:00,Station_9,41.100545151029294,-83.74855254978294,Urban,-4.73,64.03,5.34,344.4,0,997.3,0.13
2022-01-01 16:40:00,Station_9,45.16164556446866,-87.85092319637968,Forest,2.74,30.26,9.89,620.03,5,1003.08,0.71
2022-01-01 16:45:00,Station_9,38.8653967586221,-88.78111078346961,Agricultural,-5.92,85.06,7.21,929.28,1,1042.74,0.81
2022-01-01 16:50:00,Station_9,36.68739082967067,-101.66067667414335,Water,15.83,77.37,7.77,291.95,7,992.19,0.51
2022-01-01 16:55:00,Station_9,31.159351509139686,-116.64040442419142,Agricultural,17.64,46.51,4.86,232.98,3,986.27,0.55
2022-01-01 17:00:00,Station_9,35.75900089443951,-61.213510011508404,Urban,30.21,34.93,0.78,395.59,8,988.43,0.21
2022-01-01 17:05:00,Station_9,29.61596074563268,-97.7185104373803,Water,-3.37,77.12,11.06,285.04,3,1009.16,0.78
2022-01-01 17:10:00,Station_9,26.133750840758875,-113.89112797908209,Barren,22.34,53.63,11.06,571.17,7,1047.97,0.14
2022-01-01 17:15:00,Station_9,30.734699823633246,-113.82586895025773,Forest,16.67,45.68,3.67,887.66,1,1008.31,0.24
2022-01-01 17:20:00,Station_9,29.135668982973115,-62.647291613166416,Forest,-6.9,82.25,8.18,948.36,7,993.58,0.64
2022-01-01 17:25:00,Station_9,48.62876581185295,-100.66119508459205,Water,7.45,33.21,5.03,391.87,4,1045.48,0.81
2022-01-01 17:30:00,Station_9,40.60097430734359,-69.04835391175354,Urban,-8.79,84.36,14.67,511.3,10,985.82,0.33
2022-01-01 17:35:00,Station_9,49.02448102928973,-65.9176884606227,Forest,-5.08,89.44,9.77,865.22,2,981.64,0.77
2022-01-01 17:40:00,Station_9,27.57465827966228,-63.432084160869906,Urban,5.72,37.16,10.57,504.32,5,1038.45,0.66
2022-01-01 17:45:00,Station_9,39.71900275962196,-100.42084470872062,Agricultural,6.95,62.37,3.47,217.5,1,1039.63,0.13
2022-01-01 17:50:00,Station_9,32.823657327736335,-92.0816832286743,Forest,-2.72,48.12,7.84,171.82,5,988.67,0.41
2022-01-01 17:55:00,Station_9,47.711993155358236,-60.46192064316931,Forest,15.59,40.4,13.11,982.4,1,1035.33,0.11
2022-01-01 18:00:00,Station_9,33.16908172433436,-94.3333796539878,Water,29.53,78.22,9.91,125.07,8,1043.73,0.36
2022-01-01 18:05:00,Station_9,47.0817710067609,-70.53884756036881,Barren,30.41,77.93,8.21,829.41,4,1024.75,0.62
2022-01-01 18:10:00,Station_9,37.81640432672393,-107.03759937977065,Water,23.85,52.62,2.22,425.27,4,1019.17,0.69
2022-01-01 18:15:00,Station_9,37.90425365578382,-113.72775499007949,Agricultural,3.84,42.15,2.91,842.51,8,995.26,0.14
2022-01-01 18:20:00,Station_9,27.138343810885473,-81.07448946954824,Urban,-5.68,32.54,4.67,256.57,4,1044.42,0.52
2022-01-01 18:25:00,Station_9,25.797802764501597,-73.8832970806014,Barren,34.33,49.95,13.66,985.18,3,1004.68,0.28
2022-01-01 18:30:00,Station_9,44.78193006655159,-106.81394555469873,Agricultural,19.38,45.71,2.22,691.36,6,998.29,0.8
2022-01-01 18:35:00,Station_9,31.661088428883506,-73.10829159063309,Water,30.09,86.95,10.56,611.56,8,1039.84,0.24
2022-01-01 18:40:00,Station_9,43.02984090917524,-76.18109420956603,Forest,-9.79,63.91,10.35,432.38,9,995.82,0.59
2022-01-01 18:45:00,Station_9,41.07627552130417,-61.07981107358745,Urban,14.56,57.71,2.15,384.13,0,1048.0,0.13
2022-01-01 18:50:00,Station_9,33.2967267228701,-63.02176984326637,Water,0.28,47.56,6.18,849.77,7,1007.17,0.19
2022-01-01 18:55:00,Station_9,34.6757095794007,-63.23312959520868,Agricultural,8.77,83.15,5.14,633.81,3,1049.23,0.66
2022-01-01 19:00:00,Station_9,29.597291017930154,-97.65478302077798,Forest,1.61,84.36,14.44,322.9,10,985.96,0.26
2022-01-01 19:05:00,Station_9,34.95910732378907,-72.50608576043993,Urban,21.1,38.38,5.48,747.31,2,996.77,0.43
2022-01-01 19:10:00,Station_9,32.770062082982484,-83.16919402697572,Agricultural,25.04,87.19,4.92,479.81,7,1025.06,0.81
2022-01-01 19:15:00,Station_9,36.087161224314734,-70.78473979179834,Agricultural,-4.37,84.94,10.63,343.83,4,986.18,0.61
2022-01-01 19:20:00,Station_9,43.20250769712,-114.48136867589155,Barren,11.5,39.82,14.88,606.27,1,1037.24,0.27
2022-01-01 19:25:00,Station_9,49.105208161298904,-98.60205469210399,Urban,1.07,33.35,8.89,343.73,10,1016.51,0.11
2022-01-01 19:30:00,Station_9,27.030240395321066,-87.15582144710399,Water,22.98,53.54,11.07,276.38,1,1021.7,0.86
2022-01-01 19:35:00,Station_9,46.42578449453613,-65.97181839131795,Forest,-2.57,70.74,8.8,505.59,4,1015.62,0.83
2022-01-01 19:40:00,Station_9,27.29755907099547,-73.81043850737137,Water,17.67,61.33,4.47,258.27,6,996.62,0.72
2022-01-01 19:45:00,Station_9,39.38784517109919,-96.84782231746038,Agricultural,-5.49,88.35,11.02,892.68,3,1013.95,0.85
2022-01-01 19:50:00,Station_9,43.17640510262882,-119.71581818108943,Water,-9.38,84.98,8.41,971.31,6,1008.52,0.44
2022-01-01 19:55:00,Station_9,26.126713679826775,-74.24045934177366,Agricultural,19.3,65.11,6.98,143.78,4,1049.36,0.55
2022-01-01 20:00:00,Station_9,37.48184556595121,-111.30500849593818,Forest,11.02,75.59,11.64,654.94,8,1028.38,0.51
2022-01-01 20:05:00,Station_9,42.72340899222856,-109.43389138557671,Forest,-9.08,82.48,14.25,303.73,3,1017.8,0.87
2022-01-01 20:10:00,Station_9,37.092099080462674,-79.32671378351924,Forest,30.7,46.55,4.64,889.86,2,1004.01,0.45
2022-01-01 20:15:00,Station_9,35.007094290707855,-120.45776354680277,Agricultural,12.43,37.52,12.09,239.42,3,1021.73,0.35
2022-01-01 20:20:00,Station_9,36.24178607960958,-118.98421307556214,Barren,28.57,84.39,5.31,932.59,0,1007.93,0.33
2022-01-01 20:25:00,Station_9,27.725822362106474,-66.53323135422389,Urban,8.9,86.98,7.71,615.93,2,1035.98,0.37
2022-01-01 20:30:00,Station_9,28.116987170300963,-113.46396468089327,Urban,12.86,38.51,8.52,670.29,3,982.75,0.35
2022-01-01 20:35:00,Station_9,48.11713752734269,-70.01355020774196,Forest,30.81,70.82,13.57,767.77,6,980.3,0.35
2022-01-01 20:40:00,Station_9,41.35544480248558,-112.91424793519047,Forest,-1.07,74.02,9.75,100.96,4,1025.79,0.35
2022-01-01 20:45:00,Station_9,48.2232115388711,-115.19006443536018,Agricultural,20.38,77.21,12.64,653.48,10,1022.2,0.49
2022-01-01 20:50:00,Station_9,26.141470170016106,-95.61395045770216,Water,-1.71,62.33,8.56,828.49,0,1019.56,0.65
2022-01-01 20:55:00,Station_9,39.76605786100927,-106.03476916485272,Water,1.54,48.91,4.61,737.73,4,997.08,0.13
2022-01-01 21:00:00,Station_9,47.46047313054188,-84.58599674545519,Barren,-0.96,55.97,13.86,683.14,0,997.93,0.68
2022-01-01 21:05:00,Station_9,37.921170559848015,-74.65194637727012,Barren,11.15,37.95,12.12,735.39,7,1010.3,0.36
2022-01-01 21:10:00,Station_9,49.82357721145967,-97.89230441096244,Urban,-0.17,67.33,8.07,575.43,3,1021.52,0.27
2022-01-01 21:15:00,Station_9,34.460860618848464,-101.95083624851608,Forest,22.4,37.17,12.91,300.46,4,1047.12,0.47
2022-01-01 21:20:00,Station_9,41.53676232522196,-93.78896198210249,Barren,-6.04,50.56,11.4,833.97,5,988.65,0.27
2022-01-01 21:25:00,Station_9,42.503912049489706,-60.040690153064645,Forest,11.82,85.85,10.12,835.37,0,1015.68,0.28
2022-01-01 21:30:00,Station_9,42.253985542821,-116.79870800877154,Agricultural,-3.31,44.78,14.13,414.64,10,1001.76,0.32
2022-01-01 21:35:00,Station_9,29.520923593517228,-93.38125368478953,Barren,23.18,32.56,9.19,960.55,3,997.02,0.22
2022-01-01 21:40:00,Station_9,35.822443753707304,-99.15449038540332,Urban,13.87,56.26,12.83,657.98,1,1010.05,0.15
2022-01-01 21:45:00,Station_9,38.746609176376566,-102.12425454190016,Barren,7.93,77.85,14.27,316.26,6,984.29,0.59
2022-01-01 21:50:00,Station_9,37.48646940114092,-113.35218700111365,Agricultural,-2.73,35.4,5.12,320.01,9,1017.46,0.37
2022-01-01 21:55:00,Station_9,26.19785978784435,-97.40023719569189,Urban,14.31,81.98,1.25,359.49,7,1022.57,0.55
2022-01-01 22:00:00,Station_9,33.4749625504644,-124.24070686149888,Barren,-6.22,34.73,10.91,876.61,4,1018.66,0.67
2022-01-01 22:05:00,Station_9,33.61253987305846,-106.02739294010867,Urban,-9.7,31.01,9.27,819.28,1,1032.45,0.89
2022-01-01 22:10:00,Station_9,48.70855327693461,-121.48223144219217,Agricultural,19.78,61.88,5.89,395.56,5,1034.23,0.74
2022-01-01 22:15:00,Station_9,33.384871638774975,-109.77771497719759,Urban,-4.17,31.19,1.69,825.02,3,1034.41,0.84
2022-01-01 22:20:00,Station_9,28.870418087057345,-100.77294739573475,Barren,15.7,59.45,5.8,463.97,8,1000.13,0.41
2022-01-01 22:25:00,Station_9,40.161364593032715,-123.14495582444614,Urban,-1.48,31.63,3.8,828.37,6,1019.49,0.17
2022-01-01 22:30:00,Station_9,27.78636826666382,-106.69634779369954,Barren,25.74,65.58,4.91,626.83,3,1049.04,0.41
2022-01-01 22:35:00,Station_9,41.673638063476425,-66.0736111466001,Water,32.14,46.14,1.69,114.92,10,1031.49,0.45
2022-01-01 22:40:00,Station_9,47.987976722566394,-83.9432203349931,Forest,21.29,37.9,0.75,576.36,5,1019.19,0.17
2022-01-01 22:45:00,Station_9,49.72203499085519,-95.10658348302029,Forest,7.64,50.42,5.11,898.41,5,1016.93,0.86
2022-01-01 22:50:00,Station_9,28.793176029301538,-118.46004234322895,Agricultural,20.22,58.13,1.24,124.09,1,1010.06,0.76
2022-01-01 22:55:00,Station_9,30.73350346786892,-120.82209955260426,Forest,-3.8,52.92,3.1,395.99,6,1006.46,0.14
2022-01-01 23:00:00,Station_9,36.54927246871122,-114.66176352846553,Urban,8.7,31.11,4.03,381.41,1,1032.11,0.45
2022-01-01 23:05:00,Station_9,37.90479742081443,-115.23207952706264,Urban,-7.48,70.31,5.47,206.02,7,1000.47,0.81
2022-01-01 23:10:00,Station_9,43.246136573431464,-110.19403290588353,Urban,-2.08,48.82,5.41,488.83,4,1042.74,0.19
2022-01-01 23:15:00,Station_9,42.486606474927,-107.31975081916163,Water,27.17,31.32,5.28,122.6,2,1014.62,0.52
2022-01-01 23:20:00,Station_9,36.78216693901954,-91.01096866066035,Water,-3.95,75.98,4.09,661.19,10,1034.15,0.3
2022-01-01 23:25:00,Station_9,42.102242384245535,-90.5336536329624,Forest,-6.19,86.73,9.85,620.01,10,981.15,0.1
2022-01-01 23:30:00,Station_9,25.58621407159849,-114.53263237571609,Urban,14.38,74.29,1.95,649.31,10,981.9,0.61
2022-01-01 23:35:00,Station_9,46.070586210491456,-111.49951159381082,Agricultural,6.95,62.12,10.12,189.17,6,1001.95,0.59
2022-01-01 23:40:00,Station_9,31.78323893738391,-63.26975827428247,Water,9.24,63.76,5.86,359.7,2,1033.27,0.28
2022-01-01 23:45:00,Station_9,30.50995113737842,-104.76260101860618,Water,2.03,35.0,5.5,188.05,0,1006.13,0.36
2022-01-01 23:50:00,Station_9,28.51962693795596,-115.0776933254576,Forest,-1.05,70.98,8.08,494.54,9,1034.14,0.45
2022-01-01 23:55:00,Station_9,30.67224297179942,-103.69744207603121,Urban,-0.89,56.94,2.08,685.97,2,1000.3,0.76
2022-01-01 00:00:00,Station_10,28.454825896763317,-85.9951644958702,Agricultural,5.94,30.65,6.52,194.85,2,1039.95,0.32
2022-01-01 00:05:00,Station_10,44.636754234723256,-80.44352837196146,Barren,29.15,37.94,6.28,148.25,7,1023.1,0.71
2022-01-01 00:10:00,Station_10,42.80181291757697,-69.69983125708511,Agricultural,0.63,34.89,5.57,814.13,2,1024.31,0.24
2022-01-01 00:15:00,Station_10,46.34538844812165,-65.44580222585553,Barren,8.72,36.08,10.19,329.2,6,994.82,0.11
2022-01-01 00:20:00,Station_10,32.07627187319773,-103.65371821566453,Forest,-1.1,81.25,9.93,993.06,6,1026.96,0.35
2022-01-01 00:25:00,Station_10,27.398495191940217,-65.86346781624013,Forest,13.53,67.72,6.68,862.37,10,987.07,0.8
2022-01-01 00:30:00,Station_10,34.759959829952926,-114.83244529082891,Barren,14.44,42.54,1.11,817.96,7,982.58,0.57
2022-01-01 00:35:00,Station_10,25.7918033109623,-115.05585400730142,Water,3.92,67.34,1.44,552.78,9,1042.34,0.38
2022-01-01 00:40:00,Station_10,30.676700716309803,-73.12092306152661,Water,24.34,82.6,5.45,587.29,8,1047.97,0.62
2022-01-01 00:45:00,Station_10,39.34934394395214,-108.17700973955914,Water,19.84,74.45,14.13,997.41,8,993.97,0.87
2022-01-01 00:50:00,Station_10,40.34234738044802,-62.82585911317335,Barren,17.12,57.26,13.48,832.57,4,997.08,0.21
2022-01-01 00:55:00,Station_10,40.50000320778278,-81.71189905176539,Agricultural,25.7,87.38,13.2,350.9,2,1049.93,0.5
2022-01-01 01:00:00,Station_10,26.915131991826996,-109.54952535550206,Water,28.82,67.39,3.91,625.53,9,1019.78,0.69
2022-01-01 01:05:00,Station_10,27.954156165748838,-75.21956194338779,Urban,0.48,34.37,9.48,134.19,8,1030.97,0.56
2022-01-01 01:10:00,Station_10,46.42160087138808,-69.82799536174797,Barren,12.28,60.49,14.87,429.39,9,1037.6,0.85
2022-01-01 01:15:00,Station_10,49.57054882130208,-117.9350365205244,Forest,-4.67,44.81,6.55,756.55,6,990.61,0.82
2022-01-01 01:20:00,Station_10,41.42782307292042,-68.24443967925774,Forest,7.2,48.48,5.35,382.27,2,981.3,0.74
2022-01-01 01:25:00,Station_10,25.069663330603824,-62.64234121189642,Urban,-7.13,80.86,13.55,913.02,5,1004.19,0.41
2022-01-01 01:30:00,Station_10,37.85839317628704,-95.01244572556172,Water,1.89,52.64,9.82,330.06,7,1014.62,0.39
2022-01-01 01:35:00,Station_10,37.05984115238331,-113.58417467975029,Water,-1.25,70.62,3.04,964.43,7,1039.8,0.46
2022-01-01 01:40:00,Station_10,47.29596505675176,-62.87585297810178,Forest,34.16,59.33,8.64,107.7,0,994.79,0.53
2022-01-01 01:45:00,Station_10,37.49880738141515,-119.40275782712516,Forest,14.42,59.13,6.4,170.67,2,1041.83,0.65
2022-01-01 01:50:00,Station_10,29.140214551316262,-115.49597708875477,Urban,5.37,35.09,7.39,284.21,9,1019.99,0.69
2022-01-01 01:55:00,Station_10,42.85079788843794,-120.86474997192279,Urban,20.97,80.46,10.44,129.35,4,998.3,0.39
2022-01-01 02:00:00,Station_10,35.61941637928153,-84.91445370306121,Agricultural,10.32,50.18,12.95,976.95,1,1011.74,0.72
2022-01-01 02:05:00,Station_10,27.615096005253754,-118.0741634776464,Water,-2.41,46.96,3.03,208.44,9,1020.03,0.19
2022-01-01 02:10:00,Station_10,40.16076120858866,-108.30777782969955,Forest,-8.66,37.17,5.9,854.04,5,990.24,0.47
2022-01-01 02:15:00,Station_10,29.334822830789893,-70.7923905729357,Forest,27.08,82.89,7.78,323.46,1,1019.39,0.46
2022-01-01 02:20:00,Station_10,37.52636629693809,-80.37085835584872,Forest,28.25,66.37,11.76,895.7,10,1045.85,0.74
2022-01-01 02:25:00,Station_10,28.918206650627123,-71.46699402175028,Forest,-8.75,78.35,7.47,116.86,5,1015.57,0.83
2022-01-01 02:30:00,Station_10,26.153200516717273,-76.50906363082716,Agricultural,1.52,41.89,14.01,738.48,6,1022.55,0.19
2022-01-01 02:35:00,Station_10,44.11652141819171,-77.35055107391516,Agricultural,28.76,72.95,12.93,670.43,10,1048.62,0.32
2022-01-01 02:40:00,Station_10,28.587393660300012,-67.2192908836185,Urban,31.71,81.38,8.29,719.21,6,1005.33,0.77
2022-01-01 02:45:00,Station_10,32.63413906125375,-114.78645205187657,Urban,31.19,76.43,6.04,189.88,4,1011.07,0.39
2022-01-01 02:50:00,Station_10,30.1327906527035,-77.29128815446441,Agricultural,13.15,64.99,13.76,103.26,8,1028.32,0.25
2022-01-01 02:55:00,Station_10,37.51014740784179,-72.46732686203413,Water,10.25,78.75,1.47,669.01,9,1023.15,0.87
2022-01-01 03:00:00,Station_10,31.457615483913052,-104.4552769802351,Barren,6.64,88.01,4.98,848.83,4,1011.42,0.52
2022-01-01 03:05:00,Station_10,27.554757656473786,-102.50303644299542,Water,10.91,30.14,14.29,890.36,4,997.04,0.17
2022-01-01 03:10:00,Station_10,30.563272665876205,-100.75140111257416,Agricultural,8.76,40.11,0.49,762.06,3,1003.88,0.57
2022-01-01 03:15:00,Station_10,31.451328375543508,-90.5712701183551,Barren,20.63,85.23,4.46,357.57,7,1037.21,0.21
2022-01-01 03:20:00,Station_10,33.67302636739209,-95.30246282533004,Agricultural,23.55,85.94,11.25,211.52,8,1049.82,0.78
2022-01-01 03:25:00,Station_10,43.48629177271186,-63.933885583995675,Forest,-1.16,64.4,0.17,775.93,0,1041.6,0.32
2022-01-01 03:30:00,Station_10,48.372262888218984,-63.99289500530261,Barren,16.99,77.87,12.18,889.95,3,991.46,0.29
2022-01-01 03:35:00,Station_10,41.32446923558427,-121.76430517941452,Water,9.06,33.61,13.9,602.82,8,1028.29,0.29
2022-01-01 03:40:00,Station_10,47.67391247479143,-100.56137110494109,Barren,17.47,47.16,5.21,284.34,0,1028.75,0.75
2022-01-01 03:45:00,Station_10,37.9667263247745,-79.00649345789017,Forest,33.15,30.27,9.65,613.86,5,1035.85,0.9
2022-01-01 03:50:00,Station_10,30.789575339611144,-97.78687823203933,Agricultural,25.12,70.63,5.2,252.43,5,1042.71,0.82
2022-01-01 03:55:00,Station_10,35.80134440101093,-69.68963315790405,Water,33.74,41.38,12.05,783.03,5,1007.64,0.57
2022-01-01 04:00:00,Station_10,45.69334975527621,-82.03639933630028,Barren,18.71,66.99,1.02,701.93,0,1025.02,0.23
2022-01-01 04:05:00,Station_10,45.373812568420206,-115.24618318438448,Forest,15.44,63.25,2.89,207.7,9,1004.7,0.18
2022-01-01 04:10:00,Station_10,36.07648419534007,-102.20444659142953,Water,30.95,42.97,13.52,789.62,2,1041.25,0.59
2022-01-01 04:15:00,Station_10,40.97494892420899,-101.9699577511372,Water,22.58,56.96,0.31,228.22,5,1016.79,0.84
2022-01-01 04:20:00,Station_10,31.447701076383943,-100.22549083080314,Agricultural,9.42,64.82,7.19,330.33,1,1039.89,0.78
2022-01-01 04:25:00,Station_10,29.794333120158118,-86.85611668040085,Water,21.69,62.4,12.23,927.47,10,1020.32,0.35
2022-01-01 04:30:00,Station_10,47.71761651753681,-118.81441894319617,Urban,33.8,80.2,1.07,257.64,3,1041.4,0.87
2022-01-01 04:35:00,Station_10,30.870970914267026,-75.17082804549823,Forest,33.93,59.84,2.0,481.85,1,999.15,0.4
2022-01-01 04:40:00,Station_10,45.09506708017234,-63.74457078408215,Water,3.75,37.54,0.88,225.08,3,1022.84,0.71
2022-01-01 04:45:00,Station_10,34.97348906075021,-84.1920070306654,Urban,11.03,58.23,12.27,451.98,1,1012.53,0.31
2022-01-01 04:50:00,Station_10,37.74038867679271,-80.53537903417103,Urban,1.98,31.77,9.19,207.06,10,1024.35,0.72
2022-01-01 04:55:00,Station_10,29.10732834680307,-120.7801842856963,Water,-0.74,77.79,12.54,885.75,9,982.94,0.8
2022-01-01 05:00:00,Station_10,25.000661808972747,-117.66582927442718,Urban,-9.2,44.64,9.97,618.94,10,1010.9,0.71
2022-01-01 05:05:00,Station_10,43.57219149920814,-109.72401608957378,Water,27.93,60.46,1.15,223.63,8,996.34,0.33
2022-01-01 05:10:00,Station_10,43.11194985727991,-123.72302792440844,Water,29.34,62.57,4.89,508.72,7,1023.18,0.48
2022-01-01 05:15:00,Station_10,45.98840646266132,-61.71690580334702,Urban,3.76,89.63,6.97,136.19,8,986.82,0.47
2022-01-01 05:20:00,Station_10,47.02836575137138,-62.842074564627275,Barren,-7.46,83.84,5.99,862.47,2,1040.89,0.61
2022-01-01 05:25:00,Station_10,39.86974948075698,-71.68168604411967,Urban,28.56,68.22,14.92,800.38,9,1007.84,0.46
2022-01-01 05:30:00,Station_10,26.673553290476175,-121.30976609789464,Forest,32.91,81.79,10.67,147.65,1,1019.17,0.77
2022-01-01 05:35:00,Station_10,33.8893992818139,-107.6308913056345,Urban,29.42,57.2,14.98,312.31,3,1022.61,0.28
2022-01-01 05:40:00,Station_10,40.53371375892322,-104.5368807010346,Urban,31.33,47.8,6.39,440.05,9,1014.83,0.26
2022-01-01 05:45:00,Station_10,33.63150963313922,-63.18202004151439,Urban,-3.02,57.66,4.96,549.22,7,1011.38,0.51
2022-01-01 05:50:00,Station_10,48.131149979540794,-90.83762984247387,Forest,10.63,31.19,0.51,700.02,3,1042.3,0.79
2022-01-01 05:55:00,Station_10,27.70027743600995,-122.13550796836317,Urban,31.46,42.62,0.11,331.89,10,1031.55,0.67
2022-01-01 06:00:00,Station_10,27.386901853998946,-119.34723659367549,Water,24.27,36.19,14.05,433.66,1,1009.15,0.24
2022-01-01 06:05:00,Station_10,43.355963849615605,-61.36073472665026,Agricultural,-7.71,76.49,7.75,452.59,6,1018.26,0.55
2022-01-01 06:10:00,Station_10,27.935281344629452,-124.74257642539364,Forest,27.97,67.78,0.32,885.97,0,1039.98,0.8
2022-01-01 06:15:00,Station_10,38.60507721035566,-64.65072098794197,Agricultural,7.35,89.22,11.04,131.99,2,985.76,0.4
2022-01-01 06:20:00,Station_10,30.21355519125427,-67.21129561917347,Barren,-3.78,80.04,5.12,603.62,9,1040.19,0.25
2022-01-01 06:25:00,Station_10,39.21026961188278,-103.00579408221088,Agricultural,-5.17,43.81,12.76,258.58,5,1045.62,0.29
2022-01-01 06:30:00,Station_10,40.682097241891626,-100.6182867206665,Barren,31.24,88.91,2.14,140.26,4,981.64,0.44
2022-01-01 06:35:00,Station_10,25.698599066068954,-109.56512241229079,Urban,25.06,34.45,2.42,980.22,5,1009.92,0.64
2022-01-01 06:40:00,Station_10,46.59389539952669,-119.93334756019274,Barren,-4.09,84.3,6.53,236.21,4,1006.0,0.4
2022-01-01 06:45:00,Station_10,47.05119678703429,-66.50036483191934,Forest,7.39,52.99,4.19,568.7,6,997.79,0.55
2022-01-01 06:50:00,Station_10,42.131568568902786,-72.53928626190387,Water,7.63,77.94,2.16,469.5,6,1036.54,0.6
2022-01-01 06:55:00,Station_10,40.906939436063,-104.7874977298058,Water,13.5,76.91,3.17,709.39,2,1013.77,0.72
2022-01-01 07:00:00,Station_10,33.145107218025146,-74.64829786024777,Urban,-7.15,87.29,12.08,565.69,10,1033.34,0.73
2022-01-01 07:05:00,Station_10,30.064632063222092,-101.62411861492491,Barren,20.15,88.04,13.37,657.94,3,981.44,0.38
2022-01-01 07:10:00,Station_10,32.12206805023187,-89.97927259486303,Urban,-4.22,53.78,13.38,927.82,8,982.06,0.58
2022-01-01 07:15:00,Station_10,35.900376119796675,-97.05841643907164,Forest,30.79,78.79,10.55,187.59,2,1028.46,0.85
2022-01-01 07:20:00,Station_10,41.26594902223201,-76.47103849462502,Barren,25.09,71.82,4.35,196.57,0,996.31,0.28
2022-01-01 07:25:00,Station_10,44.9702257325896,-104.86871881807157,Agricultural,2.1,53.06,1.02,903.8,3,1021.58,0.15
2022-01-01 07:30:00,Station_10,44.75088772366982,-77.55013306006879,Barren,29.87,37.72,8.82,459.4,1,1047.35,0.63
2022-01-01 07:35:00,Station_10,48.607151992778505,-81.67076243187742,Water,23.23,83.23,7.19,412.85,2,1035.79,0.7
2022-01-01 07:40:00,Station_10,41.564027429641044,-117.6874983052987,Water,10.62,76.26,14.06,153.11,8,1007.46,0.23
2022-01-01 07:45:00,Station_10,43.59909505951681,-109.59630434204875,Barren,11.86,61.68,5.83,443.27,0,1010.93,0.59
2022-01-01 07:50:00,Station_10,48.57632237397205,-111.57654217328317,Barren,32.11,49.49,3.29,169.61,7,1030.24,0.24
2022-01-01 07:55:00,Station_10,26.999371416897326,-96.20822491214588,Agricultural,9.54,30.28,11.66,972.27,8,1047.9,0.84
2022-01-01 08:00:00,Station_10,40.52985208912573,-118.87012042090701,Forest,26.57,44.12,11.45,972.7,2,989.05,0.59
2022-01-01 08:05:00,Station_10,41.01715941364465,-62.86715463222898,Forest,-7.96,71.13,14.99,372.56,1,1030.1,0.46
2022-01-01 08:10:00,Station_10,46.8055169580572,-77.03507500453294,Urban,30.72,76.76,9.76,520.27,4,1015.56,0.3
2022-01-01 08:15:00,Station_10,41.74762018551256,-94.92666480291174,Urban,26.11,85.32,7.88,388.67,7,1003.72,0.9
2022-01-01 08:20:00,Station_10,49.927052131702794,-81.71324363956043,Forest,2.28,87.66,4.85,876.58,3,1020.65,0.19
2022-01-01 08:25:00,Station_10,41.48174666315903,-67.77296820287715,Barren,-6.56,84.34,8.28,966.16,9,1036.09,0.83
2022-01-01 08:30:00,Station_10,48.30658778662816,-111.25364223267847,Water,-9.03,48.47,0.17,643.56,6,1049.88,0.7
2022-01-01 08:35:00,Station_10,41.32378013153596,-79.41094026857598,Forest,20.79,57.82,13.33,908.61,8,1005.45,0.83
2022-01-01 08:40:00,Station_10,46.479917536901866,-109.84212541493945,Barren,-1.43,35.6,3.07,936.25,3,1007.78,0.54
2022-01-01 08:45:00,Station_10,29.014244570169136,-98.1558559218472,Forest,-5.58,59.14,8.51,883.02,7,1001.02,0.49
2022-01-01 08:50:00,Station_10,44.526442838337346,-63.9677978408878,Barren,29.25,61.83,9.24,522.34,2,1007.41,0.41
2022-01-01 08:55:00,Station_10,35.176884456771084,-110.86580623555315,Barren,10.26,47.55,4.29,763.29,3,1001.58,0.6
2022-01-01 09:00:00,Station_10,27.119565893575185,-99.50607879306779,Forest,31.83,62.61,14.36,980.23,3,1037.79,0.25
2022-01-01 09:05:00,Station_10,32.733644758475336,-97.15176220023363,Urban,-8.21,79.67,1.58,815.71,9,991.24,0.32
2022-01-01 09:10:00,Station_10,36.87135339601296,-105.13003209686661,Forest,34.25,34.11,8.53,404.17,7,1041.31,0.48
2022-01-01 09:15:00,Station_10,26.95105807538537,-76.58637866377768,Urban,26.81,76.57,14.19,450.55,6,1007.53,0.44
2022-01-01 09:20:00,Station_10,35.19196890998688,-60.919955615505955,Barren,-9.18,85.16,12.56,570.83,7,1043.4,0.1
2022-01-01 09:25:00,Station_10,44.211826808132145,-91.03762787371542,Agricultural,0.45,88.6,5.49,484.4,7,1022.88,0.69
2022-01-01 09:30:00,Station_10,28.919351945016405,-123.60151814332917,Urban,19.89,42.25,5.79,467.22,9,1007.93,0.84
2022-01-01 09:35:00,Station_10,46.00039282313096,-94.00341642328591,Agricultural,34.46,37.0,14.75,995.06,6,1009.47,0.64
2022-01-01 09:40:00,Station_10,26.67994416930689,-113.22319555063055,Water,32.95,31.53,9.56,430.84,9,1040.88,0.39
2022-01-01 09:45:00,Station_10,44.148592102632705,-95.35952837488617,Agricultural,6.09,86.67,9.05,646.06,5,1039.37,0.22
2022-01-01 09:50:00,Station_10,41.92487772787416,-94.54756392466359,Urban,26.98,65.95,0.48,155.97,0,1020.63,0.43
2022-01-01 09:55:00,Station_10,34.915201110809,-62.371431826196684,Water,-5.51,63.34,5.72,902.82,4,1016.82,0.44
2022-01-01 10:00:00,Station_10,29.214387630162975,-98.24153638961127,Agricultural,30.99,58.47,1.58,136.18,2,1011.03,0.14
2022-01-01 10:05:00,Station_10,49.23695381741616,-98.96061867886516,Agricultural,-2.39,63.34,5.11,320.7,3,1040.67,0.34
2022-01-01 10:10:00,Station_10,48.208026204346574,-61.9633640245196,Urban,32.5,34.76,6.89,913.4,7,1026.46,0.58
2022-01-01 10:15:00,Station_10,29.17725669329907,-74.50053128130234,Agricultural,34.16,46.56,13.59,622.42,10,1027.29,0.42
2022-01-01 10:20:00,Station_10,29.961057872769352,-108.61626388874902,Water,10.45,30.44,5.12,686.75,10,997.73,0.84
2022-01-01 10:25:00,Station_10,26.968169116942807,-78.7069328199375,Forest,21.27,60.04,9.38,191.84,9,1029.15,0.37
2022-01-01 10:30:00,Station_10,31.196466073911825,-76.12159091662302,Water,17.01,69.1,14.46,373.91,10,1013.91,0.22
2022-01-01 10:35:00,Station_10,42.16235931491275,-91.63832163363494,Forest,-7.64,58.34,5.81,902.96,3,1039.01,0.42
2022-01-01 10:40:00,Station_10,47.46321652882098,-97.97572864101258,Barren,12.04,48.89,11.2,115.68,6,1016.46,0.22
2022-01-01 10:45:00,Station_10,38.5234421490278,-100.15480078835104,Urban,32.89,43.24,5.52,938.95,5,1026.95,0.4
2022-01-01 10:50:00,Station_10,26.897103599062014,-99.27378864264749,Barren,18.78,50.22,10.52,641.19,5,1009.54,0.38
2022-01-01 10:55:00,Station_10,36.96487948840592,-76.52770593877312,Barren,18.55,55.81,3.59,151.51,10,1010.16,0.72
2022-01-01 11:00:00,Station_10,38.92241031871074,-81.954108726111,Agricultural,32.75,40.79,5.26,714.85,4,1032.78,0.77
2022-01-01 11:05:00,Station_10,47.76557591292935,-99.33001279238032,Agricultural,27.18,42.82,8.15,411.73,1,1039.67,0.32
2022-01-01 11:10:00,Station_10,42.07776640739113,-103.38331861232302,Urban,31.26,64.29,3.62,287.53,5,1035.33,0.41
2022-01-01 11:15:00,Station_10,40.36984949546761,-89.28206255379786,Agricultural,-3.55,76.1,14.49,463.58,6,1008.12,0.44
2022-01-01 11:20:00,Station_10,25.93929578658702,-80.8712424521755,Barren,10.4,76.02,11.27,966.68,2,992.03,0.81
2022-01-01 11:25:00,Station_10,36.596076821517556,-114.43621449052175,Water,-2.92,81.79,6.55,167.26,3,1003.88,0.35
2022-01-01 11:30:00,Station_10,42.43393675188067,-71.2061822466476,Water,34.95,48.55,9.39,158.72,5,1023.48,0.54
2022-01-01 11:35:00,Station_10,36.01584897330971,-64.98906613295695,Barren,30.42,63.11,10.21,527.76,4,984.42,0.49
2022-01-01 11:40:00,Station_10,48.480164140419085,-89.00080288631862,Forest,31.9,82.01,9.83,307.91,1,985.01,0.5
2022-01-01 11:45:00,Station_10,48.1316528187793,-88.32178137864241,Barren,34.71,89.64,9.66,370.74,7,981.27,0.46
2022-01-01 11:50:00,Station_10,46.2076192601876,-90.62608516126163,Forest,9.16,83.35,4.67,256.06,5,1039.21,0.8
2022-01-01 11:55:00,Station_10,34.09095714333886,-101.12431403322094,Urban,25.97,54.13,11.48,637.55,8,1040.02,0.18
2022-01-01 12:00:00,Station_10,34.3012642984319,-72.77438427318633,Barren,-6.16,36.6,4.2,609.5,10,1014.14,0.85
2022-01-01 12:05:00,Station_10,36.65375237777228,-69.34270114010033,Urban,29.93,81.19,5.17,754.13,9,981.85,0.13
2022-01-01 12:10:00,Station_10,34.96280680490851,-83.09661811574858,Urban,3.94,82.81,14.53,565.5,0,1042.87,0.83
2022-01-01 12:15:00,Station_10,27.934782824123896,-104.63345618545719,Water,20.04,34.44,14.2,354.24,8,1010.48,0.17
2022-01-01 12:20:00,Station_10,44.540697698147156,-99.14411902078214,Barren,23.53,69.47,14.88,797.99,6,1040.93,0.79
2022-01-01 12:25:00,Station_10,30.839775104353464,-62.94736025990211,Urban,11.01,55.74,8.3,658.52,6,1032.31,0.71
2022-01-01 12:30:00,Station_10,34.628350204562324,-91.03489500095122,Barren,8.0,70.4,0.87,929.01,4,1028.79,0.68
2022-01-01 12:35:00,Station_10,45.50293312311237,-83.77823897416056,Water,24.64,42.44,11.43,416.97,7,1048.69,0.64
2022-01-01 12:40:00,Station_10,46.85688188817285,-88.9170093748145,Barren,27.56,60.21,6.05,403.22,2,989.59,0.32
2022-01-01 12:45:00,Station_10,47.33599761787706,-102.24744005507296,Barren,-4.82,45.47,6.1,952.07,3,1014.89,0.38
2022-01-01 12:50:00,Station_10,35.64286900860266,-117.69137085215206,Urban,-8.22,40.75,7.42,988.5,1,1005.43,0.29
2022-01-01 12:55:00,Station_10,45.917858627482765,-92.30154107877424,Forest,25.48,35.73,4.64,150.92,5,998.96,0.45
2022-01-01 13:00:00,Station_10,38.31255936536559,-82.02813163289176,Forest,1.03,36.92,1.94,934.91,7,1032.58,0.78
2022-01-01 13:05:00,Station_10,47.948067780264054,-80.33395361499875,Forest,-1.77,87.58,1.47,907.32,5,1036.15,0.89
2022-01-01 13:10:00,Station_10,36.91267277599924,-88.06919937583594,Urban,-9.45,34.38,11.95,444.86,5,1049.14,0.11
2022-01-01 13:15:00,Station_10,47.999042612511346,-112.22979112059504,Urban,29.74,78.2,12.09,674.59,9,1049.42,0.6
2022-01-01 13:20:00,Station_10,31.715748833985085,-104.1438318563778,Urban,21.38,59.77,14.2,921.91,7,985.96,0.72
2022-01-01 13:25:00,Station_10,43.142408851559466,-98.19586966201467,Forest,-1.76,89.58,12.1,617.48,0,1048.58,0.13
2022-01-01 13:30:00,Station_10,41.62661477034733,-84.68569435857177,Forest,27.04,43.54,8.13,180.18,2,1038.07,0.44
2022-01-01 13:35:00,Station_10,30.899882989368905,-79.01869795820195,Barren,-5.75,45.13,2.87,519.85,7,1013.76,0.66
2022-01-01 13:40:00,Station_10,43.00263327996405,-67.70663637571526,Water,22.6,48.39,13.3,704.99,0,1030.0,0.38
2022-01-01 13:45:00,Station_10,39.616020681928376,-109.5916939635035,Barren,23.18,69.47,1.82,595.6,5,1037.25,0.47
2022-01-01 13:50:00,Station_10,40.615249239979086,-116.13059674949929,Water,2.81,66.08,6.79,186.45,7,1021.96,0.53
2022-01-01 13:55:00,Station_10,38.05513858020497,-117.7416971007635,Agricultural,20.67,54.55,12.66,812.87,2,1016.29,0.79
2022-01-01 14:00:00,Station_10,38.8740360497362,-103.1303255150138,Agricultural,22.92,44.64,11.02,554.64,0,1039.93,0.49
2022-01-01 14:05:00,Station_10,25.261526391368808,-112.65344338642524,Urban,10.9,76.95,5.15,297.88,1,1034.28,0.36
2022-01-01 14:10:00,Station_10,39.331045015626756,-71.83835871824749,Water,34.73,55.75,11.31,401.45,8,1036.78,0.88
2022-01-01 14:15:00,Station_10,31.118867625585615,-81.66552028005592,Forest,2.0,62.2,2.1,369.82,2,1040.28,0.22
2022-01-01 14:20:00,Station_10,39.99030642217857,-101.5293802342227,Agricultural,-8.99,89.86,0.75,753.85,4,994.51,0.11
2022-01-01 14:25:00,Station_10,29.805169609464848,-64.37812587442134,Water,-2.05,77.16,10.96,932.06,9,1027.56,0.33
2022-01-01 14:30:00,Station_10,36.695835721883256,-112.51483320773106,Urban,-8.81,33.5,14.84,401.86,9,1020.72,0.24
2022-01-01 14:35:00,Station_10,39.84392175880724,-62.47035661103177,Water,-5.77,55.65,5.75,314.18,6,1043.87,0.63
2022-01-01 14:40:00,Station_10,30.948352633195526,-74.18696240231341,Barren,26.76,81.71,8.51,992.05,1,984.67,0.87
2022-01-01 14:45:00,Station_10,33.596871992230795,-121.05314743838518,Forest,32.57,49.71,3.84,186.67,9,1029.46,0.89
2022-01-01 14:50:00,Station_10,46.28831940918222,-87.65197962406822,Urban,-3.26,46.4,8.75,158.85,9,995.37,0.45
2022-01-01 14:55:00,Station_10,42.515757597802235,-98.18192201825961,Barren,31.05,75.94,5.26,305.87,7,1005.06,0.13
2022-01-01 15:00:00,Station_10,35.334932081351724,-100.80414853746262,Agricultural,22.44,61.34,6.37,389.06,9,998.99,0.76
2022-01-01 15:05:00,Station_10,47.314219548643095,-107.95553527312349,Barren,1.1,58.94,14.86,717.0,3,1012.27,0.62
2022-01-01 15:10:00,Station_10,44.02388850594401,-102.40421118212605,Forest,-8.74,72.89,3.36,378.48,3,996.27,0.5
2022-01-01 15:15:00,Station_10,26.718447716968225,-106.98797426492325,Water,1.15,53.35,10.94,667.64,2,1013.65,0.82
2022-01-01 15:20:00,Station_10,42.53613317416902,-107.57507111564468,Urban,-5.8,56.28,11.4,967.94,0,1049.65,0.75
2022-01-01 15:25:00,Station_10,30.007120781727004,-97.84782390943992,Urban,-4.56,31.85,2.58,966.04,2,1036.05,0.28
2022-01-01 15:30:00,Station_10,35.25898265780811,-70.59152258380479,Agricultural,19.96,80.3,2.84,778.9,4,1018.77,0.32
2022-01-01 15:35:00,Station_10,39.369187243640354,-89.53612643429236,Urban,13.38,63.63,9.97,191.59,1,986.09,0.37
2022-01-01 15:40:00,Station_10,44.086951892488706,-81.9784885938436,Urban,11.98,50.3,0.46,545.99,4,1020.88,0.45
2022-01-01 15:45:00,Station_10,47.8015538104438,-105.46666993120317,Urban,7.19,70.13,8.26,882.66,0,999.85,0.58
2022-01-01 15:50:00,Station_10,29.105143277790646,-85.3182068269306,Urban,33.13,40.46,12.25,629.24,8,1009.98,0.48
2022-01-01 15:55:00,Station_10,41.81695420576423,-83.43548863628044,Water,14.91,64.48,1.44,488.05,2,1043.15,0.5
2022-01-01 16:00:00,Station_10,37.994906785336894,-85.9640995130595,Forest,14.24,49.44,12.15,456.71,1,992.1,0.2
2022-01-01 16:05:00,Station_10,36.064305325178225,-114.77392875031222,Urban,1.5,76.01,5.15,199.02,5,1025.84,0.66
2022-01-01 16:10:00,Station_10,44.787793350197475,-101.76265335505266,Agricultural,25.4,65.35,14.8,878.85,1,999.12,0.7
2022-01-01 16:15:00,Station_10,41.884618398946785,-66.47948213704575,Urban,16.95,79.95,4.37,678.28,4,984.34,0.62
2022-01-01 16:20:00,Station_10,37.99250250014346,-68.87773629264768,Barren,15.5,30.54,4.53,447.27,4,985.24,0.88
2022-01-01 16:25:00,Station_10,39.1338123614379,-97.00462732868274,Urban,3.4,57.72,5.89,506.19,1,1016.87,0.35
2022-01-01 16:30:00,Station_10,35.16926668942627,-117.69311281205972,Agricultural,32.61,50.86,3.02,213.71,4,994.47,0.42
2022-01-01 16:35:00,Station_10,29.090733838520297,-124.05266119732553,Barren,32.32,84.4,7.5,942.05,0,1007.18,0.2
2022-01-01 16:40:00,Station_10,36.37431527737351,-111.43160895547527,Water,7.26,37.27,9.69,722.37,9,1009.01,0.46
2022-01-01 16:45:00,Station_10,36.17134465625412,-73.51240394041828,Water,18.09,80.94,9.4,979.54,6,1015.44,0.48
2022-01-01 16:50:00,Station_10,36.37273675682229,-111.62163966701729,Water,9.63,31.1,5.42,410.06,9,993.35,0.82
2022-01-01 16:55:00,Station_10,36.17627573850641,-87.90977597641711,Agricultural,0.43,50.79,6.87,997.49,5,1003.63,0.53
2022-01-01 17:00:00,Station_10,36.69868849418603,-122.98854958293526,Urban,5.79,48.08,3.75,741.62,4,1013.23,0.83
2022-01-01 17:05:00,Station_10,40.23598590525218,-102.96058744217981,Agricultural,9.38,46.99,4.66,319.15,6,1039.28,0.19
2022-01-01 17:10:00,Station_10,44.64576862705192,-84.74398127883012,Urban,8.6,64.02,0.22,771.92,1,981.75,0.19
2022-01-01 17:15:00,Station_10,40.85276237105257,-76.25200373100338,Urban,16.21,83.65,9.8,125.39,9,1009.94,0.22
2022-01-01 17:20:00,Station_10,43.56548759212701,-106.30371259685285,Forest,-3.15,81.38,9.14,918.93,7,1042.46,0.66
2022-01-01 17:25:00,Station_10,39.58771112016238,-80.85496369652557,Urban,12.25,37.85,1.47,206.08,2,996.64,0.15
2022-01-01 17:30:00,Station_10,41.34820529069873,-84.33396952709728,Urban,12.4,32.14,5.8,206.73,1,1032.69,0.78
2022-01-01 17:35:00,Station_10,40.428512225287136,-96.29517566855928,Agricultural,28.85,33.69,4.38,485.04,8,998.92,0.85
2022-01-01 17:40:00,Station_10,41.31131316490165,-109.98187720078184,Agricultural,33.3,80.06,1.81,175.12,0,980.11,0.54
2022-01-01 17:45:00,Station_10,29.46984396826541,-118.75304401757072,Agricultural,33.63,85.0,12.5,780.94,9,1016.2,0.66
2022-01-01 17:50:00,Station_10,27.770763943073305,-114.26515778243366,Agricultural,31.15,85.55,9.22,581.21,4,991.45,0.26
2022-01-01 17:55:00,Station_10,46.071241145587294,-110.30499124977307,Agricultural,-0.91,37.35,6.26,901.79,5,1048.22,0.67
2022-01-01 18:00:00,Station_10,38.81436488503458,-97.59987687093283,Urban,-3.37,42.33,5.96,844.23,5,1033.01,0.15
2022-01-01 18:05:00,Station_10,31.53695561292529,-107.57173396952717,Urban,16.6,64.06,0.85,854.45,6,995.59,0.14
2022-01-01 18:10:00,Station_10,34.25110211467727,-106.90738840792028,Urban,1.1,37.4,9.41,748.85,8,1016.74,0.68
2022-01-01 18:15:00,Station_10,32.222342506998686,-83.67025925680574,Forest,10.49,82.34,6.09,414.3,5,1039.95,0.84
2022-01-01 18:20:00,Station_10,44.33740531553253,-116.26912959265185,Urban,22.68,67.74,12.94,172.29,8,1028.78,0.13
2022-01-01 18:25:00,Station_10,42.5282606944574,-100.90524145110342,Forest,23.63,77.81,5.44,227.88,7,1011.83,0.82
2022-01-01 18:30:00,Station_10,34.361806995811,-76.44719644489729,Barren,18.17,36.82,13.07,620.55,3,1028.49,0.65
2022-01-01 18:35:00,Station_10,43.34624883394876,-87.78872079131587,Forest,5.37,74.09,9.36,576.76,3,1037.65,0.33
2022-01-01 18:40:00,Station_10,31.98013919462313,-73.49793610223367,Forest,5.18,58.86,9.63,277.11,10,1040.93,0.16
2022-01-01 18:45:00,Station_10,48.02899298593499,-106.4475895416599,Barren,-4.38,89.89,11.0,976.6,10,1012.19,0.84
2022-01-01 18:50:00,Station_10,26.356905530732853,-71.59548174816237,Barren,-6.18,49.06,2.06,630.37,0,1043.25,0.65
2022-01-01 18:55:00,Station_10,33.827325442135624,-71.7586025861576,Water,-7.08,74.77,12.11,996.08,10,982.61,0.6
2022-01-01 19:00:00,Station_10,27.75164742691993,-75.86028899061829,Forest,28.6,64.73,10.46,761.07,7,1023.1,0.19
2022-01-01 19:05:00,Station_10,44.80531680936653,-106.5390377817604,Agricultural,12.17,32.19,10.34,888.65,7,980.96,0.42
2022-01-01 19:10:00,Station_10,36.657856240469144,-115.6418947022047,Urban,18.07,73.5,2.3,929.26,4,981.85,0.6
2022-01-01 19:15:00,Station_10,47.376476033669114,-76.02359907776204,Agricultural,17.54,86.77,14.71,183.28,4,991.99,0.19
2022-01-01 19:20:00,Station_10,45.51533507624062,-97.70505006160079,Water,10.53,84.31,11.02,873.83,4,1029.19,0.66
2022-01-01 19:25:00,Station_10,47.92397975968931,-81.0114775019245,Urban,-3.77,53.29,1.78,814.72,7,1035.02,0.43
2022-01-01 19:30:00,Station_10,44.17400091836214,-72.41990678130881,Urban,25.22,79.11,0.75,158.17,5,1034.95,0.59
2022-01-01 19:35:00,Station_10,40.61555037631522,-91.65484306729701,Water,34.01,86.14,1.76,987.35,8,1006.03,0.88
2022-01-01 19:40:00,Station_10,27.418642816766358,-120.61536147723756,Urban,11.4,41.14,4.79,341.4,8,986.76,0.22
2022-01-01 19:45:00,Station_10,45.45034838858422,-117.09296719785183,Barren,-9.72,79.15,13.13,471.22,8,1039.3,0.37
2022-01-01 19:50:00,Station_10,45.97574346650835,-90.96093757566365,Barren,11.8,55.52,11.83,924.88,6,985.3,0.69
2022-01-01 19:55:00,Station_10,33.17227518767993,-63.9070245829916,Agricultural,17.94,46.82,2.98,808.77,4,1048.11,0.78
2022-01-01 20:00:00,Station_10,43.20284478743159,-110.16297945332066,Forest,12.7,80.16,1.63,931.51,5,1043.45,0.9
2022-01-01 20:05:00,Station_10,46.54724468049045,-110.7436061717334,Water,13.74,87.46,12.84,765.04,8,981.49,0.31
2022-01-01 20:10:00,Station_10,34.9628001890033,-114.91737638102032,Barren,1.16,65.32,4.92,309.22,6,983.03,0.74
2022-01-01 20:15:00,Station_10,47.854922040174046,-74.55687703697055,Urban,25.1,60.91,14.96,910.49,4,999.78,0.51
2022-01-01 20:20:00,Station_10,39.720171082167234,-86.38675807633783,Agricultural,21.36,60.99,11.7,605.11,6,1027.74,0.22
2022-01-01 20:25:00,Station_10,42.695263360752165,-91.25140615815538,Forest,-8.63,37.48,12.02,466.91,8,1024.0,0.26
2022-01-01 20:30:00,Station_10,48.19989514687401,-90.63857938633552,Forest,5.82,38.31,1.69,575.97,5,1016.64,0.52
2022-01-01 20:35:00,Station_10,33.98459419977635,-62.86609755695122,Barren,-4.15,41.76,14.44,410.53,8,1003.53,0.3
2022-01-01 20:40:00,Station_10,44.70299941453237,-87.4215734200514,Urban,31.23,74.77,8.16,733.99,10,1047.68,0.63
2022-01-01 20:45:00,Station_10,45.36238705551003,-99.52475731163167,Barren,10.63,76.79,14.89,798.86,8,1041.5,0.76
2022-01-01 20:50:00,Station_10,38.45151845540066,-92.29542776908993,Urban,11.88,63.68,14.95,735.01,6,1030.97,0.75
2022-01-01 20:55:00,Station_10,47.78045693026962,-118.21818239064615,Water,33.35,52.44,6.16,394.26,1,1038.08,0.56
2022-01-01 21:00:00,Station_10,28.74398885603466,-102.03733846046943,Agricultural,-5.54,58.58,9.44,642.33,5,1049.89,0.26
2022-01-01 21:05:00,Station_10,35.6539438225605,-82.22366574898126,Barren,-9.03,68.23,0.85,740.09,8,1004.19,0.72
2022-01-01 21:10:00,Station_10,46.96755640622039,-76.15568675841651,Agricultural,15.26,46.57,3.58,639.45,9,989.25,0.22
2022-01-01 21:15:00,Station_10,27.333259066373532,-86.80365137530077,Barren,9.19,87.41,10.14,860.95,1,1018.42,0.52
2022-01-01 21:20:00,Station_10,42.8140441355371,-88.08746166518722,Water,26.42,54.39,9.76,787.49,1,995.19,0.75
2022-01-01 21:25:00,Station_10,40.97315247811157,-63.49245703769372,Agricultural,3.52,32.7,4.27,906.29,0,1042.02,0.12
2022-01-01 21:30:00,Station_10,34.77176840881009,-88.4255719256881,Barren,-9.44,35.02,0.95,102.76,1,1046.48,0.89
2022-01-01 21:35:00,Station_10,46.132002908156984,-118.83850322167342,Barren,11.18,36.49,0.61,423.63,2,1043.56,0.26
2022-01-01 21:40:00,Station_10,26.22460897063041,-95.79344375592484,Barren,12.17,54.5,12.48,976.93,8,1041.65,0.85
2022-01-01 21:45:00,Station_10,36.395569147973276,-122.31425605568822,Barren,16.82,65.87,12.61,996.44,3,1002.5,0.24
2022-01-01 21:50:00,Station_10,34.59699657188301,-114.79419142978763,Agricultural,26.73,74.48,14.48,570.82,3,982.38,0.43
2022-01-01 21:55:00,Station_10,39.04989615855509,-60.18276462461746,Agricultural,-6.03,76.09,10.24,195.13,8,991.83,0.17
2022-01-01 22:00:00,Station_10,29.879169722465058,-60.178082911314746,Agricultural,-6.07,76.24,8.64,372.21,0,1029.91,0.52
2022-01-01 22:05:00,Station_10,45.92510350922329,-116.84516136607168,Barren,-7.55,53.75,13.13,585.55,9,994.29,0.81
2022-01-01 22:10:00,Station_10,30.66050872502067,-68.42217618376141,Barren,22.71,77.83,0.97,501.08,5,995.33,0.18
2022-01-01 22:15:00,Station_10,38.50559701629502,-122.2695220646884,Agricultural,6.86,56.44,14.85,840.2,6,1020.41,0.69
2022-01-01 22:20:00,Station_10,46.655053112717574,-80.33873958633228,Water,0.09,34.75,4.15,724.93,5,982.0,0.44
2022-01-01 22:25:00,Station_10,48.13517446791468,-90.53694037229329,Urban,-6.99,77.3,10.57,426.03,7,1001.32,0.2
2022-01-01 22:30:00,Station_10,32.058936208779016,-87.57586829301823,Urban,9.63,85.4,3.32,455.45,5,1015.91,0.88
2022-01-01 22:35:00,Station_10,32.54114337811429,-119.62597462080005,Barren,7.52,40.14,2.8,755.48,8,1012.33,0.21
2022-01-01 22:40:00,Station_10,26.232004583396396,-70.61548375800979,Barren,-3.74,48.81,12.89,698.09,2,1038.65,0.52
2022-01-01 22:45:00,Station_10,27.448329253656162,-107.51169988065777,Urban,-2.59,52.42,4.66,818.47,1,1033.84,0.39
2022-01-01 22:50:00,Station_10,36.24118179274187,-103.47971486329774,Agricultural,22.08,79.52,12.81,430.43,0,1000.03,0.37
2022-01-01 22:55:00,Station_10,25.789048220787414,-93.09959449466976,Barren,10.81,38.68,4.19,338.87,0,1033.5,0.82
2022-01-01 23:00:00,Station_10,40.80570900575442,-95.87062914256805,Water,18.98,62.41,7.01,644.37,5,1046.86,0.11
2022-01-01 23:05:00,Station_10,40.06910686522275,-87.85344065371908,Agricultural,18.57,70.54,1.0,718.05,8,1003.55,0.35
2022-01-01 23:10:00,Station_10,38.47557037197711,-80.0489255483845,Barren,31.4,38.35,11.91,497.17,1,996.29,0.87
2022-01-01 23:15:00,Station_10,42.829712501255955,-80.13378732430739,Agricultural,-2.68,36.73,3.61,697.92,0,1036.97,0.66
2022-01-01 23:20:00,Station_10,35.00561539167862,-73.20853140086274,Barren,-4.92,66.16,12.63,843.17,3,1016.62,0.36
2022-01-01 23:25:00,Station_10,32.79650418752372,-95.15941426012941,Forest,23.12,75.06,4.52,466.24,1,1016.76,0.58
2022-01-01 23:30:00,Station_10,26.85263809099765,-98.38755246238846,Forest,-5.76,56.97,8.2,979.27,1,988.65,0.83
2022-01-01 23:35:00,Station_10,38.44846314697783,-95.3691472647105,Forest,28.82,31.63,14.21,938.69,10,995.0,0.4
2022-01-01 23:40:00,Station_10,47.07432315709609,-92.73610189203711,Agricultural,-3.43,55.03,7.36,422.76,5,997.32,0.32
2022-01-01 23:45:00,Station_10,38.208183525881395,-76.88333684661242,Barren,26.05,76.8,10.58,690.79,1,1004.99,0.27
2022-01-01 23:50:00,Station_10,35.91554303778954,-85.77946490298969,Barren,27.33,49.23,0.67,904.2,10,989.3,0.38
2022-01-01 23:55:00,Station_10,40.80818156994182,-68.482546388386,Agricultural,32.43,33.84,6.53,538.24,6,1047.68,0.48
2022-01-01 00:00:00,Station_11,37.25639287091721,-116.92606070257041,Water,14.05,71.95,9.83,364.4,8,1031.34,0.66
2022-01-01 00:05:00,Station_11,48.309296059720786,-81.91540809150723,Barren,11.98,88.8,13.28,648.4,3,1027.02,0.57
2022-01-01 00:10:00,Station_11,28.36192742622776,-103.37713594423231,Water,26.88,67.49,7.94,638.1,5,1038.47,0.54
2022-01-01 00:15:00,Station_11,40.115082331883855,-116.00346737575681,Barren,30.25,87.58,4.15,319.07,5,1005.17,0.61
2022-01-01 00:20:00,Station_11,48.49260381073395,-105.42542436448701,Urban,28.23,45.81,6.03,833.91,1,1023.25,0.75
2022-01-01 00:25:00,Station_11,43.69409735933557,-123.21145262536463,Barren,22.68,88.84,13.41,829.97,8,982.77,0.58
2022-01-01 00:30:00,Station_11,37.79878205127551,-124.4478707268361,Barren,-1.24,52.79,11.98,687.4,3,991.52,0.3
2022-01-01 00:35:00,Station_11,32.51899186906031,-102.66122964171227,Barren,19.33,78.81,4.51,132.91,0,1012.84,0.5
2022-01-01 00:40:00,Station_11,41.30372341293806,-90.48612103669817,Urban,3.76,88.52,13.71,245.62,1,1038.44,0.88
2022-01-01 00:45:00,Station_11,26.62490058754974,-71.02456333701136,Water,34.62,85.96,6.78,512.65,7,1027.59,0.34
2022-01-01 00:50:00,Station_11,38.590790047142725,-67.83690636895858,Barren,5.42,32.53,8.11,525.62,0,1029.79,0.69
2022-01-01 00:55:00,Station_11,33.4871733779053,-98.34721015282972,Water,16.39,77.32,5.74,190.88,3,1027.35,0.34
2022-01-01 01:00:00,Station_11,27.479077651193805,-68.54849636599019,Barren,18.82,76.83,8.09,262.11,1,1017.17,0.78
2022-01-01 01:05:00,Station_11,39.21203385708178,-108.21729954416853,Agricultural,30.98,34.53,8.48,511.72,5,985.92,0.67
2022-01-01 01:10:00,Station_11,44.631990332593666,-87.04678709808998,Agricultural,3.67,79.4,10.22,919.23,2,1034.98,0.54
2022-01-01 01:15:00,Station_11,38.39036471169534,-119.76612449412475,Forest,33.05,87.85,7.7,488.91,5,1020.33,0.8
2022-01-01 01:20:00,Station_11,45.88892774976376,-66.96102447501882,Urban,22.99,47.79,10.46,998.82,9,1041.07,0.3
2022-01-01 01:25:00,Station_11,46.45525725173363,-118.97495873137171,Agricultural,5.36,77.13,2.35,366.0,10,1032.84,0.74
2022-01-01 01:30:00,Station_11,27.91401919500221,-124.29825318274764,Barren,-8.88,86.53,4.72,195.5,10,1015.04,0.5
2022-01-01 01:35:00,Station_11,43.12660529842279,-95.52580134508217,Agricultural,33.33,70.71,1.47,357.81,4,1048.37,0.67
2022-01-01 01:40:00,Station_11,36.51344943955085,-95.94894799464926,Urban,34.96,49.05,1.93,387.83,9,1033.82,0.74
2022-01-01 01:45:00,Station_11,34.40191118364824,-92.75531036259198,Water,11.78,40.73,2.61,528.23,7,1030.46,0.58
2022-01-01 01:50:00,Station_11,29.072281472626628,-113.19317799955711,Water,32.54,44.28,10.1,340.59,10,997.28,0.35
2022-01-01 01:55:00,Station_11,43.81623971515365,-74.89888649566389,Urban,13.22,45.74,9.13,338.51,4,1013.76,0.84
2022-01-01 02:00:00,Station_11,32.07322871235516,-96.14992561797152,Agricultural,18.14,81.24,3.24,790.02,10,1008.22,0.87
2022-01-01 02:05:00,Station_11,28.783588208913002,-120.28346537463793,Forest,24.07,34.61,1.56,953.5,3,1046.55,0.12
2022-01-01 02:10:00,Station_11,30.848532303989373,-120.03247927189946,Barren,12.77,53.82,6.99,358.93,5,1019.67,0.64
2022-01-01 02:15:00,Station_11,46.08243352517627,-116.97736078712845,Urban,31.08,61.23,4.85,120.92,3,1023.36,0.73
2022-01-01 02:20:00,Station_11,27.734542575574704,-120.92050117103719,Urban,-4.79,68.56,12.54,165.39,7,1034.32,0.81
2022-01-01 02:25:00,Station_11,49.369215854586045,-101.08482243419634,Water,-0.86,68.66,6.02,381.33,6,1032.51,0.54
2022-01-01 02:30:00,Station_11,27.777398841676508,-107.33269290280045,Urban,2.1,57.56,10.89,376.95,2,984.19,0.16
2022-01-01 02:35:00,Station_11,34.49812269852689,-109.81439044017016,Agricultural,24.13,45.56,7.54,829.91,3,1034.19,0.6
2022-01-01 02:40:00,Station_11,29.25614946374265,-86.34526833178585,Barren,2.47,65.12,8.95,839.61,1,1012.54,0.75
2022-01-01 02:45:00,Station_11,36.17140344548792,-105.72720367030684,Urban,19.11,35.73,7.84,371.89,6,1030.61,0.73
2022-01-01 02:50:00,Station_11,47.35461421571708,-109.69706938788433,Barren,5.22,50.76,3.25,356.48,6,1041.23,0.53
2022-01-01 02:55:00,Station_11,48.5315648803596,-60.73377773218614,Agricultural,5.6,48.8,4.27,996.89,2,992.45,0.89
2022-01-01 03:00:00,Station_11,35.03285335026544,-114.09654118866008,Barren,-7.3,42.67,12.27,414.55,3,1037.96,0.25
2022-01-01 03:05:00,Station_11,44.61076174177815,-114.75775789550949,Agricultural,17.07,38.07,1.98,660.62,9,1001.81,0.24
2022-01-01 03:10:00,Station_11,47.62625706600174,-72.53331730917789,Agricultural,1.94,39.45,4.29,579.3,1,1045.94,0.29
2022-01-01 03:15:00,Station_11,32.97655356516111,-84.1850953180028,Barren,15.44,74.84,3.89,475.28,7,1033.09,0.73
2022-01-01 03:20:00,Station_11,27.40887926043767,-90.6743228462162,Water,-1.37,39.69,5.92,800.33,4,1001.06,0.56
2022-01-01 03:25:00,Station_11,45.96148691315226,-91.98309645585078,Barren,-7.49,52.74,14.82,406.45,9,1033.03,0.57
2022-01-01 03:30:00,Station_11,38.55856696550117,-110.16748279001929,Urban,3.79,70.24,5.99,127.9,7,1012.24,0.15
2022-01-01 03:35:00,Station_11,41.11951536801767,-80.6012663491098,Agricultural,-2.5,89.57,7.77,863.88,10,1030.45,0.2
2022-01-01 03:40:00,Station_11,42.75492070384508,-117.51151608545646,Water,29.27,38.82,4.48,236.52,10,998.04,0.74
2022-01-01 03:45:00,Station_11,37.54504707697606,-72.42657104890765,Forest,-5.79,55.42,9.88,465.34,10,1027.65,0.38
2022-01-01 03:50:00,Station_11,27.108748007710094,-114.3366305901054,Urban,17.19,40.26,1.59,602.48,5,1008.57,0.73
2022-01-01 03:55:00,Station_11,42.92803142045975,-60.688305704232036,Barren,19.37,34.69,8.16,539.25,4,1005.75,0.87
2022-01-01 04:00:00,Station_11,39.533989114668245,-68.67916908565188,Urban,2.97,88.45,14.71,314.38,2,1048.1,0.65
2022-01-01 04:05:00,Station_11,43.32326169198739,-94.97982843758271,Forest,-4.65,61.08,13.78,323.92,6,1030.74,0.67
2022-01-01 04:10:00,Station_11,25.23679567867423,-96.41609026260255,Forest,6.22,77.1,3.82,218.74,2,1043.07,0.36
2022-01-01 04:15:00,Station_11,25.009636007439703,-108.14259246106087,Forest,3.03,49.06,8.46,806.61,6,999.72,0.76
2022-01-01 04:20:00,Station_11,27.115815830196528,-64.6793333197999,Forest,28.82,83.6,6.01,469.0,10,1024.79,0.59
2022-01-01 04:25:00,Station_11,33.89374321145381,-68.41244940961631,Agricultural,-8.89,45.22,10.3,805.64,6,1038.56,0.54
2022-01-01 04:30:00,Station_11,28.63938903498147,-92.24796171484692,Barren,-4.81,61.13,12.5,144.06,1,991.95,0.71
2022-01-01 04:35:00,Station_11,46.7652581331792,-97.79905138743604,Barren,29.11,89.03,8.62,107.51,10,994.23,0.76
2022-01-01 04:40:00,Station_11,43.74676947317373,-68.65607152997379,Agricultural,7.34,80.61,6.53,645.02,9,1045.39,0.33
2022-01-01 04:45:00,Station_11,29.64595998088586,-111.72883311412242,Water,27.85,43.69,5.61,878.43,4,1004.21,0.66
2022-01-01 04:50:00,Station_11,40.277988812449834,-100.36382677753991,Barren,-7.65,70.85,13.78,582.66,9,995.72,0.19
2022-01-01 04:55:00,Station_11,48.99357979317675,-86.97497243463073,Water,-8.2,76.14,10.41,684.72,6,1013.59,0.15
2022-01-01 05:00:00,Station_11,40.715961268515564,-77.54032149465351,Agricultural,29.98,79.1,6.92,325.38,4,1031.38,0.55
2022-01-01 05:05:00,Station_11,29.027358778930328,-67.90960318530891,Urban,5.74,75.13,10.9,913.17,2,996.53,0.58
2022-01-01 05:10:00,Station_11,39.3223014409258,-120.30110608056196,Agricultural,-3.03,79.4,1.12,516.02,3,1031.16,0.51
2022-01-01 05:15:00,Station_11,36.625843099642,-81.2326491000233,Barren,14.8,76.67,6.97,151.42,1,1028.95,0.88
2022-01-01 05:20:00,Station_11,47.935740156121064,-108.11855212185401,Water,-5.23,61.04,0.36,871.87,5,993.2,0.58
2022-01-01 05:25:00,Station_11,27.569220063585803,-120.95014453892172,Urban,4.93,58.71,14.73,308.46,0,1009.03,0.57
2022-01-01 05:30:00,Station_11,34.38545332443775,-120.8736421420671,Agricultural,7.06,58.29,8.43,731.15,6,983.2,0.35
2022-01-01 05:35:00,Station_11,37.73089969447025,-68.27557639847925,Agricultural,25.68,67.68,14.17,722.41,0,1027.64,0.7
2022-01-01 05:40:00,Station_11,31.82510505721416,-89.26603209514053,Barren,13.69,65.41,1.83,194.61,0,1028.93,0.28
2022-01-01 05:45:00,Station_11,34.60861389158051,-69.52530056217412,Agricultural,3.8,69.93,5.2,157.68,1,996.82,0.65
2022-01-01 05:50:00,Station_11,48.916040208333726,-107.58185297115952,Urban,16.6,70.84,7.9,413.75,8,995.62,0.88
2022-01-01 05:55:00,Station_11,48.202872360121376,-76.89602872982537,Urban,21.56,69.38,12.14,902.22,10,986.72,0.64
2022-01-01 06:00:00,Station_11,41.91619555130144,-106.37128481123776,Urban,12.51,44.93,10.19,339.48,10,1000.55,0.31
2022-01-01 06:05:00,Station_11,42.8407134711823,-104.85864198833555,Forest,8.42,37.07,10.87,819.17,3,1035.05,0.38
2022-01-01 06:10:00,Station_11,39.52127189102729,-116.6849512599798,Water,7.74,43.86,4.88,691.97,9,1034.37,0.89
2022-01-01 06:15:00,Station_11,44.322188012588825,-62.32436831614035,Urban,22.5,61.87,13.28,170.77,2,1049.46,0.38
2022-01-01 06:20:00,Station_11,37.040547096021,-123.42253741220183,Water,2.87,58.08,11.28,576.2,3,1035.84,0.19
2022-01-01 06:25:00,Station_11,42.529017645164814,-90.6274895787659,Barren,-4.37,75.61,1.3,123.79,9,1003.72,0.39
2022-01-01 06:30:00,Station_11,25.66204877961518,-115.42298682667656,Water,28.13,39.14,11.55,390.94,5,1049.27,0.57
2022-01-01 06:35:00,Station_11,34.446397473226035,-119.26506419559398,Water,27.08,64.42,2.33,382.32,0,997.02,0.44
2022-01-01 06:40:00,Station_11,38.26326600882404,-86.7566403849993,Forest,34.98,76.4,5.23,685.19,5,1023.89,0.17
2022-01-01 06:45:00,Station_11,49.10272772121387,-81.62718437021499,Water,-7.07,40.2,2.38,981.28,6,998.51,0.53
2022-01-01 06:50:00,Station_11,42.75580284138452,-113.05379625155959,Barren,7.25,39.71,0.33,622.64,7,1029.17,0.17
2022-01-01 06:55:00,Station_11,25.228441874329636,-60.57278183612185,Agricultural,5.05,47.44,14.57,349.58,7,1020.45,0.75
2022-01-01 07:00:00,Station_11,29.576125634078643,-115.22444814311551,Water,4.75,72.34,12.09,742.18,5,1015.73,0.83
2022-01-01 07:05:00,Station_11,25.649485574729017,-86.43057570025508,Urban,10.01,88.47,11.69,265.83,3,1036.16,0.43
2022-01-01 07:10:00,Station_11,28.38245002082644,-106.63321454897695,Forest,22.85,57.04,11.08,924.44,1,1036.18,0.62
2022-01-01 07:15:00,Station_11,27.943174824176086,-60.6844359179119,Barren,-1.12,39.72,0.0,133.17,3,1021.26,0.74
2022-01-01 07:20:00,Station_11,28.37647004105539,-77.70694455530725,Urban,16.11,35.39,8.17,870.3,9,1000.8,0.63
2022-01-01 07:25:00,Station_11,33.48200121537104,-104.47255459099841,Urban,13.09,84.41,14.03,956.83,3,1043.8,0.2
2022-01-01 07:30:00,Station_11,36.88687674047385,-112.0060356733022,Urban,-1.32,72.12,7.68,610.9,2,987.57,0.65
2022-01-01 07:35:00,Station_11,27.145176943697187,-112.19636427854918,Agricultural,1.6,64.01,7.16,856.34,3,1024.7,0.28
2022-01-01 07:40:00,Station_11,48.19613576615801,-113.93736743078502,Barren,1.91,33.85,9.28,620.41,4,1038.81,0.48
2022-01-01 07:45:00,Station_11,33.42260105484895,-91.73464887840169,Urban,16.98,56.21,13.63,531.72,5,1035.46,0.33
2022-01-01 07:50:00,Station_11,33.83579667737263,-82.99505889120266,Agricultural,0.37,51.31,10.52,987.12,9,1019.6,0.25
2022-01-01 07:55:00,Station_11,49.56106337641418,-92.55989415615124,Forest,28.85,40.76,7.43,876.41,5,986.0,0.77
2022-01-01 08:00:00,Station_11,25.01670498787883,-76.10683593656256,Urban,25.91,85.05,8.63,923.97,9,1022.33,0.53
2022-01-01 08:05:00,Station_11,38.4833394921842,-120.64542084944166,Water,21.95,84.68,10.27,401.74,5,1007.37,0.1
2022-01-01 08:10:00,Station_11,32.43755837497399,-71.3750560820585,Agricultural,3.25,51.65,13.65,831.59,4,1038.59,0.69
2022-01-01 08:15:00,Station_11,32.76228591979785,-78.96991046147383,Barren,32.69,86.84,5.96,822.23,4,1007.73,0.71
2022-01-01 08:20:00,Station_11,27.987665561046672,-121.09379663743088,Barren,19.76,36.07,6.37,859.32,6,1028.28,0.83
2022-01-01 08:25:00,Station_11,26.392227718808552,-69.59116613864728,Urban,34.39,73.91,1.78,331.75,5,1001.34,0.25
2022-01-01 08:30:00,Station_11,49.821138180750324,-104.84175247916598,Forest,24.91,76.05,12.78,333.23,7,1032.36,0.46
2022-01-01 08:35:00,Station_11,25.090843764767214,-66.54629296470797,Agricultural,15.89,75.78,14.93,919.6,7,1046.39,0.44
2022-01-01 08:40:00,Station_11,44.66970904356581,-109.61628677519103,Forest,28.54,56.75,10.5,603.91,1,1043.7,0.48
2022-01-01 08:45:00,Station_11,36.09967268073384,-108.9250422954041,Water,-7.07,48.99,9.81,214.75,5,1013.7,0.15
2022-01-01 08:50:00,Station_11,33.28776544659234,-87.59212970292491,Water,28.48,57.69,1.63,822.54,9,1007.34,0.25
2022-01-01 08:55:00,Station_11,47.59914449907021,-124.10948968353158,Barren,18.71,80.06,5.3,749.73,9,1026.57,0.89
2022-01-01 09:00:00,Station_11,48.34035561672606,-66.52074266256065,Urban,-5.83,87.64,1.05,731.18,0,992.94,0.56
2022-01-01 09:05:00,Station_11,35.545974174356715,-82.912917195203,Urban,2.02,79.41,11.51,849.67,8,1013.53,0.55
2022-01-01 09:10:00,Station_11,37.62299492046513,-122.2632620596312,Agricultural,34.22,89.33,9.81,923.48,3,1042.33,0.36
2022-01-01 09:15:00,Station_11,38.42449028642341,-93.36714265572222,Forest,22.49,77.77,8.95,689.77,4,1033.03,0.48
2022-01-01 09:20:00,Station_11,46.74633425391369,-85.98855154180042,Barren,5.3,40.6,14.63,612.16,8,1017.88,0.58
2022-01-01 09:25:00,Station_11,41.925681081609056,-98.68629349352967,Forest,12.49,76.65,6.88,504.54,7,1010.26,0.36
2022-01-01 09:30:00,Station_11,42.57455692211413,-103.67958373180429,Water,-5.6,49.05,7.82,657.11,9,992.16,0.86
2022-01-01 09:35:00,Station_11,47.49142944940286,-97.12420615004561,Water,14.22,51.42,1.57,749.59,9,1043.88,0.51
2022-01-01 09:40:00,Station_11,46.581302028154106,-79.99569740316568,Water,16.5,60.93,9.05,133.68,9,1033.52,0.46
2022-01-01 09:45:00,Station_11,41.31180975210319,-114.46335729719422,Barren,24.08,75.89,2.06,399.93,3,1029.72,0.8
2022-01-01 09:50:00,Station_11,29.938525170170394,-68.47954746609352,Forest,3.69,73.32,12.42,869.89,9,987.24,0.41
2022-01-01 09:55:00,Station_11,41.01625838125588,-76.42772068989703,Barren,33.99,83.22,2.82,411.37,1,1049.37,0.77
2022-01-01 10:00:00,Station_11,42.31943933212354,-108.38033076361917,Barren,9.64,75.24,1.18,491.73,8,1037.73,0.33
2022-01-01 10:05:00,Station_11,42.05594521695555,-113.30714124748465,Urban,-5.01,52.76,7.8,540.18,8,983.58,0.39
2022-01-01 10:10:00,Station_11,39.67807459363039,-76.69019328386653,Barren,13.97,57.8,13.38,802.62,10,1037.0,0.36
2022-01-01 10:15:00,Station_11,44.33574718730277,-86.21333046773887,Forest,8.85,72.8,6.92,657.03,9,993.01,0.57
2022-01-01 10:20:00,Station_11,46.91885672622539,-103.07833573881788,Urban,0.28,54.3,9.74,224.58,3,1037.68,0.14
2022-01-01 10:25:00,Station_11,32.07420356860291,-90.91177573916556,Agricultural,-7.26,35.36,13.2,675.94,0,1001.73,0.3
2022-01-01 10:30:00,Station_11,29.920835076668233,-80.01415851332061,Agricultural,15.96,69.85,8.71,322.91,1,1013.78,0.33
2022-01-01 10:35:00,Station_11,36.647667467045935,-83.87569428663095,Agricultural,9.03,62.06,10.6,392.22,10,1009.62,0.4
2022-01-01 10:40:00,Station_11,45.774503964861196,-90.34648519436647,Barren,17.48,30.35,3.75,735.45,9,1007.21,0.58
2022-01-01 10:45:00,Station_11,34.51462248800623,-117.07189724310328,Barren,14.71,41.76,3.4,144.36,8,995.24,0.81
2022-01-01 10:50:00,Station_11,44.29307335727351,-93.37169886012015,Barren,21.87,70.77,8.08,750.62,2,1005.71,0.45
2022-01-01 10:55:00,Station_11,44.678105752669815,-106.4343122248913,Water,28.92,77.61,12.11,764.39,1,1032.06,0.66
2022-01-01 11:00:00,Station_11,41.7507528171458,-119.23847941738084,Barren,13.32,36.07,12.18,685.83,6,1006.24,0.41
2022-01-01 11:05:00,Station_11,48.29413035463436,-79.60319471284663,Urban,2.07,80.96,14.99,745.37,1,999.41,0.17
2022-01-01 11:10:00,Station_11,42.02120495762594,-66.39627804131285,Urban,7.55,42.95,4.52,394.61,1,1041.65,0.88
2022-01-01 11:15:00,Station_11,44.40204736920215,-112.37402839449898,Barren,0.26,30.45,3.09,992.99,10,1009.21,0.15
2022-01-01 11:20:00,Station_11,42.80615995806853,-71.75463273592331,Urban,28.18,89.68,2.54,554.87,4,1029.47,0.14
2022-01-01 11:25:00,Station_11,47.55106677266053,-92.66332273395668,Water,16.66,48.41,6.09,442.4,0,1045.43,0.75
2022-01-01 11:30:00,Station_11,34.165852112368256,-72.03953975778995,Agricultural,20.58,47.14,7.04,829.47,4,1031.15,0.66
2022-01-01 11:35:00,Station_11,39.130150948698756,-122.71476213253979,Water,28.36,44.36,0.36,702.93,10,992.29,0.19
2022-01-01 11:40:00,Station_11,36.66847241342474,-113.47485483086861,Urban,19.23,63.07,1.72,627.78,10,1005.08,0.33
2022-01-01 11:45:00,Station_11,35.60709469740314,-64.11302885928544,Agricultural,14.73,30.02,10.31,312.8,0,987.06,0.62
2022-01-01 11:50:00,Station_11,41.84281483817897,-96.30937990595665,Barren,31.83,54.07,7.54,770.88,10,995.89,0.66
2022-01-01 11:55:00,Station_11,29.81162010655607,-109.79607797368398,Agricultural,19.39,84.78,8.9,310.4,9,1024.38,0.83
2022-01-01 12:00:00,Station_11,33.305769243012065,-62.122571822075976,Agricultural,-0.53,30.34,4.63,525.75,6,1000.21,0.16
2022-01-01 12:05:00,Station_11,49.71302551826326,-98.59767689787228,Water,26.06,76.52,11.07,353.0,7,981.33,0.6
2022-01-01 12:10:00,Station_11,31.57058841989744,-70.03929948148897,Agricultural,-3.68,82.27,6.37,789.0,0,992.95,0.5
2022-01-01 12:15:00,Station_11,31.867413047475782,-112.3191008721174,Barren,2.93,59.25,13.89,138.6,7,997.9,0.41
2022-01-01 12:20:00,Station_11,31.79370517687785,-115.13277872837344,Agricultural,18.56,54.86,3.92,141.02,6,998.01,0.72
2022-01-01 12:25:00,Station_11,34.248585086181436,-61.744422121967446,Forest,-9.68,55.29,10.46,132.0,4,981.4,0.36
2022-01-01 12:30:00,Station_11,25.091837562108342,-98.91689074485694,Forest,4.53,48.53,11.49,245.81,2,1045.04,0.55
2022-01-01 12:35:00,Station_11,45.3124535371844,-95.47103324951375,Water,11.2,38.43,11.22,749.93,8,1002.53,0.13
2022-01-01 12:40:00,Station_11,49.973541648228405,-68.31636633292453,Urban,17.84,57.6,5.95,737.27,2,1007.29,0.61
2022-01-01 12:45:00,Station_11,46.44681505045712,-86.6635529010847,Water,21.83,58.93,7.63,683.32,4,1000.84,0.58
2022-01-01 12:50:00,Station_11,41.667979604259926,-78.43447044032725,Agricultural,34.82,66.99,12.36,644.46,2,1037.49,0.48
2022-01-01 12:55:00,Station_11,48.56138064947411,-118.31785724478438,Barren,12.16,86.56,10.86,269.13,6,981.45,0.75
2022-01-01 13:00:00,Station_11,38.303189922166275,-69.05140222254573,Agricultural,5.52,39.99,0.3,660.85,5,1013.66,0.71
2022-01-01 13:05:00,Station_11,49.83580991150845,-112.37650276442089,Agricultural,7.06,55.93,5.51,580.6,7,992.91,0.2
2022-01-01 13:10:00,Station_11,47.93996433982302,-83.06020030764293,Agricultural,22.26,68.34,7.49,449.99,5,980.21,0.6
2022-01-01 13:15:00,Station_11,35.965185777414256,-123.64662671655131,Urban,9.19,58.09,13.78,619.07,3,1002.49,0.37
2022-01-01 13:20:00,Station_11,33.95193956819325,-82.61682680054037,Forest,7.65,39.34,9.07,273.12,7,1031.41,0.19
2022-01-01 13:25:00,Station_11,35.213653194770856,-66.42408741585132,Water,24.96,30.23,0.62,783.86,2,991.41,0.71
2022-01-01 13:30:00,Station_11,25.78857261451658,-75.16727070330914,Water,19.55,52.14,11.83,361.94,5,1021.52,0.69
2022-01-01 13:35:00,Station_11,41.5674120370378,-64.3841740767294,Agricultural,31.24,41.4,10.24,410.55,8,994.18,0.41
2022-01-01 13:40:00,Station_11,26.307514311646678,-78.77730805098992,Forest,-5.15,82.81,2.89,528.98,2,989.87,0.9
2022-01-01 13:45:00,Station_11,36.74443271701132,-105.76280489393397,Agricultural,27.42,40.29,5.14,167.39,3,1049.41,0.3
2022-01-01 13:50:00,Station_11,36.69497041313856,-109.41790688001704,Barren,32.33,60.96,4.71,634.52,7,1034.22,0.85
2022-01-01 13:55:00,Station_11,37.40820369022722,-97.27222040168715,Forest,31.76,84.21,11.67,543.26,5,1016.48,0.73
2022-01-01 14:00:00,Station_11,49.89629865919015,-89.62799688533548,Barren,19.67,88.34,7.79,256.09,4,980.59,0.59
2022-01-01 14:05:00,Station_11,27.6198485119669,-83.17554294381343,Forest,0.67,53.25,6.01,882.17,1,1026.28,0.86
2022-01-01 14:10:00,Station_11,40.67142050350073,-96.70006354550297,Agricultural,28.52,56.15,0.54,771.54,7,982.85,0.7
2022-01-01 14:15:00,Station_11,42.633821552460326,-80.64194921538201,Agricultural,17.23,40.89,13.62,820.7,8,1006.53,0.56
2022-01-01 14:20:00,Station_11,35.12960713942057,-76.79006243096151,Forest,-5.22,62.3,14.85,300.23,4,1005.04,0.85
2022-01-01 14:25:00,Station_11,43.88049365191091,-82.93328617474788,Agricultural,-8.93,78.11,8.3,685.79,8,1018.88,0.9
2022-01-01 14:30:00,Station_11,42.82167317045367,-80.00066258337675,Water,32.29,47.78,4.72,675.46,9,1047.64,0.67
2022-01-01 14:35:00,Station_11,25.512519821394044,-79.10105333891916,Agricultural,-3.21,49.95,14.38,874.7,1,986.2,0.81
2022-01-01 14:40:00,Station_11,26.04714983375106,-95.51542956719214,Barren,16.51,41.98,9.15,224.77,0,1046.31,0.87
2022-01-01 14:45:00,Station_11,30.479128696717037,-117.7839928632409,Water,26.55,65.86,5.41,638.64,8,1046.94,0.13
2022-01-01 14:50:00,Station_11,46.08764350387505,-92.27567452452365,Urban,15.45,38.79,14.61,663.35,0,1010.16,0.38
2022-01-01 14:55:00,Station_11,39.24291534941191,-106.96206968315582,Agricultural,7.31,75.16,3.68,466.55,9,981.47,0.15
2022-01-01 15:00:00,Station_11,44.296626112839014,-110.23302763811246,Water,-6.34,43.34,14.28,175.5,9,994.41,0.51
2022-01-01 15:05:00,Station_11,32.77408363578327,-110.23001459580837,Forest,21.78,64.82,11.92,765.83,9,1033.02,0.11
2022-01-01 15:10:00,Station_11,31.737714639872898,-71.9998048954155,Water,3.23,41.61,2.43,123.14,3,1028.88,0.24
2022-01-01 15:15:00,Station_11,39.612110357570025,-68.52724511920277,Forest,15.09,36.64,2.52,821.6,8,1049.45,0.66
2022-01-01 15:20:00,Station_11,25.022837645717264,-97.1753423472307,Urban,30.81,77.71,10.62,694.4,9,1033.83,0.37
2022-01-01 15:25:00,Station_11,48.87222299026288,-108.39553027470453,Agricultural,22.83,37.81,9.52,800.51,8,1035.09,0.39
2022-01-01 15:30:00,Station_11,49.39045410460875,-76.77501145749457,Urban,4.56,35.88,9.94,666.75,2,1047.8,0.86
2022-01-01 15:35:00,Station_11,25.202565954627495,-73.00818439855966,Urban,24.14,47.05,12.22,436.7,8,988.12,0.73
2022-01-01 15:40:00,Station_11,49.09847516489037,-63.46365078676594,Forest,-4.06,71.64,9.44,144.87,6,1035.1,0.12
2022-01-01 15:45:00,Station_11,44.00810851473689,-75.04032958024993,Urban,9.54,76.32,6.27,335.57,5,1048.79,0.32
2022-01-01 15:50:00,Station_11,28.16570529048849,-91.58328136447696,Urban,25.58,81.21,1.16,290.9,6,1000.25,0.55
2022-01-01 15:55:00,Station_11,31.384232823459737,-61.554645368198436,Agricultural,-7.82,44.34,12.94,343.48,1,1025.17,0.35
2022-01-01 16:00:00,Station_11,41.5925987074944,-79.35701907082378,Forest,20.03,66.05,2.49,506.66,6,994.1,0.55
2022-01-01 16:05:00,Station_11,41.60676109588603,-88.04345232083,Urban,-5.74,69.61,1.02,996.1,7,983.91,0.25
2022-01-01 16:10:00,Station_11,37.96419030562039,-77.48706672039617,Water,29.58,51.54,6.36,813.01,3,1049.54,0.14
2022-01-01 16:15:00,Station_11,42.416875842767126,-63.44722308364621,Water,14.97,70.41,11.6,674.04,1,981.39,0.87
2022-01-01 16:20:00,Station_11,39.14769050173312,-106.72348686790538,Barren,2.8,32.41,12.89,528.86,3,1016.65,0.51
2022-01-01 16:25:00,Station_11,33.65459494415036,-87.1783752694287,Water,11.92,30.65,14.87,438.27,0,1002.05,0.84
2022-01-01 16:30:00,Station_11,43.59756394280052,-85.44854964583689,Water,31.24,36.66,13.58,635.03,1,990.87,0.14
2022-01-01 16:35:00,Station_11,38.978601141210255,-102.92688497846825,Barren,20.48,83.75,7.29,142.48,2,988.73,0.59
2022-01-01 16:40:00,Station_11,28.45616592930897,-95.3137205355388,Barren,28.93,41.64,2.08,117.31,4,997.68,0.85
2022-01-01 16:45:00,Station_11,27.130963516323618,-88.49467192860638,Barren,13.56,74.3,0.23,222.15,10,1002.75,0.66
2022-01-01 16:50:00,Station_11,46.981119512238074,-83.28725510451949,Water,0.39,40.64,13.0,850.7,3,998.86,0.31
2022-01-01 16:55:00,Station_11,26.975223826780805,-88.01075602992454,Barren,1.36,40.37,2.36,353.49,8,1035.88,0.54
2022-01-01 17:00:00,Station_11,35.5868960975741,-115.0007354826679,Water,3.76,43.31,10.69,243.18,9,1041.75,0.23
2022-01-01 17:05:00,Station_11,34.585431613033705,-96.8195594913899,Urban,29.75,56.02,4.24,476.92,9,1047.72,0.5
2022-01-01 17:10:00,Station_11,25.36472211371415,-111.63385460582946,Forest,5.81,34.39,14.12,982.93,3,1016.12,0.54
2022-01-01 17:15:00,Station_11,37.61456781826375,-77.63103791906744,Urban,34.65,49.95,8.27,140.12,4,1046.5,0.46
2022-01-01 17:20:00,Station_11,38.0346228360863,-116.11623667353004,Urban,7.35,36.58,3.99,943.23,1,986.49,0.26
2022-01-01 17:25:00,Station_11,49.93914305482935,-66.35724904296603,Barren,-9.82,68.01,4.14,823.28,6,988.86,0.57
2022-01-01 17:30:00,Station_11,35.971250398852746,-124.40316502185544,Barren,29.65,39.51,0.46,536.69,7,987.1,0.85
2022-01-01 17:35:00,Station_11,39.59675391732263,-76.11621557924657,Water,-0.69,89.11,8.7,985.86,5,1034.31,0.85
2022-01-01 17:40:00,Station_11,36.25584646420782,-78.85552814477289,Barren,-9.45,67.1,1.6,124.36,4,1005.33,0.78
2022-01-01 17:45:00,Station_11,44.02850832319238,-65.41188067692639,Forest,1.43,57.57,4.88,342.88,4,994.91,0.54
2022-01-01 17:50:00,Station_11,39.29185085711822,-122.33845974813666,Water,-4.86,72.37,2.39,490.25,7,1002.3,0.46
2022-01-01 17:55:00,Station_11,38.71945867229037,-109.33312263592654,Forest,8.64,54.65,10.34,234.73,1,1028.14,0.43
2022-01-01 18:00:00,Station_11,33.91417070552038,-68.2374956056595,Forest,18.55,31.01,13.45,170.48,1,1032.78,0.63
2022-01-01 18:05:00,Station_11,32.62545513610892,-86.90947596251827,Water,17.03,69.7,8.89,768.33,3,1019.74,0.28
2022-01-01 18:10:00,Station_11,25.2701416173241,-93.45637080974599,Agricultural,-1.9,78.07,12.87,191.43,9,1025.54,0.32
2022-01-01 18:15:00,Station_11,39.643584460344115,-118.52442813442966,Water,13.4,74.89,3.32,250.5,6,1022.93,0.66
2022-01-01 18:20:00,Station_11,31.29792231169874,-106.86913107257037,Water,1.3,89.85,10.0,778.55,1,998.14,0.67
2022-01-01 18:25:00,Station_11,40.24230402876465,-116.99401993388976,Water,22.38,77.07,14.02,954.2,6,1044.38,0.82
2022-01-01 18:30:00,Station_11,36.753533133312246,-104.70555639263998,Forest,-1.87,42.84,1.84,241.05,8,989.2,0.33
2022-01-01 18:35:00,Station_11,49.54059684957843,-102.44841182789344,Water,10.1,34.65,12.39,910.67,4,995.83,0.33
2022-01-01 18:40:00,Station_11,29.33559801518579,-88.27536650905901,Forest,33.58,38.27,3.8,334.49,4,1039.34,0.61
2022-01-01 18:45:00,Station_11,28.678324930403214,-111.73509297753722,Barren,-1.56,61.85,10.38,999.43,5,1005.38,0.55
2022-01-01 18:50:00,Station_11,39.953155271979426,-94.61494794605295,Water,14.16,69.52,10.25,423.84,5,982.95,0.52
2022-01-01 18:55:00,Station_11,27.06679925691541,-80.08916303399333,Forest,-7.08,65.94,2.12,229.99,6,1032.92,0.87
2022-01-01 19:00:00,Station_11,28.53901891640415,-81.83173445301227,Barren,12.42,68.64,1.68,481.73,7,1018.26,0.16
2022-01-01 19:05:00,Station_11,44.68775110521105,-78.05145698480126,Forest,23.86,33.64,11.39,305.66,7,1006.45,0.72
2022-01-01 19:10:00,Station_11,41.24481588453218,-106.77474146965021,Water,22.74,52.89,1.37,648.1,8,1015.76,0.65
2022-01-01 19:15:00,Station_11,48.32318887872541,-102.43749263161565,Agricultural,23.88,50.31,1.09,745.06,6,1027.03,0.34
2022-01-01 19:20:00,Station_11,46.218238211753835,-88.16148571140259,Urban,-5.27,49.51,6.22,512.97,6,1025.33,0.56
2022-01-01 19:25:00,Station_11,49.049552060116156,-60.184306353275645,Barren,23.2,62.14,1.21,286.58,3,990.74,0.25
2022-01-01 19:30:00,Station_11,25.310559836360337,-81.09878407461751,Urban,29.23,56.86,13.34,523.5,8,1037.84,0.47
2022-01-01 19:35:00,Station_11,28.27606553449329,-83.4818346820985,Water,30.36,46.18,7.38,503.71,8,1020.65,0.76
2022-01-01 19:40:00,Station_11,27.701633533598688,-94.73646229038512,Urban,7.09,87.23,0.91,658.35,5,1001.34,0.79
2022-01-01 19:45:00,Station_11,32.752809174752244,-80.95475022870927,Urban,-1.99,85.57,3.16,437.72,8,1047.69,0.44
2022-01-01 19:50:00,Station_11,40.468753667641984,-105.43372423485621,Forest,8.41,75.73,6.86,211.13,0,995.42,0.86
2022-01-01 19:55:00,Station_11,37.31028342788761,-107.60527923631233,Urban,11.76,49.0,8.8,103.54,10,1033.84,0.11
2022-01-01 20:00:00,Station_11,26.908278090611937,-113.40096458118934,Forest,32.18,33.65,6.23,722.49,3,1036.37,0.34
2022-01-01 20:05:00,Station_11,46.27330535918995,-105.89597052664497,Agricultural,1.02,53.09,0.58,119.46,10,1039.64,0.26
2022-01-01 20:10:00,Station_11,37.43079277211673,-86.76540881933433,Barren,22.7,80.34,7.83,718.49,4,1010.32,0.21
2022-01-01 20:15:00,Station_11,47.96060555960465,-82.06254087376291,Agricultural,8.84,73.24,11.64,880.84,4,1046.06,0.29
2022-01-01 20:20:00,Station_11,27.198038340249976,-119.1515295508375,Forest,-0.41,89.47,10.61,344.65,0,1032.92,0.41
2022-01-01 20:25:00,Station_11,31.18926200643899,-124.99418674438924,Urban,24.93,84.56,13.21,720.74,10,993.57,0.77
2022-01-01 20:30:00,Station_11,27.893854616978768,-70.65109589995069,Water,-1.34,64.54,3.64,950.51,10,991.95,0.2
2022-01-01 20:35:00,Station_11,38.68794560251122,-115.86411861554727,Water,31.27,33.02,1.23,783.32,2,1018.94,0.82
2022-01-01 20:40:00,Station_11,27.379758191505537,-85.70801627209565,Barren,-3.47,42.76,12.59,288.88,3,1020.57,0.83
2022-01-01 20:45:00,Station_11,32.24138958719658,-60.144386776452706,Barren,23.25,62.77,0.29,898.23,1,1015.4,0.16
2022-01-01 20:50:00,Station_11,48.369226386017814,-102.90319233115815,Barren,16.65,68.19,12.87,271.98,5,1000.51,0.32
2022-01-01 20:55:00,Station_11,44.06967540902833,-100.98322225827215,Barren,-3.94,87.69,7.85,109.76,6,1037.38,0.75
2022-01-01 21:00:00,Station_11,46.37408816911095,-85.9377245655998,Agricultural,30.45,62.25,14.28,139.68,4,980.07,0.3
2022-01-01 21:05:00,Station_11,47.90893850886043,-105.50846060212385,Water,14.94,64.55,3.37,604.96,1,1046.28,0.6
2022-01-01 21:10:00,Station_11,42.00063185514715,-108.60478770860468,Water,7.47,45.4,8.14,640.85,7,987.36,0.85
2022-01-01 21:15:00,Station_11,40.117500468479236,-83.41462920396285,Agricultural,21.59,77.66,10.96,516.58,1,990.94,0.5
2022-01-01 21:20:00,Station_11,30.24258818306256,-110.4006281488338,Urban,-2.81,80.74,2.43,246.22,10,1026.36,0.66
2022-01-01 21:25:00,Station_11,34.1240433435072,-63.8674831317404,Barren,10.3,77.48,13.76,370.46,1,1005.72,0.19
2022-01-01 21:30:00,Station_11,28.473240453963182,-119.75321570871573,Barren,12.64,32.3,10.62,453.7,3,1000.61,0.59
2022-01-01 21:35:00,Station_11,29.867930878520866,-63.97207101038539,Agricultural,7.52,58.32,5.2,184.7,5,1010.62,0.28
2022-01-01 21:40:00,Station_11,30.731100888761173,-79.83218973286333,Urban,-3.44,77.97,7.96,636.45,0,1039.62,0.14
2022-01-01 21:45:00,Station_11,39.490659786107216,-71.85689390799845,Urban,17.01,33.7,13.09,921.25,6,997.62,0.36
2022-01-01 21:50:00,Station_11,49.05512308593893,-106.0218161977867,Forest,11.31,84.53,13.26,446.59,1,1005.84,0.65
2022-01-01 21:55:00,Station_11,27.633469126407803,-94.55799406206758,Agricultural,11.6,37.49,12.36,390.14,2,1015.93,0.61
2022-01-01 22:00:00,Station_11,41.96949978773667,-62.970959069438024,Urban,11.91,85.38,12.76,384.6,10,988.44,0.84
2022-01-01 22:05:00,Station_11,39.50083367222598,-78.85101604507018,Water,17.72,77.09,6.28,285.11,2,1045.31,0.18
2022-01-01 22:10:00,Station_11,48.53273465697662,-99.44218952449413,Forest,28.53,41.49,2.78,237.73,8,1040.64,0.84
2022-01-01 22:15:00,Station_11,47.60044467596079,-65.63958261441826,Barren,28.25,58.22,9.3,384.87,2,986.09,0.67
2022-01-01 22:20:00,Station_11,46.7957725147769,-63.22908314974015,Forest,-8.76,89.31,3.12,363.77,3,1007.64,0.74
2022-01-01 22:25:00,Station_11,36.32780871432601,-84.74779808331724,Agricultural,17.33,55.39,3.76,565.2,10,1034.98,0.6
2022-01-01 22:30:00,Station_11,36.71929357233689,-121.13974202442336,Agricultural,28.38,34.95,4.77,474.49,0,1028.19,0.21
2022-01-01 22:35:00,Station_11,35.71056015561844,-119.68727770075554,Water,1.62,60.31,6.52,276.97,9,1001.39,0.28
2022-01-01 22:40:00,Station_11,28.916593485828738,-97.38826524107802,Agricultural,5.16,41.39,10.73,223.24,9,985.42,0.59
2022-01-01 22:45:00,Station_11,39.82381197807407,-93.54311634468236,Barren,32.8,60.28,6.35,404.94,0,989.94,0.61
2022-01-01 22:50:00,Station_11,39.45438997741801,-100.37800766116683,Agricultural,10.74,33.39,1.32,223.84,4,1022.43,0.76
2022-01-01 22:55:00,Station_11,39.21388125480678,-77.16603220818115,Water,20.76,88.77,8.47,409.63,7,1048.1,0.65
2022-01-01 23:00:00,Station_11,33.11935484829908,-114.25909639289287,Water,-4.47,47.54,1.77,251.13,7,1021.35,0.8
2022-01-01 23:05:00,Station_11,41.16709815441475,-82.06067787500105,Water,-8.37,66.29,1.99,817.2,3,1011.03,0.47
2022-01-01 23:10:00,Station_11,42.511895902138235,-85.82279768246659,Urban,-6.05,68.06,13.45,509.91,1,992.62,0.57
2022-01-01 23:15:00,Station_11,41.214820835850354,-105.02386144744905,Forest,23.49,41.42,10.0,637.46,0,1027.64,0.53
2022-01-01 23:20:00,Station_11,36.71745996648083,-66.63749962701353,Forest,22.33,38.63,8.43,884.37,4,1005.74,0.46
2022-01-01 23:25:00,Station_11,31.974415128760732,-63.922210410986175,Forest,-3.7,67.04,14.88,517.28,4,997.11,0.25
2022-01-01 23:30:00,Station_11,31.979425679124486,-94.43629171757934,Barren,14.34,89.15,7.27,618.19,9,1012.1,0.13
2022-01-01 23:35:00,Station_11,26.76658007329358,-78.21279364651664,Urban,25.62,80.75,8.71,607.19,7,1006.55,0.74
2022-01-01 23:40:00,Station_11,39.91084540747661,-61.655277605066516,Agricultural,7.44,54.12,14.41,117.57,7,997.13,0.59
2022-01-01 23:45:00,Station_11,39.574916652942164,-122.03574234900499,Urban,31.46,83.77,11.81,620.38,9,999.85,0.16
2022-01-01 23:50:00,Station_11,41.570086149609295,-83.04222767655064,Barren,-5.19,53.33,1.27,809.93,0,1006.01,0.61
2022-01-01 23:55:00,Station_11,38.97807647644535,-61.60980691942516,Urban,11.69,39.36,10.27,653.22,0,987.74,0.16
2022-01-01 00:00:00,Station_12,39.603357814624516,-97.89509892108688,Urban,8.36,84.69,7.89,738.77,4,1037.54,0.47
2022-01-01 00:05:00,Station_12,32.182946338524324,-82.20223595748,Barren,16.67,81.18,9.96,921.43,2,1018.01,0.24
2022-01-01 00:10:00,Station_12,29.760415353346914,-84.48788357051515,Water,-1.79,87.36,5.94,214.57,0,1040.58,0.28
2022-01-01 00:15:00,Station_12,44.27380432747935,-90.8523671563507,Urban,21.8,58.78,13.96,634.09,7,1045.63,0.79
2022-01-01 00:20:00,Station_12,27.97210937338402,-109.60673930400216,Water,14.02,30.88,9.05,570.63,7,1022.78,0.58
2022-01-01 00:25:00,Station_12,29.219349786603285,-115.29314931845846,Urban,23.11,63.64,2.57,496.97,5,1017.92,0.63
2022-01-01 00:30:00,Station_12,29.7788340978952,-82.75961201377041,Urban,8.27,32.05,1.17,348.66,2,1035.29,0.55
2022-01-01 00:35:00,Station_12,48.32136426986571,-78.93627582665009,Forest,21.15,80.01,7.73,627.42,9,1046.49,0.69
2022-01-01 00:40:00,Station_12,48.2772648621298,-115.04121506432196,Agricultural,5.17,75.18,4.01,650.9,3,1008.84,0.11
2022-01-01 00:45:00,Station_12,27.616951757510968,-119.214611402056,Barren,4.35,51.74,10.45,640.46,0,1020.12,0.35
2022-01-01 00:50:00,Station_12,49.92249749253437,-110.81724209257588,Barren,2.88,42.64,0.09,673.14,1,1013.89,0.73
2022-01-01 00:55:00,Station_12,47.62283580978791,-121.65476915190685,Agricultural,-9.47,77.03,13.32,622.94,0,995.93,0.67
2022-01-01 01:00:00,Station_12,39.81981010773357,-81.69347515315786,Urban,20.56,50.08,7.83,895.1,4,1041.23,0.34
2022-01-01 01:05:00,Station_12,35.10701252703201,-71.37666440805964,Barren,-4.6,51.97,2.48,232.38,8,1041.54,0.82
2022-01-01 01:10:00,Station_12,31.032557386286843,-61.9768565741312,Urban,-0.08,69.41,0.36,306.12,7,1045.83,0.46
2022-01-01 01:15:00,Station_12,28.825038870709655,-83.61668699719041,Urban,30.65,62.62,14.34,305.08,3,1036.93,0.83
2022-01-01 01:20:00,Station_12,40.475972503651256,-121.61077488461333,Agricultural,7.18,41.02,2.58,532.36,9,1045.35,0.18
2022-01-01 01:25:00,Station_12,33.37059524601989,-87.53892045553812,Urban,1.76,56.38,7.92,477.16,1,1037.74,0.41
2022-01-01 01:30:00,Station_12,34.712637478186366,-84.89076613357642,Agricultural,6.92,80.38,9.3,510.87,6,1035.66,0.42
2022-01-01 01:35:00,Station_12,32.85149652722256,-112.07945122375733,Forest,23.64,80.39,1.39,175.7,8,1025.27,0.33
2022-01-01 01:40:00,Station_12,43.24343219974495,-112.9558324269345,Agricultural,11.49,68.38,13.85,857.34,6,1035.85,0.19
2022-01-01 01:45:00,Station_12,34.5977949496843,-70.03365297369353,Water,16.87,73.08,14.2,523.45,1,1023.6,0.14
2022-01-01 01:50:00,Station_12,43.698253203964086,-117.76557725904405,Barren,26.51,67.11,1.16,207.74,2,1041.07,0.44
2022-01-01 01:55:00,Station_12,46.61990057880145,-78.2597849430689,Water,1.89,82.74,14.56,134.22,6,993.68,0.74
2022-01-01 02:00:00,Station_12,45.42383500225061,-75.61912936404647,Urban,-5.76,30.58,3.01,910.47,7,1043.46,0.43
2022-01-01 02:05:00,Station_12,35.561597880895846,-84.1646251504017,Water,-3.0,79.92,5.14,176.85,9,1009.2,0.34
2022-01-01 02:10:00,Station_12,28.17919536818535,-120.44809575463404,Forest,19.53,64.7,4.88,713.56,8,1014.46,0.57
2022-01-01 02:15:00,Station_12,33.25760859407159,-115.61415041156148,Barren,-6.35,58.71,0.85,941.45,7,988.28,0.62
2022-01-01 02:20:00,Station_12,32.088993564859535,-78.96764752899041,Barren,26.01,56.15,3.43,827.82,7,1016.22,0.85
2022-01-01 02:25:00,Station_12,31.092802222204188,-93.73417517828005,Barren,20.09,73.9,3.3,582.33,9,980.65,0.53
2022-01-01 02:30:00,Station_12,42.5591517926259,-97.85312971545648,Agricultural,5.84,61.41,2.85,516.5,3,1033.41,0.64
2022-01-01 02:35:00,Station_12,32.60182509072061,-98.65582554389049,Forest,30.31,87.79,14.16,894.69,1,999.08,0.47
2022-01-01 02:40:00,Station_12,31.661094383621034,-110.01668949300037,Water,-2.73,76.52,4.3,332.5,6,1044.63,0.56
2022-01-01 02:45:00,Station_12,35.190757628847635,-61.05431405970555,Agricultural,-6.8,45.96,4.26,161.8,1,1041.45,0.73
2022-01-01 02:50:00,Station_12,29.46533720559439,-74.28211578345838,Water,12.89,35.34,12.62,743.58,4,1038.09,0.51
2022-01-01 02:55:00,Station_12,26.475251873762137,-108.46181092035297,Urban,14.18,36.34,0.71,842.22,8,1018.62,0.27
2022-01-01 03:00:00,Station_12,30.722149036172567,-106.28482121145001,Barren,1.69,80.12,5.67,848.98,10,1032.56,0.37
2022-01-01 03:05:00,Station_12,34.849073460109764,-116.67835217531113,Barren,-1.66,60.66,5.18,376.53,4,1003.25,0.68
2022-01-01 03:10:00,Station_12,38.762675387049605,-76.25508559635689,Forest,32.54,58.94,0.84,754.99,9,1006.05,0.9
2022-01-01 03:15:00,Station_12,33.80475332153971,-94.67605157778168,Barren,18.04,71.11,0.18,502.73,10,1014.91,0.46
2022-01-01 03:20:00,Station_12,37.90811898804835,-100.83568097070584,Urban,9.76,40.24,4.59,953.04,4,1008.77,0.83
2022-01-01 03:25:00,Station_12,49.5093296674161,-112.97792913913307,Barren,-4.79,32.63,12.06,222.4,3,1020.82,0.85
2022-01-01 03:30:00,Station_12,28.33027204046698,-97.9092308346541,Urban,26.46,33.04,5.47,672.56,4,1021.82,0.13
2022-01-01 03:35:00,Station_12,26.409624093830605,-102.05307686617455,Agricultural,5.34,58.37,1.52,375.44,10,1044.3,0.73
2022-01-01 03:40:00,Station_12,42.51801105400145,-119.94100993268314,Forest,-7.81,50.14,3.62,540.35,10,1011.55,0.74
2022-01-01 03:45:00,Station_12,36.122666895063766,-122.1959472172902,Barren,-6.12,31.95,13.37,151.56,5,1031.03,0.32
2022-01-01 03:50:00,Station_12,37.99615400306061,-83.10843425431881,Water,-5.32,38.65,6.06,749.87,3,1042.93,0.17
2022-01-01 03:55:00,Station_12,39.35549461138372,-121.25255489678422,Barren,31.35,87.57,14.41,744.88,10,1018.94,0.15
2022-01-01 04:00:00,Station_12,36.138019195865304,-64.79408701544196,Urban,-7.6,43.79,0.58,229.43,6,1008.67,0.6
2022-01-01 04:05:00,Station_12,39.554276662302726,-76.62200793680253,Water,33.07,87.83,12.8,423.64,10,1008.97,0.84
2022-01-01 04:10:00,Station_12,34.20862775750249,-68.58225922359111,Barren,-5.23,52.92,6.8,282.68,4,999.85,0.2
2022-01-01 04:15:00,Station_12,45.73627207273523,-90.72835743958686,Barren,3.48,34.81,12.84,876.05,8,1014.07,0.22
2022-01-01 04:20:00,Station_12,49.27014350619146,-102.34695909936211,Water,32.84,33.33,6.16,605.89,7,1025.53,0.53
2022-01-01 04:25:00,Station_12,31.218746048654545,-102.3743077430508,Forest,32.63,32.36,4.51,115.41,6,1044.43,0.14
2022-01-01 04:30:00,Station_12,46.371566984305815,-82.18670146245395,Barren,32.24,50.63,14.34,826.59,4,999.47,0.19
2022-01-01 04:35:00,Station_12,40.76624696051465,-90.15457197526092,Forest,-5.12,59.0,13.21,452.91,0,980.34,0.35
2022-01-01 04:40:00,Station_12,36.3536589806045,-115.21000576133508,Urban,19.87,40.4,14.37,158.85,1,1016.73,0.44
2022-01-01 04:45:00,Station_12,25.10752847867181,-79.56317990751944,Agricultural,-0.99,64.82,6.49,723.12,2,1046.42,0.35
2022-01-01 04:50:00,Station_12,30.776581496379784,-120.03968237325982,Urban,29.97,55.45,6.44,150.88,3,986.66,0.24
2022-01-01 04:55:00,Station_12,48.64643444507338,-72.89830492154795,Barren,3.02,51.16,5.4,959.23,9,1043.55,0.62
2022-01-01 05:00:00,Station_12,33.96387258399594,-68.48038833235782,Agricultural,-1.52,63.93,4.98,883.69,6,1028.52,0.13
2022-01-01 05:05:00,Station_12,44.91138923403509,-123.76088709538007,Forest,24.93,61.28,8.77,682.31,10,1001.17,0.57
2022-01-01 05:10:00,Station_12,48.980243243136755,-101.78068209684764,Barren,12.15,39.65,3.1,419.96,0,1025.56,0.58
2022-01-01 05:15:00,Station_12,41.638120628855276,-122.76873122043872,Urban,5.22,89.47,9.36,697.05,9,991.68,0.24
2022-01-01 05:20:00,Station_12,28.95998800920789,-62.56965435861893,Barren,9.68,77.01,13.17,962.4,0,1008.39,0.83
2022-01-01 05:25:00,Station_12,41.55423062098063,-122.91722066065132,Forest,-2.9,54.21,7.13,680.62,3,982.77,0.24
2022-01-01 05:30:00,Station_12,28.001520015363752,-114.05242791239866,Barren,16.42,30.49,11.66,432.82,8,1039.2,0.58
2022-01-01 05:35:00,Station_12,38.47232198686206,-106.04165888629802,Barren,14.33,36.11,13.59,203.56,3,1024.0,0.56
2022-01-01 05:40:00,Station_12,43.251452371700715,-97.92392467324065,Barren,-1.1,66.27,12.18,283.78,6,989.08,0.53
2022-01-01 05:45:00,Station_12,40.07573684393305,-105.17275376075219,Agricultural,27.21,39.49,5.98,891.59,9,999.24,0.66
2022-01-01 05:50:00,Station_12,33.09104719418545,-123.00697544405864,Urban,1.01,55.19,14.91,947.43,5,1005.84,0.12
2022-01-01 05:55:00,Station_12,48.51096211402292,-73.23108764230453,Urban,12.67,42.14,11.38,651.72,8,1020.8,0.19
2022-01-01 06:00:00,Station_12,35.00527351393485,-116.7913740861132,Forest,25.37,81.37,10.36,569.62,7,1007.0,0.8
2022-01-01 06:05:00,Station_12,37.03924227786833,-96.71333415932494,Barren,-5.26,40.24,7.74,153.29,6,1010.43,0.56
2022-01-01 06:10:00,Station_12,32.44334530528594,-65.48239680661129,Water,9.11,34.36,12.05,135.46,3,984.97,0.82
2022-01-01 06:15:00,Station_12,43.0331872462782,-123.8748495492755,Urban,21.91,53.78,3.24,761.75,2,986.47,0.79
2022-01-01 06:20:00,Station_12,35.607462823194815,-116.30496928459748,Agricultural,14.16,34.21,14.42,410.07,2,1007.82,0.44
2022-01-01 06:25:00,Station_12,34.39208822613104,-95.19168149721105,Barren,-3.11,84.31,12.31,666.14,0,1034.47,0.78
2022-01-01 06:30:00,Station_12,40.97360173526479,-65.89264077692395,Urban,0.07,62.62,14.28,844.84,10,1015.19,0.18
2022-01-01 06:35:00,Station_12,46.36975635772287,-65.217001918318,Barren,0.82,83.27,5.33,549.43,9,995.68,0.57
2022-01-01 06:40:00,Station_12,28.783062187089996,-74.21833115871445,Barren,13.29,88.06,14.65,706.29,1,1023.06,0.74
2022-01-01 06:45:00,Station_12,46.91417315835227,-110.93159419868661,Forest,5.68,74.96,9.82,805.03,9,1036.46,0.75
2022-01-01 06:50:00,Station_12,34.7387721318408,-75.13000823409979,Agricultural,21.12,82.54,3.24,153.64,6,1031.47,0.19
2022-01-01 06:55:00,Station_12,36.4870648832978,-66.81505403073804,Barren,7.93,39.77,13.9,469.26,3,1004.48,0.21
2022-01-01 07:00:00,Station_12,30.525592329752737,-76.92607161883227,Urban,32.45,72.02,5.9,837.64,6,1026.93,0.11
2022-01-01 07:05:00,Station_12,34.232645919216935,-68.56071926775635,Barren,32.72,77.82,12.58,740.07,1,1040.34,0.42
2022-01-01 07:10:00,Station_12,49.101491506889474,-110.83194944185038,Agricultural,26.26,71.6,13.69,958.08,0,1011.92,0.85
2022-01-01 07:15:00,Station_12,40.0891000372933,-68.15819951945653,Barren,23.07,64.71,12.19,615.12,7,991.81,0.44
2022-01-01 07:20:00,Station_12,45.06516821801904,-101.84386387671836,Barren,19.25,77.16,8.09,262.86,9,1010.38,0.41
2022-01-01 07:25:00,Station_12,37.48655775004079,-87.96671791522004,Urban,25.63,43.66,9.96,128.74,10,980.29,0.21
2022-01-01 07:30:00,Station_12,28.51553357803416,-65.26727161564057,Barren,12.85,67.88,14.48,732.58,6,1044.65,0.62
2022-01-01 07:35:00,Station_12,46.5509724553787,-112.74410112869462,Agricultural,11.89,89.88,1.92,447.33,8,1047.4,0.26
2022-01-01 07:40:00,Station_12,41.03917131585995,-73.39473639671547,Barren,9.89,37.02,11.13,478.72,8,982.64,0.37
2022-01-01 07:45:00,Station_12,25.938842487332682,-67.25448275198073,Agricultural,31.61,84.13,1.41,411.46,6,1026.82,0.86
2022-01-01 07:50:00,Station_12,40.641850253198854,-100.68586523376075,Water,3.94,47.65,8.26,726.27,2,981.08,0.44
2022-01-01 07:55:00,Station_12,44.68108827865966,-88.10932953340787,Barren,-9.09,42.27,7.27,145.04,0,1004.25,0.3
2022-01-01 08:00:00,Station_12,39.040194695050076,-69.00525171193372,Water,17.06,39.45,8.41,249.29,1,1036.93,0.69
2022-01-01 08:05:00,Station_12,30.58722216565456,-108.0972310006667,Forest,6.48,57.4,5.13,543.47,4,1042.55,0.85
2022-01-01 08:10:00,Station_12,44.33516279795974,-95.7863003425471,Forest,-7.95,30.88,8.07,348.66,3,1002.61,0.32
2022-01-01 08:15:00,Station_12,29.086683245093912,-75.5203789767441,Water,-0.72,85.26,12.76,635.83,10,1036.82,0.21
2022-01-01 08:20:00,Station_12,32.652784722307814,-93.78049375724433,Agricultural,10.07,87.36,5.47,220.68,9,992.62,0.54
2022-01-01 08:25:00,Station_12,33.941984256586515,-88.85844374424448,Agricultural,33.79,80.1,13.91,334.03,6,981.25,0.76
2022-01-01 08:30:00,Station_12,30.548509875330545,-66.87912111096456,Forest,0.88,62.53,0.57,430.3,1,1016.48,0.6
2022-01-01 08:35:00,Station_12,48.814228764725414,-93.65110020154772,Water,-8.45,59.36,1.78,233.11,9,1049.79,0.7
2022-01-01 08:40:00,Station_12,34.609964504314256,-87.96778449992937,Urban,19.5,88.06,11.9,273.53,7,1012.81,0.16
2022-01-01 08:45:00,Station_12,39.06461956046536,-94.27390280574502,Barren,-1.65,40.35,10.82,744.8,9,1028.3,0.84
2022-01-01 08:50:00,Station_12,28.33558446107268,-117.203342413795,Barren,27.42,39.06,11.39,495.94,7,1015.82,0.26
2022-01-01 08:55:00,Station_12,34.7494670136917,-62.20619741431345,Water,-2.52,84.16,7.12,916.53,4,989.75,0.49
2022-01-01 09:00:00,Station_12,36.11128445379144,-107.25619006719529,Agricultural,26.08,54.9,3.65,709.14,9,1024.68,0.36
2022-01-01 09:05:00,Station_12,36.489427302694004,-75.95894824263675,Agricultural,19.31,81.6,9.82,999.88,4,1032.17,0.75
2022-01-01 09:10:00,Station_12,34.11698698102262,-80.61798979925507,Forest,0.19,68.76,11.42,725.01,9,983.86,0.26
2022-01-01 09:15:00,Station_12,42.42842394631176,-102.01828305349109,Urban,2.0,74.53,0.26,190.18,5,1015.69,0.73
2022-01-01 09:20:00,Station_12,40.91767558579941,-105.12581346652611,Forest,-5.35,45.05,13.51,462.66,10,1046.57,0.26
2022-01-01 09:25:00,Station_12,32.33053865526965,-85.07652461430834,Urban,-2.35,35.09,1.71,834.52,3,987.65,0.56
2022-01-01 09:30:00,Station_12,32.3523513999,-104.4804740416292,Agricultural,33.01,39.71,1.5,385.96,8,1047.49,0.19
2022-01-01 09:35:00,Station_12,27.037754852858004,-83.10947292951943,Agricultural,19.51,31.76,1.67,462.53,4,1038.84,0.65
2022-01-01 09:40:00,Station_12,43.01733845515519,-80.01274917580817,Barren,20.44,40.19,7.3,753.61,4,981.4,0.23
2022-01-01 09:45:00,Station_12,34.13406511148824,-108.35026372495585,Agricultural,2.98,87.76,14.7,111.92,10,985.51,0.8
2022-01-01 09:50:00,Station_12,34.585166199656854,-68.23077054411277,Water,30.37,71.67,9.43,781.58,3,982.22,0.77
2022-01-01 09:55:00,Station_12,28.437350431461308,-61.694013695399185,Urban,-9.64,73.99,12.68,455.91,6,1004.56,0.1
2022-01-01 10:00:00,Station_12,29.45419968526303,-97.40861933944802,Barren,4.13,87.73,14.89,217.86,9,988.17,0.82
2022-01-01 10:05:00,Station_12,48.20646767633635,-62.30107982639946,Urban,32.02,52.27,12.23,107.52,3,984.65,0.32
2022-01-01 10:10:00,Station_12,30.204400345408096,-61.189875212005084,Forest,16.65,52.93,4.32,606.31,9,1008.81,0.77
2022-01-01 10:15:00,Station_12,32.49387129775541,-100.11185686205128,Barren,11.32,77.69,6.27,648.73,9,989.32,0.53
2022-01-01 10:20:00,Station_12,41.49813179570656,-87.6620037161357,Urban,24.87,80.13,13.45,524.7,10,988.94,0.52
2022-01-01 10:25:00,Station_12,46.10117807157092,-75.06403799394892,Barren,9.73,75.18,12.15,906.96,3,1039.58,0.15
2022-01-01 10:30:00,Station_12,42.846593235126605,-91.11049604829886,Forest,20.84,84.65,9.04,679.69,6,1009.19,0.2
2022-01-01 10:35:00,Station_12,39.826898000386684,-82.73269115996129,Barren,34.22,61.24,10.32,884.46,6,1047.29,0.72
2022-01-01 10:40:00,Station_12,42.74085881187878,-101.3258191888848,Urban,21.34,44.26,4.41,630.9,8,982.44,0.13
2022-01-01 10:45:00,Station_12,40.388145308587575,-108.68634585952701,Urban,18.77,62.9,4.38,716.08,2,1010.95,0.42
2022-01-01 10:50:00,Station_12,49.631452862015664,-63.078374949192444,Water,10.48,81.33,13.1,865.85,2,987.75,0.57
2022-01-01 10:55:00,Station_12,34.28117313381019,-65.48737507318629,Barren,1.36,78.33,5.81,156.94,0,1016.08,0.13
2022-01-01 11:00:00,Station_12,26.16557592333185,-124.10956678624686,Barren,27.68,46.41,4.91,580.05,7,1039.86,0.72
2022-01-01 11:05:00,Station_12,35.82654271182103,-81.72301787414503,Urban,31.36,73.69,14.96,175.88,3,989.36,0.35
2022-01-01 11:10:00,Station_12,35.178881403394996,-63.56069788846985,Urban,-0.89,40.75,11.96,847.23,0,1012.31,0.83
2022-01-01 11:15:00,Station_12,48.79286667546472,-124.978651662306,Urban,0.3,49.97,12.88,823.79,3,1037.57,0.19
2022-01-01 11:20:00,Station_12,49.6744250506498,-77.96203069604132,Urban,15.55,61.21,8.01,871.08,3,1017.57,0.34
2022-01-01 11:25:00,Station_12,48.012731461892685,-74.14043417249778,Barren,9.91,70.36,1.44,681.8,6,1012.24,0.77
2022-01-01 11:30:00,Station_12,34.53496106537223,-123.06630879253336,Agricultural,29.76,64.29,3.72,402.1,2,1007.81,0.31
2022-01-01 11:35:00,Station_12,40.992973383827405,-74.25853473208798,Forest,4.95,55.97,8.91,530.31,1,984.34,0.57
2022-01-01 11:40:00,Station_12,35.1471729879036,-75.06552874200253,Agricultural,0.64,49.23,13.2,744.64,5,1040.01,0.86
2022-01-01 11:45:00,Station_12,30.791732892683836,-110.05344637254207,Urban,0.59,78.85,3.69,583.91,8,1030.99,0.19
2022-01-01 11:50:00,Station_12,26.305981937484695,-92.89540011328685,Water,-5.05,67.31,5.37,136.38,6,1008.48,0.29
2022-01-01 11:55:00,Station_12,46.02803596256687,-120.07435536133805,Barren,-1.67,80.11,8.14,369.62,8,1005.63,0.62
2022-01-01 12:00:00,Station_12,39.2699990514534,-104.61805718979032,Urban,-9.18,86.55,9.39,831.0,8,1034.6,0.18
2022-01-01 12:05:00,Station_12,33.64453254424352,-117.46500834419983,Water,30.3,39.11,6.42,383.29,4,1041.14,0.29
2022-01-01 12:10:00,Station_12,38.29328025558994,-83.80289201137761,Forest,13.0,57.43,2.63,801.07,0,1021.47,0.54
2022-01-01 12:15:00,Station_12,38.087800959976,-86.01141368747955,Forest,34.1,77.63,7.22,228.15,5,1017.97,0.24
2022-01-01 12:20:00,Station_12,40.84082226409616,-71.44484280979972,Water,8.38,35.33,14.15,786.24,0,1004.62,0.82
2022-01-01 12:25:00,Station_12,38.773030285906415,-73.05369128832845,Barren,-6.37,75.82,8.96,512.59,10,984.53,0.36
2022-01-01 12:30:00,Station_12,27.52748249907902,-66.0996371519133,Urban,-5.16,57.95,4.38,432.37,8,983.99,0.41
2022-01-01 12:35:00,Station_12,26.501330298025636,-73.3610723838644,Water,33.88,36.77,0.26,409.1,3,1046.95,0.57
2022-01-01 12:40:00,Station_12,32.50424951666493,-64.26058954772869,Water,30.11,82.09,13.89,291.29,2,990.01,0.47
2022-01-01 12:45:00,Station_12,49.918903244297965,-66.38133095194327,Water,20.36,49.12,13.54,757.36,1,1006.91,0.21
2022-01-01 12:50:00,Station_12,39.311739570598135,-115.17357314566894,Agricultural,17.79,36.08,10.57,984.49,4,1005.87,0.84
2022-01-01 12:55:00,Station_12,42.040726050423636,-62.169503907404156,Agricultural,34.67,73.14,3.66,375.19,5,1014.92,0.22
2022-01-01 13:00:00,Station_12,39.09997786722278,-80.34912720996985,Water,-9.4,73.67,3.99,663.45,9,1013.08,0.38
2022-01-01 13:05:00,Station_12,34.906562969377894,-75.86951635298146,Urban,20.97,31.15,6.31,482.76,10,1003.6,0.64
2022-01-01 13:10:00,Station_12,35.43878815594891,-64.65344107062614,Water,18.76,71.88,8.77,561.57,4,1017.41,0.88
2022-01-01 13:15:00,Station_12,30.621987130857818,-73.57767913073644,Urban,0.77,51.31,6.26,225.43,2,1030.09,0.38
2022-01-01 13:20:00,Station_12,46.12149966671424,-94.72279354862702,Forest,22.17,60.89,8.98,998.08,10,983.45,0.15
2022-01-01 13:25:00,Station_12,29.289364394767375,-88.91983724713342,Forest,9.47,31.06,14.8,560.29,7,1012.22,0.29
2022-01-01 13:30:00,Station_12,48.02971540739663,-69.20366974117604,Forest,0.97,40.15,1.53,722.82,5,1011.59,0.45
2022-01-01 13:35:00,Station_12,47.521558011872855,-89.96707820612197,Agricultural,-2.65,65.63,3.78,915.46,1,982.39,0.45
2022-01-01 13:40:00,Station_12,39.62073773620627,-96.21565851808413,Urban,21.72,59.28,6.96,352.04,4,1016.64,0.87
2022-01-01 13:45:00,Station_12,41.94833222047987,-74.46060937439219,Water,6.48,69.77,2.27,908.63,8,1019.92,0.69
2022-01-01 13:50:00,Station_12,49.696077376119256,-110.81106028139182,Barren,24.2,48.71,4.32,271.69,9,1040.21,0.73
2022-01-01 13:55:00,Station_12,31.56823251822355,-120.47498533587553,Urban,11.29,35.21,14.96,985.57,2,1031.39,0.57
2022-01-01 14:00:00,Station_12,44.69739152597915,-77.27852480722001,Water,27.26,42.46,3.2,390.58,7,1006.57,0.41
2022-01-01 14:05:00,Station_12,41.647104903354645,-113.48600661533601,Forest,-8.68,70.3,14.44,158.67,5,987.17,0.26
2022-01-01 14:10:00,Station_12,42.65036729046889,-79.80107462773381,Barren,28.26,34.86,13.19,323.67,1,1039.38,0.41
2022-01-01 14:15:00,Station_12,46.35407672962724,-65.04487705513861,Forest,30.13,45.23,3.48,155.29,0,1002.17,0.75
2022-01-01 14:20:00,Station_12,46.952755479693394,-115.15624715069865,Barren,9.51,74.26,7.43,932.45,7,981.92,0.12
2022-01-01 14:25:00,Station_12,31.020696974574975,-85.29195797381774,Barren,24.29,38.63,11.27,139.67,1,985.51,0.65
2022-01-01 14:30:00,Station_12,42.004133678995885,-92.15689673172992,Agricultural,3.35,32.84,14.82,465.01,8,1033.98,0.29
2022-01-01 14:35:00,Station_12,43.985450491341496,-80.4274090430668,Forest,20.37,85.23,2.52,520.4,4,1016.88,0.67
2022-01-01 14:40:00,Station_12,43.41455422649453,-63.264070829278566,Forest,23.45,89.22,0.72,666.88,3,986.74,0.78
2022-01-01 14:45:00,Station_12,43.980123706663775,-76.77627527455128,Barren,19.92,33.16,5.32,886.81,1,1010.4,0.79
2022-01-01 14:50:00,Station_12,46.16266771906958,-93.69114978352853,Urban,-9.32,67.64,10.64,165.82,1,1022.67,0.24
2022-01-01 14:55:00,Station_12,49.551257148317156,-91.05409083414196,Urban,13.41,80.4,10.75,764.36,2,993.53,0.27
2022-01-01 15:00:00,Station_12,37.74653768517392,-81.4853503993471,Urban,28.8,65.05,5.82,641.56,6,996.39,0.5
2022-01-01 15:05:00,Station_12,31.96670494823642,-95.64559026961051,Forest,0.71,73.3,6.96,197.42,5,1036.28,0.53
2022-01-01 15:10:00,Station_12,43.81168860370106,-111.7352758055214,Agricultural,-2.84,56.06,4.77,671.58,7,984.24,0.52
2022-01-01 15:15:00,Station_12,43.96540597440334,-60.71015998278526,Urban,8.46,47.36,13.87,229.57,5,1024.6,0.85
2022-01-01 15:20:00,Station_12,41.236845457246375,-102.42363964524368,Urban,32.83,69.37,6.32,995.7,9,985.79,0.75
2022-01-01 15:25:00,Station_12,28.69267511783823,-97.49560588519608,Forest,4.49,80.68,6.4,857.47,8,1010.88,0.15
2022-01-01 15:30:00,Station_12,40.12128609891076,-96.45206906915806,Urban,-7.12,66.8,14.04,615.59,5,1021.65,0.5
2022-01-01 15:35:00,Station_12,37.976455489377045,-89.53675862582449,Urban,-0.63,83.48,12.15,224.08,3,985.87,0.34
2022-01-01 15:40:00,Station_12,47.66447978459749,-111.85858995597204,Water,30.68,72.25,11.0,375.03,5,1039.18,0.59
2022-01-01 15:45:00,Station_12,27.407618601278205,-91.53378016818584,Agricultural,27.45,70.0,9.98,115.81,6,980.76,0.65
2022-01-01 15:50:00,Station_12,29.098458928201627,-64.78568333045862,Water,2.43,57.31,12.03,189.01,2,1015.97,0.28
2022-01-01 15:55:00,Station_12,26.192464228967577,-72.99823759456058,Urban,25.15,48.68,2.35,476.17,3,1046.86,0.12
2022-01-01 16:00:00,Station_12,41.36234191204982,-110.43459424568726,Urban,21.7,65.2,4.99,854.01,5,1029.84,0.2
2022-01-01 16:05:00,Station_12,44.38072805609973,-74.77503764667458,Agricultural,-3.07,66.45,2.96,898.38,9,1039.52,0.25
2022-01-01 16:10:00,Station_12,27.503122568853716,-112.44270032452123,Water,8.49,89.36,6.12,787.7,5,1014.54,0.18
2022-01-01 16:15:00,Station_12,41.59608040971243,-106.2339509000863,Water,20.56,55.33,1.96,651.11,2,1048.28,0.57
2022-01-01 16:20:00,Station_12,27.639741694327107,-111.26849412791682,Urban,3.78,81.04,2.36,632.87,3,989.53,0.25
2022-01-01 16:25:00,Station_12,44.820325166777224,-76.08757003625223,Barren,10.18,49.98,13.79,281.25,9,1035.92,0.32
2022-01-01 16:30:00,Station_12,47.28921134548852,-108.5531977007764,Forest,22.95,51.0,0.94,757.52,4,1002.63,0.2
2022-01-01 16:35:00,Station_12,25.486938895105745,-113.15829998889244,Agricultural,32.13,60.55,14.13,656.62,9,987.86,0.53
2022-01-01 16:40:00,Station_12,31.954545977463706,-113.23122289927933,Agricultural,3.71,79.86,9.04,982.26,4,1025.22,0.43
2022-01-01 16:45:00,Station_12,42.002915714300045,-111.68466544305635,Water,25.41,62.54,9.02,723.95,2,1047.69,0.5
2022-01-01 16:50:00,Station_12,26.01431770721829,-75.66664861431124,Urban,7.81,88.17,14.28,383.67,5,1024.8,0.52
2022-01-01 16:55:00,Station_12,29.95252950155779,-69.52385519267321,Barren,26.96,76.8,9.82,932.09,2,1039.11,0.26
2022-01-01 17:00:00,Station_12,44.926153838742906,-80.49491062198038,Water,19.85,39.61,9.79,820.13,9,1009.52,0.48
2022-01-01 17:05:00,Station_12,25.26363450491116,-107.6163620218966,Barren,9.9,61.1,11.75,733.79,3,987.4,0.87
2022-01-01 17:10:00,Station_12,30.701096489979264,-75.7363154661378,Forest,23.92,77.58,9.16,480.38,0,1044.41,0.16
2022-01-01 17:15:00,Station_12,31.719462198184793,-104.91698436633993,Forest,9.35,74.06,1.64,100.74,2,1019.63,0.59
2022-01-01 17:20:00,Station_12,33.658037566268646,-124.71414476519962,Forest,10.39,78.46,6.82,260.88,7,1010.8,0.2
2022-01-01 17:25:00,Station_12,32.751108171847946,-80.03463746407249,Forest,0.15,83.19,10.75,506.39,2,1035.86,0.19
2022-01-01 17:30:00,Station_12,30.44242500518054,-71.7532610944111,Urban,-6.64,44.81,13.86,512.0,6,1019.79,0.77
2022-01-01 17:35:00,Station_12,29.849996422717467,-65.28433369384729,Water,34.77,85.48,3.31,464.57,1,983.38,0.15
2022-01-01 17:40:00,Station_12,41.15608660479914,-91.52141457431804,Urban,15.97,71.58,13.07,401.92,3,1017.42,0.28
2022-01-01 17:45:00,Station_12,46.592540124240735,-89.49435259982383,Forest,18.92,56.31,4.16,575.4,7,1034.81,0.62
2022-01-01 17:50:00,Station_12,31.211584847264493,-117.28521913700457,Barren,29.63,63.72,14.03,800.68,10,997.82,0.11
2022-01-01 17:55:00,Station_12,42.228901678563105,-98.72849342805547,Forest,14.16,82.23,8.57,779.24,3,1032.46,0.17
2022-01-01 18:00:00,Station_12,36.731506053715584,-93.04713656622118,Agricultural,33.42,51.02,4.21,897.76,9,1046.04,0.25
2022-01-01 18:05:00,Station_12,29.99002034044363,-72.0258873611476,Water,16.58,67.47,12.93,743.62,5,1044.71,0.87
2022-01-01 18:10:00,Station_12,42.771271329271045,-75.95450064767371,Barren,32.31,52.04,6.2,623.41,6,1042.07,0.48
2022-01-01 18:15:00,Station_12,37.40786547946264,-76.74287936029089,Barren,25.28,77.78,10.43,504.92,3,990.64,0.19
2022-01-01 18:20:00,Station_12,26.275818170339477,-107.161831295947,Barren,24.25,70.21,4.62,764.82,5,1024.6,0.39
2022-01-01 18:25:00,Station_12,30.525727566977107,-121.59625356546763,Barren,24.45,80.88,13.66,459.14,3,1020.01,0.89
2022-01-01 18:30:00,Station_12,32.06422084057718,-106.55853919496553,Agricultural,13.72,88.92,3.01,141.23,5,982.6,0.3
2022-01-01 18:35:00,Station_12,32.758491242302604,-86.26461309574934,Water,-8.25,48.58,11.88,751.2,5,1034.84,0.51
2022-01-01 18:40:00,Station_12,26.32994662394014,-79.07394804305889,Barren,17.59,62.54,9.23,122.16,2,1035.52,0.12
2022-01-01 18:45:00,Station_12,44.191443928322464,-82.75802485224011,Forest,3.73,30.37,11.25,885.5,3,1018.77,0.26
2022-01-01 18:50:00,Station_12,26.6579883556886,-103.99225653119177,Forest,27.6,35.29,14.3,268.05,1,1046.65,0.8
2022-01-01 18:55:00,Station_12,48.91327252481277,-103.01137140211142,Urban,15.93,89.86,1.65,293.1,8,1007.77,0.78
2022-01-01 19:00:00,Station_12,25.536783964676253,-103.4579050481407,Forest,3.39,55.32,8.79,774.33,3,1000.91,0.11
2022-01-01 19:05:00,Station_12,26.85656876361766,-82.81751000494599,Water,-4.97,48.61,11.65,351.93,4,984.42,0.48
2022-01-01 19:10:00,Station_12,46.86728026663039,-69.12140068074453,Water,-1.29,75.95,0.36,379.66,1,1010.32,0.37
2022-01-01 19:15:00,Station_12,42.90830170365337,-92.34916248422115,Forest,31.05,77.34,11.34,813.49,10,1036.96,0.55
2022-01-01 19:20:00,Station_12,48.31690399399118,-91.03983522676083,Agricultural,-9.23,67.96,2.79,466.93,7,990.34,0.85
2022-01-01 19:25:00,Station_12,37.50255497123414,-81.3985157361829,Barren,-9.14,31.55,13.44,855.96,9,1031.01,0.55
2022-01-01 19:30:00,Station_12,32.84014686306732,-98.35963841619943,Forest,13.02,80.23,2.44,125.22,1,1000.54,0.83
2022-01-01 19:35:00,Station_12,25.719922228266025,-105.83732830190618,Agricultural,26.77,53.75,7.15,798.24,3,1007.13,0.3
2022-01-01 19:40:00,Station_12,31.13204367938944,-115.20366604871712,Agricultural,-4.81,31.1,5.82,977.32,1,999.45,0.19
2022-01-01 19:45:00,Station_12,49.06568830281972,-113.32579210604723,Forest,16.39,74.95,5.97,142.87,1,1041.49,0.76
2022-01-01 19:50:00,Station_12,47.390409781956265,-61.68785001230874,Water,13.41,36.21,9.29,334.38,7,1015.13,0.34
2022-01-01 19:55:00,Station_12,35.36360054416194,-115.89864782508653,Barren,6.81,83.39,3.32,276.18,5,1030.6,0.11
2022-01-01 20:00:00,Station_12,27.341148085782123,-66.382695313764,Agricultural,28.44,49.2,8.57,651.65,1,1010.98,0.57
2022-01-01 20:05:00,Station_12,48.90973618748188,-104.97437409741435,Barren,13.7,74.9,1.3,966.05,5,1049.35,0.78
2022-01-01 20:10:00,Station_12,31.983114337663835,-109.41268775437844,Urban,0.99,62.55,7.95,219.94,9,1022.68,0.68
2022-01-01 20:15:00,Station_12,44.2971075011467,-99.56287540407122,Forest,12.35,66.24,1.71,854.7,2,1018.93,0.2
2022-01-01 20:20:00,Station_12,37.14361825326528,-114.71249994297062,Forest,13.57,55.26,10.93,227.56,6,1032.48,0.5
2022-01-01 20:25:00,Station_12,40.70020225869439,-121.19032144051177,Urban,32.77,75.87,13.18,577.23,9,1002.37,0.2
2022-01-01 20:30:00,Station_12,47.16157872192958,-72.68638394853022,Agricultural,16.13,73.13,14.98,788.99,7,1041.88,0.26
2022-01-01 20:35:00,Station_12,30.89551567228765,-100.73287515077672,Water,29.78,55.24,6.05,790.48,1,1031.72,0.17
2022-01-01 20:40:00,Station_12,30.165344660437544,-65.89585740735312,Urban,-0.52,74.51,0.69,306.02,7,1040.7,0.75
2022-01-01 20:45:00,Station_12,36.12612271930648,-68.24402881067164,Barren,14.49,53.87,5.91,640.33,10,1009.99,0.73
2022-01-01 20:50:00,Station_12,28.55030598251293,-67.53785489119505,Water,6.6,82.97,5.05,379.4,4,1018.81,0.6
2022-01-01 20:55:00,Station_12,31.209383419764755,-66.38584787081476,Barren,5.42,49.47,6.8,627.53,9,1007.56,0.31
2022-01-01 21:00:00,Station_12,42.47030557540364,-114.26461273940816,Barren,33.88,30.78,11.57,777.16,2,993.38,0.32
2022-01-01 21:05:00,Station_12,38.95661371154888,-79.01272378340676,Barren,4.36,52.32,8.78,763.65,2,980.33,0.77
2022-01-01 21:10:00,Station_12,42.81550089486355,-87.76400779969315,Urban,4.7,64.11,5.17,192.3,5,984.14,0.71
2022-01-01 21:15:00,Station_12,45.746068112238625,-93.22639122136391,Urban,22.37,78.48,4.88,593.72,8,997.67,0.5
2022-01-01 21:20:00,Station_12,48.617313152018454,-124.46803282493744,Water,34.89,54.14,2.71,761.18,1,1035.09,0.13
2022-01-01 21:25:00,Station_12,42.83241297188627,-120.81125937724319,Barren,-2.31,75.16,12.52,975.37,3,1048.6,0.47
2022-01-01 21:30:00,Station_12,32.29134372192106,-75.36305378473762,Agricultural,18.5,68.98,8.31,857.26,5,983.11,0.38
2022-01-01 21:35:00,Station_12,26.214352083094283,-106.57261570631002,Urban,15.32,81.28,13.97,460.64,3,1007.44,0.54
2022-01-01 21:40:00,Station_12,26.649060127619588,-76.27857256188369,Urban,-1.64,47.82,1.71,910.99,3,1003.92,0.3
2022-01-01 21:45:00,Station_12,26.33435535627854,-65.44748519965438,Forest,21.3,40.79,6.3,678.34,5,1044.4,0.9
2022-01-01 21:50:00,Station_12,29.786258390105424,-75.12172329133122,Water,9.47,40.71,12.14,581.45,4,1015.16,0.64
2022-01-01 21:55:00,Station_12,45.94320108531774,-67.45610588681772,Water,11.22,34.21,13.35,520.34,5,1035.87,0.55
2022-01-01 22:00:00,Station_12,45.69130326581869,-78.6492814442263,Urban,16.39,83.76,11.09,598.84,3,993.58,0.79
2022-01-01 22:05:00,Station_12,25.18856504250962,-75.96537670852405,Forest,-1.62,37.98,0.89,209.47,3,987.56,0.21
2022-01-01 22:10:00,Station_12,43.054016769093494,-104.73722801208402,Barren,3.01,32.24,5.7,199.36,9,1030.86,0.83
2022-01-01 22:15:00,Station_12,40.99102288248038,-69.98105912053322,Forest,-9.68,61.35,10.19,887.3,5,988.76,0.73
2022-01-01 22:20:00,Station_12,31.321943016400628,-91.06911689469689,Barren,-2.92,62.22,0.21,422.9,1,1022.13,0.12
2022-01-01 22:25:00,Station_12,39.51710167397605,-77.35750023267096,Barren,9.92,58.22,4.68,741.17,5,1039.43,0.36
2022-01-01 22:30:00,Station_12,30.517470362157646,-100.87317514919319,Forest,-2.06,68.68,9.38,506.12,3,1005.74,0.71
2022-01-01 22:35:00,Station_12,26.6245239817527,-97.66917737225612,Forest,12.21,34.43,1.15,671.37,10,983.09,0.9
2022-01-01 22:40:00,Station_12,44.85834089864957,-95.91450342316722,Urban,29.88,59.63,1.44,717.14,7,1024.11,0.87
2022-01-01 22:45:00,Station_12,43.25097556330707,-81.66376736304264,Agricultural,7.18,78.38,14.4,164.16,3,993.7,0.16
2022-01-01 22:50:00,Station_12,38.52098527143001,-82.0326239691959,Barren,8.84,53.11,0.39,242.49,10,1039.43,0.74
2022-01-01 22:55:00,Station_12,48.718555083921494,-70.00427526835561,Urban,34.87,75.28,7.64,945.43,1,1015.41,0.44
2022-01-01 23:00:00,Station_12,42.12413169853343,-82.12658532526208,Urban,29.86,70.54,8.09,827.11,5,982.89,0.27
2022-01-01 23:05:00,Station_12,38.93499279924252,-98.37793806125374,Barren,4.78,72.8,6.78,845.28,7,990.55,0.78
2022-01-01 23:10:00,Station_12,49.99920568866513,-89.52976998459428,Barren,8.97,77.51,1.25,836.14,8,1029.3,0.79
2022-01-01 23:15:00,Station_12,48.37174170644529,-105.98442215595222,Forest,25.03,44.37,4.97,722.25,4,985.45,0.78
2022-01-01 23:20:00,Station_12,42.19237474165425,-87.23763930589516,Barren,19.97,45.93,0.13,769.06,4,1027.46,0.71
2022-01-01 23:25:00,Station_12,36.73292764562359,-83.02643430042592,Forest,1.06,61.0,11.63,599.49,8,1000.03,0.22
2022-01-01 23:30:00,Station_12,39.117458565251724,-122.53481918174666,Forest,20.05,40.11,4.19,344.51,5,1040.65,0.16
2022-01-01 23:35:00,Station_12,49.59842386603948,-94.56966718793858,Barren,5.49,66.09,5.17,230.15,3,982.23,0.18
2022-01-01 23:40:00,Station_12,44.77322520581075,-119.07161854909934,Forest,-8.88,84.68,5.9,605.57,4,987.71,0.57
2022-01-01 23:45:00,Station_12,48.59886778692305,-72.9889623056194,Forest,-2.89,67.26,12.64,712.52,2,1030.2,0.54
2022-01-01 23:50:00,Station_12,30.23436274107929,-83.84145829076913,Forest,-9.29,52.75,6.16,695.48,5,983.86,0.66
2022-01-01 23:55:00,Station_12,36.90971498198991,-111.62791730051367,Forest,13.59,47.51,2.82,116.28,8,1048.85,0.89
2022-01-01 00:00:00,Station_13,49.96321329480748,-76.92188331721745,Urban,2.18,88.39,6.71,417.49,6,989.02,0.62
2022-01-01 00:05:00,Station_13,38.78426021434569,-61.94916230153296,Water,29.48,30.94,1.37,835.27,0,1036.87,0.22
2022-01-01 00:10:00,Station_13,49.97637027196214,-69.29901393593354,Water,31.53,53.73,7.86,347.57,3,1032.27,0.1
2022-01-01 00:15:00,Station_13,28.99279025757961,-75.43728878027736,Barren,15.96,70.82,10.47,270.57,8,1005.18,0.13
2022-01-01 00:20:00,Station_13,31.711345531436393,-99.38895414303087,Agricultural,1.56,44.56,2.35,831.33,0,1018.98,0.5
2022-01-01 00:25:00,Station_13,37.53862986950292,-88.86009428912743,Agricultural,-6.47,39.61,13.61,813.34,3,1043.03,0.32
2022-01-01 00:30:00,Station_13,44.77592846879737,-62.468445516430016,Urban,22.1,34.37,9.32,638.23,1,1014.47,0.15
2022-01-01 00:35:00,Station_13,47.28238007815368,-116.17476889634847,Urban,-4.81,57.75,8.82,115.93,3,1026.96,0.69
2022-01-01 00:40:00,Station_13,41.89415980194569,-113.58226069393888,Barren,1.0,81.6,7.85,751.69,1,1033.23,0.45
2022-01-01 00:45:00,Station_13,34.253303536979054,-84.71371770803856,Urban,19.59,83.87,12.9,388.79,9,1022.23,0.76
2022-01-01 00:50:00,Station_13,32.666865135830186,-113.14353609431996,Water,13.44,49.34,12.96,481.31,4,1023.48,0.14
2022-01-01 00:55:00,Station_13,42.49751172248614,-61.454124379416214,Urban,4.85,73.02,1.3,110.63,8,1033.29,0.89
2022-01-01 01:00:00,Station_13,25.47353919842997,-117.04004548967244,Urban,15.0,88.72,6.45,193.2,3,1045.27,0.42
2022-01-01 01:05:00,Station_13,30.020424154756544,-63.63638110826888,Water,10.11,75.16,14.99,784.78,0,1019.13,0.24
2022-01-01 01:10:00,Station_13,49.52615838130855,-118.20312805333798,Barren,6.6,59.71,9.77,110.89,0,993.37,0.35
2022-01-01 01:15:00,Station_13,28.948726322904438,-77.94018105238214,Forest,-5.35,75.63,10.91,832.15,3,1047.59,0.3
2022-01-01 01:20:00,Station_13,37.793141390506456,-73.49322296576759,Urban,-8.83,48.23,14.25,521.24,0,1009.98,0.45
2022-01-01 01:25:00,Station_13,25.45527136119106,-115.87619217472822,Water,-2.93,33.16,4.1,678.67,4,1030.01,0.24
2022-01-01 01:30:00,Station_13,29.648708521581685,-62.23624882192605,Agricultural,30.0,77.67,11.25,574.59,2,1023.42,0.43
2022-01-01 01:35:00,Station_13,40.87937328569659,-84.26177199965502,Agricultural,27.5,31.62,14.84,576.59,7,1016.68,0.87
2022-01-01 01:40:00,Station_13,37.53382250091453,-68.17548785759465,Forest,24.35,32.11,10.56,516.77,1,1012.11,0.87
2022-01-01 01:45:00,Station_13,48.47809853132816,-102.18403481975058,Forest,15.05,89.24,7.27,705.81,1,1010.26,0.55
2022-01-01 01:50:00,Station_13,25.379988772731572,-103.10740979836285,Barren,12.29,56.3,0.7,988.79,5,998.5,0.58
2022-01-01 01:55:00,Station_13,32.45743388392324,-109.86196228892547,Forest,6.07,50.05,5.93,211.97,9,1023.1,0.3
2022-01-01 02:00:00,Station_13,28.309870978501912,-73.41236969718473,Water,6.69,38.44,7.07,174.98,1,1010.76,0.25
2022-01-01 02:05:00,Station_13,34.81013594779833,-70.38889589494997,Forest,33.55,65.95,3.98,877.28,7,1005.76,0.39
2022-01-01 02:10:00,Station_13,41.37900491812783,-120.34705139981753,Forest,-1.0,76.55,5.4,808.52,9,1004.66,0.24
2022-01-01 02:15:00,Station_13,38.28464964365677,-79.26174529953406,Urban,30.1,41.18,1.36,349.65,2,1035.47,0.83
2022-01-01 02:20:00,Station_13,46.07195241655033,-86.43760987743647,Agricultural,2.44,36.8,11.34,194.86,6,1029.22,0.14
2022-01-01 02:25:00,Station_13,48.63519621889837,-80.32610373031474,Agricultural,10.56,72.55,2.88,864.88,7,1029.66,0.23
2022-01-01 02:30:00,Station_13,27.15135668682154,-69.31268711271471,Agricultural,17.76,48.06,1.1,761.28,5,1017.89,0.8
2022-01-01 02:35:00,Station_13,44.04613747728679,-105.68574289814775,Agricultural,-5.26,44.93,6.18,938.5,9,1035.02,0.68
2022-01-01 02:40:00,Station_13,44.71130957806955,-99.14814548222239,Urban,7.31,85.48,10.39,646.44,8,1048.59,0.13
2022-01-01 02:45:00,Station_13,43.968435108414134,-68.49491275236971,Forest,7.16,56.56,13.8,566.36,7,1009.08,0.58
2022-01-01 02:50:00,Station_13,47.523495763686896,-115.81843037239443,Urban,-8.6,82.54,10.57,692.74,4,1020.19,0.73
2022-01-01 02:55:00,Station_13,34.3155203092834,-102.03477400549329,Forest,0.52,87.37,12.7,303.78,10,1042.16,0.2
2022-01-01 03:00:00,Station_13,35.39865771929707,-66.57916925596777,Forest,-7.06,89.51,2.7,751.13,3,1041.14,0.82
2022-01-01 03:05:00,Station_13,34.66837863067285,-87.49517438481288,Agricultural,24.32,59.42,9.0,683.25,0,997.09,0.45
2022-01-01 03:10:00,Station_13,49.02577131873936,-102.49600044879766,Water,2.14,51.84,13.62,176.47,1,1003.47,0.77
2022-01-01 03:15:00,Station_13,40.232927181548874,-90.39199626567577,Urban,-0.24,80.05,6.35,544.98,1,1041.88,0.37
2022-01-01 03:20:00,Station_13,44.16963899268316,-69.05122511454869,Urban,8.09,37.38,11.16,948.64,5,1048.86,0.89
2022-01-01 03:25:00,Station_13,43.166413780564795,-112.27055584724226,Water,31.25,69.15,2.46,172.94,9,1017.44,0.42
2022-01-01 03:30:00,Station_13,44.93164176626054,-101.31559798200783,Forest,28.05,35.21,0.88,151.59,8,1035.07,0.86
2022-01-01 03:35:00,Station_13,41.60125877504975,-95.68565143489141,Barren,30.85,77.78,1.16,444.72,10,989.06,0.14
2022-01-01 03:40:00,Station_13,27.3037761581187,-102.20500716317414,Water,-9.97,38.61,9.6,670.97,1,1047.92,0.71
2022-01-01 03:45:00,Station_13,37.90632893688468,-65.03817208774856,Urban,34.26,89.77,10.3,279.18,7,1016.73,0.79
2022-01-01 03:50:00,Station_13,37.6409596410482,-104.07713085326148,Agricultural,-6.13,43.33,13.54,522.73,3,1001.69,0.13
2022-01-01 03:55:00,Station_13,39.07268780710763,-124.29289196673979,Urban,16.81,79.75,7.67,924.68,8,1048.41,0.22
2022-01-01 04:00:00,Station_13,40.138571197910544,-118.46814095178757,Water,3.11,39.57,13.01,680.28,8,1034.91,0.43
2022-01-01 04:05:00,Station_13,29.568493263682964,-73.48577666542994,Urban,-8.24,86.0,13.84,521.61,3,1033.96,0.46
2022-01-01 04:10:00,Station_13,31.672502635136404,-81.90946929135585,Barren,27.66,41.79,8.23,701.55,0,1029.3,0.18
2022-01-01 04:15:00,Station_13,30.34444929346599,-75.32109043177661,Water,13.27,83.53,5.64,706.97,6,1000.37,0.76
2022-01-01 04:20:00,Station_13,47.666219314719555,-62.54902484251052,Barren,12.18,30.61,11.83,769.4,8,1010.72,0.8
2022-01-01 04:25:00,Station_13,25.869616895055074,-97.32246907002784,Forest,10.18,75.94,13.98,960.02,3,987.57,0.61
2022-01-01 04:30:00,Station_13,33.583538239037246,-77.14296618485153,Urban,11.72,54.8,10.03,259.33,5,1019.49,0.61
2022-01-01 04:35:00,Station_13,30.79288808582751,-75.8435537970974,Urban,12.96,53.85,10.36,453.76,3,999.56,0.69
2022-01-01 04:40:00,Station_13,38.056369032893016,-71.29759336371879,Urban,24.04,59.75,12.48,352.16,2,981.14,0.73
2022-01-01 04:45:00,Station_13,28.615815091864494,-96.35369541188399,Forest,20.84,31.93,2.53,218.78,2,1003.57,0.52
2022-01-01 04:50:00,Station_13,41.65737518191293,-70.28666254145165,Forest,19.53,54.77,0.33,195.86,6,1044.69,0.38
2022-01-01 04:55:00,Station_13,38.86387164548225,-61.96533338224455,Barren,20.31,83.53,1.42,275.45,7,1040.5,0.73
2022-01-01 05:00:00,Station_13,46.07532749499336,-114.88782619383295,Barren,11.48,35.06,11.94,260.32,3,1000.73,0.87
2022-01-01 05:05:00,Station_13,41.439023315356806,-122.68951372388403,Agricultural,1.7,89.83,1.21,359.76,2,994.37,0.36
2022-01-01 05:10:00,Station_13,39.42853832361669,-85.39434704330196,Agricultural,2.39,67.21,7.66,306.89,1,1048.0,0.63
2022-01-01 05:15:00,Station_13,34.13360700170576,-96.88685478897776,Urban,29.75,76.93,12.04,611.1,2,1046.03,0.7
2022-01-01 05:20:00,Station_13,48.1436845853822,-75.51037791562608,Water,1.35,38.91,7.38,694.48,9,993.05,0.9
2022-01-01 05:25:00,Station_13,46.62258744295132,-108.06085380227313,Agricultural,15.0,43.43,1.34,345.93,6,1036.78,0.48
2022-01-01 05:30:00,Station_13,42.24984310334713,-73.04536743699003,Barren,23.74,70.2,11.28,349.9,4,1048.01,0.14
2022-01-01 05:35:00,Station_13,33.849121841469284,-109.3363939818194,Agricultural,1.87,68.45,0.21,897.77,8,988.44,0.8
2022-01-01 05:40:00,Station_13,46.780224239717676,-114.61805776386157,Barren,-5.35,71.33,2.84,436.14,0,1043.65,0.86
2022-01-01 05:45:00,Station_13,34.691109257451245,-75.24699933096694,Urban,-3.09,30.88,13.65,793.0,7,1027.59,0.61
2022-01-01 05:50:00,Station_13,35.82023678539964,-68.32200477258812,Agricultural,11.56,53.14,5.14,237.32,8,996.73,0.52
2022-01-01 05:55:00,Station_13,42.74477883167553,-65.22285782863037,Barren,19.22,61.96,7.57,384.99,0,994.01,0.4
2022-01-01 06:00:00,Station_13,30.827211506065247,-77.74312889008523,Barren,-5.21,32.34,3.56,804.13,3,980.82,0.51
2022-01-01 06:05:00,Station_13,32.34843776038521,-86.12365709334924,Forest,-4.21,30.98,12.23,867.92,5,989.97,0.28
2022-01-01 06:10:00,Station_13,33.32561073321374,-70.82112967475489,Urban,-4.57,71.53,5.72,389.05,4,1033.99,0.68
2022-01-01 06:15:00,Station_13,46.75339788282419,-69.58502228295215,Agricultural,-2.34,88.33,0.62,475.22,4,997.05,0.14
2022-01-01 06:20:00,Station_13,46.041899947229325,-99.5529098760088,Forest,6.01,60.7,8.45,674.64,3,1014.19,0.54
2022-01-01 06:25:00,Station_13,37.07153672973952,-75.61572996486878,Agricultural,24.95,43.07,14.32,943.76,8,1048.09,0.37
2022-01-01 06:30:00,Station_13,27.513932053881916,-117.87069577811653,Water,-4.99,60.64,7.86,363.21,5,1037.81,0.15
2022-01-01 06:35:00,Station_13,48.46052494328918,-116.59169470126687,Urban,1.0,59.65,12.4,548.86,1,1014.15,0.27
2022-01-01 06:40:00,Station_13,25.246308994268674,-92.33336213763012,Water,18.78,48.02,13.12,713.38,1,1041.37,0.54
2022-01-01 06:45:00,Station_13,49.897912300130294,-120.99341802203715,Urban,22.19,85.35,5.62,949.85,8,1006.98,0.7
2022-01-01 06:50:00,Station_13,35.797719564342195,-91.24416210884229,Forest,34.91,66.19,3.48,186.93,9,1044.73,0.61
2022-01-01 06:55:00,Station_13,40.89815631587394,-101.16745513821151,Water,10.09,77.07,13.49,197.18,7,1014.15,0.26
2022-01-01 07:00:00,Station_13,40.94973393702274,-107.73345283444075,Agricultural,12.03,68.61,10.13,911.36,6,987.71,0.89
2022-01-01 07:05:00,Station_13,43.46521109180293,-71.41890448202318,Urban,1.7,64.9,14.65,288.15,1,1033.59,0.22
2022-01-01 07:10:00,Station_13,26.470175303003806,-104.37847267562618,Forest,34.68,72.18,14.26,499.21,3,1049.86,0.45
2022-01-01 07:15:00,Station_13,36.90355214350015,-103.91657986070788,Forest,23.33,36.29,10.41,811.18,4,1049.13,0.24
2022-01-01 07:20:00,Station_13,44.39619577679732,-98.04495984200649,Forest,18.12,60.27,11.39,519.83,2,1038.57,0.83
2022-01-01 07:25:00,Station_13,39.287218141943555,-97.81591461101203,Agricultural,33.55,88.95,9.49,717.64,6,1013.22,0.62
2022-01-01 07:30:00,Station_13,26.462725592287462,-102.47636600431962,Water,-1.4,64.27,6.34,174.73,5,1021.58,0.36
2022-01-01 07:35:00,Station_13,29.548308027414194,-93.08115925552694,Urban,31.53,78.63,4.85,483.51,10,1010.89,0.27
2022-01-01 07:40:00,Station_13,27.56431138445362,-90.67178383388875,Barren,34.47,40.36,6.03,915.32,9,1039.26,0.25
2022-01-01 07:45:00,Station_13,31.004341709328045,-61.006059314924556,Agricultural,23.06,89.04,5.09,722.18,10,981.01,0.53
2022-01-01 07:50:00,Station_13,27.39801290878004,-104.24563979258235,Agricultural,33.12,39.92,7.68,195.92,4,1014.74,0.55
2022-01-01 07:55:00,Station_13,35.01125252393388,-68.81588799360784,Barren,17.36,57.36,2.99,867.46,9,1010.51,0.34
2022-01-01 08:00:00,Station_13,44.475950911831674,-120.05085199387685,Barren,5.34,87.04,2.12,638.2,1,992.06,0.11
2022-01-01 08:05:00,Station_13,35.51455047088158,-78.7233968983585,Agricultural,5.17,45.66,8.09,947.67,5,981.34,0.68
2022-01-01 08:10:00,Station_13,42.692227862154354,-86.1643683889479,Water,5.33,77.01,2.22,920.4,10,1037.28,0.53
2022-01-01 08:15:00,Station_13,47.64138211506176,-124.44070328740077,Water,12.92,67.76,4.05,888.46,6,1004.12,0.16
2022-01-01 08:20:00,Station_13,48.06717244571256,-118.61710545650541,Urban,7.0,78.13,6.51,642.54,1,987.45,0.16
2022-01-01 08:25:00,Station_13,39.51340374593397,-102.95077081060614,Forest,-1.4,89.99,5.83,292.94,10,1008.31,0.56
2022-01-01 08:30:00,Station_13,29.89028891387178,-83.8693431141055,Urban,9.28,87.62,13.97,973.41,7,1014.94,0.47
2022-01-01 08:35:00,Station_13,42.87178367746489,-78.39443163219869,Agricultural,23.3,45.54,3.61,638.87,5,1037.58,0.35
2022-01-01 08:40:00,Station_13,44.78716882454664,-102.20741792889598,Barren,27.22,49.69,10.93,122.02,2,1000.45,0.82
2022-01-01 08:45:00,Station_13,39.0423781590271,-83.01107355254098,Forest,-8.94,79.44,10.82,141.02,8,990.07,0.28
2022-01-01 08:50:00,Station_13,39.16974458422716,-118.65109668155,Urban,7.27,36.02,14.33,314.82,4,1046.09,0.24
2022-01-01 08:55:00,Station_13,34.90149341640952,-84.78656453285197,Agricultural,10.08,62.18,6.22,387.73,0,1039.52,0.27
2022-01-01 09:00:00,Station_13,43.03105361249146,-86.95305749499556,Urban,25.54,68.19,14.98,425.86,5,999.76,0.11
2022-01-01 09:05:00,Station_13,46.27891011236261,-101.43113272896817,Agricultural,16.7,33.15,7.75,420.63,2,1018.0,0.11
2022-01-01 09:10:00,Station_13,35.85514237027999,-87.87999856495418,Barren,32.7,75.55,3.35,421.24,2,989.69,0.18
2022-01-01 09:15:00,Station_13,48.331206669650186,-70.7962825610449,Urban,29.62,65.79,1.56,306.8,7,991.36,0.42
2022-01-01 09:20:00,Station_13,38.35969005864858,-70.18973649144408,Forest,30.25,47.68,4.5,332.52,9,982.43,0.11
2022-01-01 09:25:00,Station_13,32.53851763144135,-105.10913891053096,Agricultural,-4.66,55.74,5.04,393.98,0,1011.22,0.53
2022-01-01 09:30:00,Station_13,25.72085899206804,-91.25571434990931,Urban,8.01,55.92,1.52,661.32,4,993.4,0.44
2022-01-01 09:35:00,Station_13,32.154132133431446,-113.8498002345318,Barren,25.31,60.21,3.63,604.27,3,1013.29,0.56
2022-01-01 09:40:00,Station_13,30.562424054227733,-100.74588045090094,Water,11.55,75.49,12.26,933.88,6,1031.84,0.52
2022-01-01 09:45:00,Station_13,45.66091566906965,-116.91856168514336,Water,-5.33,49.0,5.85,672.02,9,1046.65,0.11
2022-01-01 09:50:00,Station_13,25.296432745796693,-92.99534848303315,Barren,15.89,66.61,0.45,822.32,0,1002.65,0.67
2022-01-01 09:55:00,Station_13,40.302854146466444,-83.73235309155359,Agricultural,-5.96,80.03,14.67,980.18,8,1045.88,0.18
2022-01-01 10:00:00,Station_13,33.58624202565458,-88.61987610442301,Agricultural,8.83,89.02,7.29,131.23,10,1030.53,0.72
2022-01-01 10:05:00,Station_13,37.15034227932999,-102.23953206743016,Urban,-3.33,74.28,8.39,963.74,3,1012.94,0.89
2022-01-01 10:10:00,Station_13,44.93389147887801,-116.90562572291303,Forest,17.36,72.68,5.3,307.95,1,1047.85,0.66
2022-01-01 10:15:00,Station_13,27.738653282056866,-94.9130905638925,Forest,29.71,46.83,4.64,309.03,1,1031.84,0.77
2022-01-01 10:20:00,Station_13,44.75833149508833,-76.22900189688971,Urban,27.44,59.53,14.85,438.13,7,1022.44,0.82
2022-01-01 10:25:00,Station_13,47.55470632990625,-99.25355407429885,Agricultural,18.3,77.84,12.82,544.83,2,1046.97,0.59
2022-01-01 10:30:00,Station_13,33.06431482400221,-81.23015561786214,Barren,10.45,57.33,12.49,260.66,1,1037.12,0.28
2022-01-01 10:35:00,Station_13,33.317227121758975,-122.96913235476494,Barren,13.51,31.53,7.09,913.35,2,1035.24,0.87
2022-01-01 10:40:00,Station_13,46.85031947970447,-72.68577901393122,Barren,0.15,34.86,3.46,391.92,6,993.74,0.77
2022-01-01 10:45:00,Station_13,40.51019637303303,-115.76809236467197,Forest,2.47,57.72,11.48,336.9,2,1024.7,0.18
2022-01-01 10:50:00,Station_13,30.052435112408887,-106.14693821598144,Urban,-3.47,68.42,2.15,883.21,2,1036.8,0.69
2022-01-01 10:55:00,Station_13,44.32611170963892,-69.81040983113786,Forest,25.83,67.59,13.48,724.93,8,1049.4,0.69
2022-01-01 11:00:00,Station_13,29.585586416742416,-78.99484575317425,Water,19.82,47.69,5.09,740.53,0,1004.53,0.23
2022-01-01 11:05:00,Station_13,44.31816104343241,-100.68564290377962,Agricultural,0.45,86.97,0.44,728.05,4,1006.51,0.55
2022-01-01 11:10:00,Station_13,28.11440012277771,-104.99192382708387,Agricultural,16.16,84.48,8.97,193.51,9,1009.51,0.24
2022-01-01 11:15:00,Station_13,41.14974969651642,-70.90638503554337,Barren,-5.61,85.57,13.21,157.63,6,1042.06,0.63
2022-01-01 11:20:00,Station_13,48.37454343878122,-81.4650007263661,Forest,31.57,30.31,9.12,615.08,2,1027.08,0.78
2022-01-01 11:25:00,Station_13,40.46133793804031,-115.22590755569689,Forest,28.05,63.75,12.17,942.1,1,1017.13,0.64
2022-01-01 11:30:00,Station_13,41.07449043850234,-116.9850147677197,Barren,27.43,83.82,9.17,430.72,10,1012.8,0.45
2022-01-01 11:35:00,Station_13,44.33492232450324,-90.34649454310437,Water,-8.59,34.91,1.0,522.93,5,1005.54,0.6
2022-01-01 11:40:00,Station_13,28.908041113342513,-106.08545429419257,Forest,23.14,36.86,12.65,367.13,3,1024.83,0.29
2022-01-01 11:45:00,Station_13,47.139746974953724,-99.15064364480628,Agricultural,20.6,76.57,13.62,524.32,8,1002.66,0.45
2022-01-01 11:50:00,Station_13,41.045617125532615,-120.26541594542162,Water,16.03,66.0,13.68,822.98,5,1024.03,0.35
2022-01-01 11:55:00,Station_13,25.516478547754044,-123.74248135245406,Barren,-9.52,59.39,0.91,224.63,0,1024.78,0.62
2022-01-01 12:00:00,Station_13,26.569456355987153,-76.79038913668535,Water,4.79,80.02,9.24,553.07,4,1007.05,0.59
2022-01-01 12:05:00,Station_13,31.36359180716007,-120.49572348090105,Water,13.74,53.25,10.16,169.77,1,1030.75,0.75
2022-01-01 12:10:00,Station_13,45.04589981985027,-63.024858462892595,Agricultural,0.76,56.49,11.72,682.67,0,1018.1,0.37
2022-01-01 12:15:00,Station_13,48.48985697271924,-114.8271305524603,Water,21.9,69.28,7.82,206.37,4,1005.72,0.36
2022-01-01 12:20:00,Station_13,40.09090793527184,-68.27363520629625,Forest,33.63,33.78,13.4,869.41,5,1023.03,0.64
2022-01-01 12:25:00,Station_13,35.65763399786867,-124.42007790374109,Forest,28.6,58.53,2.58,383.77,9,980.66,0.45
2022-01-01 12:30:00,Station_13,40.30045938940686,-74.58841069465032,Barren,29.04,84.97,9.2,608.62,10,1001.78,0.12
2022-01-01 12:35:00,Station_13,26.390412358154393,-109.72547643452565,Agricultural,23.06,83.58,2.25,612.2,6,983.49,0.65
2022-01-01 12:40:00,Station_13,26.44309092838189,-72.09965203282286,Forest,30.95,37.13,0.38,569.53,8,1029.07,0.47
2022-01-01 12:45:00,Station_13,45.97133330392105,-76.46007141350105,Urban,11.51,49.43,1.6,271.93,10,991.57,0.61
2022-01-01 12:50:00,Station_13,37.29541574913874,-96.07740254959478,Urban,-3.25,70.12,6.61,895.64,6,990.87,0.41
2022-01-01 12:55:00,Station_13,34.763298083502995,-106.57043456898293,Agricultural,2.91,57.02,10.06,561.03,5,986.34,0.5
2022-01-01 13:00:00,Station_13,44.51644904620903,-110.32296053058411,Agricultural,25.02,79.59,11.86,604.54,4,1031.43,0.78
2022-01-01 13:05:00,Station_13,40.589708150320924,-90.99659305881943,Barren,-6.69,30.34,9.05,764.19,8,1022.29,0.43
2022-01-01 13:10:00,Station_13,27.929717405388065,-121.54788621986533,Water,-9.07,41.07,3.7,407.99,10,992.33,0.61
2022-01-01 13:15:00,Station_13,45.76550431664672,-101.73841139603428,Agricultural,12.0,42.22,11.28,144.32,6,1010.05,0.85
2022-01-01 13:20:00,Station_13,40.44043099521673,-94.8717435564244,Urban,24.29,40.25,13.72,947.39,1,1001.28,0.47
2022-01-01 13:25:00,Station_13,26.574180941235838,-81.81736861876027,Water,1.77,42.28,10.72,505.87,1,981.26,0.63
2022-01-01 13:30:00,Station_13,42.709745715683326,-111.32134811283699,Urban,27.45,76.69,12.55,264.15,0,986.98,0.69
2022-01-01 13:35:00,Station_13,25.662312908970147,-77.96482745326745,Urban,33.07,49.24,2.56,709.48,1,986.94,0.45
2022-01-01 13:40:00,Station_13,32.960559954685095,-88.7279979917728,Forest,-9.06,52.74,10.88,273.29,6,1006.89,0.83
2022-01-01 13:45:00,Station_13,47.34160748258137,-69.90915462115369,Barren,26.03,73.89,9.9,556.3,10,1008.04,0.51
2022-01-01 13:50:00,Station_13,46.0251199954,-118.58045654457739,Urban,22.25,80.22,7.05,932.62,3,1041.98,0.68
2022-01-01 13:55:00,Station_13,25.166550458193264,-110.87080235529345,Urban,-7.94,55.38,3.59,744.27,7,1036.2,0.85
2022-01-01 14:00:00,Station_13,36.48584340178826,-66.90867854084507,Forest,9.57,83.32,14.44,303.27,8,1014.83,0.66
2022-01-01 14:05:00,Station_13,35.64305430644161,-95.57203597981403,Barren,21.18,32.58,13.14,238.03,0,1023.34,0.12
2022-01-01 14:10:00,Station_13,32.62694144525833,-112.73175042912577,Barren,-7.16,52.47,11.48,285.03,1,1021.08,0.53
2022-01-01 14:15:00,Station_13,37.095238004996155,-73.50880630041118,Agricultural,15.96,67.58,4.96,298.05,8,1016.01,0.87
2022-01-01 14:20:00,Station_13,37.07171652128315,-83.1413933376792,Barren,16.61,80.99,4.97,356.18,3,1000.07,0.52
2022-01-01 14:25:00,Station_13,30.303519718098922,-108.23130326953705,Water,24.63,85.78,4.41,506.3,8,1044.01,0.36
2022-01-01 14:30:00,Station_13,25.42306955446365,-103.353916544159,Forest,-3.99,68.6,7.4,607.56,0,999.28,0.87
2022-01-01 14:35:00,Station_13,29.46713593168608,-117.21655398248372,Agricultural,26.57,89.05,2.71,440.9,7,1009.27,0.73
2022-01-01 14:40:00,Station_13,30.390857847504343,-95.44309829637858,Urban,-0.86,58.0,10.61,213.4,8,1037.97,0.13
2022-01-01 14:45:00,Station_13,33.97463083390563,-105.10361076112767,Agricultural,8.98,89.77,11.11,105.0,2,985.13,0.81
2022-01-01 14:50:00,Station_13,26.07488807829443,-67.40102523914037,Forest,18.42,42.62,5.06,347.91,4,1041.96,0.22
2022-01-01 14:55:00,Station_13,26.33993746285633,-73.16709641358085,Barren,24.41,57.79,6.75,307.48,3,1015.09,0.26
2022-01-01 15:00:00,Station_13,34.20198605715319,-121.7242337582238,Barren,5.48,68.88,12.46,796.11,1,1012.91,0.43
2022-01-01 15:05:00,Station_13,34.46674974423093,-107.790272626253,Agricultural,-2.25,46.57,7.77,998.52,9,1032.41,0.26
2022-01-01 15:10:00,Station_13,33.65357155003746,-109.27327929938666,Water,-8.47,44.99,9.24,805.0,6,1019.01,0.49
2022-01-01 15:15:00,Station_13,37.78895944229373,-83.87035090118279,Agricultural,6.8,80.37,3.71,114.94,9,1026.39,0.15
2022-01-01 15:20:00,Station_13,30.266558062785414,-85.10772502924848,Urban,0.46,58.9,14.58,403.22,9,984.78,0.73
2022-01-01 15:25:00,Station_13,32.72032931258446,-114.75025113250756,Urban,5.01,58.46,2.95,918.17,6,1012.74,0.49
2022-01-01 15:30:00,Station_13,38.4386701755225,-71.13570894498761,Water,21.4,64.05,11.67,835.46,7,1001.2,0.89
2022-01-01 15:35:00,Station_13,31.47917618564665,-100.0179188043063,Agricultural,-0.79,74.68,4.98,139.33,2,1025.99,0.55
2022-01-01 15:40:00,Station_13,26.36528252795963,-119.15550377123358,Barren,14.84,88.56,7.27,567.71,10,1019.49,0.31
2022-01-01 15:45:00,Station_13,32.25216040031839,-100.83994525267074,Forest,3.37,78.95,2.63,1000.0,7,983.57,0.48
2022-01-01 15:50:00,Station_13,36.958802797215085,-94.3630737729305,Barren,-5.92,33.18,1.45,842.84,8,1013.26,0.54
2022-01-01 15:55:00,Station_13,36.33290063647929,-75.6154715585271,Urban,13.36,61.71,14.4,285.68,9,1009.28,0.73
2022-01-01 16:00:00,Station_13,36.1612369920513,-111.69383074643707,Water,34.64,30.55,9.53,866.68,6,1016.45,0.3
2022-01-01 16:05:00,Station_13,41.05915349382174,-118.45909833469861,Forest,8.91,74.53,3.09,129.4,10,1039.83,0.36
2022-01-01 16:10:00,Station_13,38.62467091529585,-89.83089328654856,Water,-8.77,89.23,1.82,442.76,5,996.45,0.47
2022-01-01 16:15:00,Station_13,49.80053539825676,-76.62037150126757,Forest,9.23,83.79,2.41,442.6,6,1047.17,0.55
2022-01-01 16:20:00,Station_13,41.65751236715993,-81.38346591994988,Water,24.0,75.41,4.26,352.93,0,1019.62,0.47
2022-01-01 16:25:00,Station_13,25.245682025668643,-94.80722204526951,Water,3.41,65.37,14.89,376.29,0,1045.13,0.7
2022-01-01 16:30:00,Station_13,35.04513526773619,-100.38653053475785,Urban,-5.01,33.21,4.07,788.38,9,1009.57,0.87
2022-01-01 16:35:00,Station_13,41.83682362251665,-77.75334824472952,Urban,16.89,45.42,7.2,368.66,10,1006.91,0.23
2022-01-01 16:40:00,Station_13,27.549508983018494,-109.68372378047411,Urban,16.22,57.12,6.62,661.22,4,990.7,0.44
2022-01-01 16:45:00,Station_13,37.33009779987092,-121.19576313636196,Barren,8.46,70.54,12.02,593.28,2,1047.14,0.22
2022-01-01 16:50:00,Station_13,34.05824496791647,-68.0190812046502,Forest,28.25,51.8,3.62,853.55,2,1024.95,0.67
2022-01-01 16:55:00,Station_13,49.397313908180564,-88.36103423587623,Forest,27.78,60.55,14.27,239.54,9,1044.53,0.28
2022-01-01 17:00:00,Station_13,48.80770672712713,-61.68389516178988,Water,2.5,30.09,7.6,432.92,3,1003.41,0.28
2022-01-01 17:05:00,Station_13,42.29407200909938,-77.70087430613714,Forest,29.72,65.95,6.57,241.02,3,996.42,0.59
2022-01-01 17:10:00,Station_13,33.354338475122056,-111.42530810648836,Water,34.98,82.76,14.9,299.04,4,998.39,0.24
2022-01-01 17:15:00,Station_13,41.985917240947124,-93.64645964291907,Agricultural,-3.84,36.85,4.34,417.92,1,1034.73,0.43
2022-01-01 17:20:00,Station_13,47.810950732724095,-97.99459135178995,Water,34.13,52.83,6.58,794.48,4,1004.35,0.36
2022-01-01 17:25:00,Station_13,38.4112735915549,-74.54168640322055,Agricultural,24.83,74.49,2.71,829.85,3,998.35,0.16
2022-01-01 17:30:00,Station_13,41.575043328812754,-75.03315284716544,Agricultural,30.48,40.77,10.84,297.02,4,1035.97,0.41
2022-01-01 17:35:00,Station_13,47.54363796434444,-61.17078941431003,Forest,-6.09,61.53,2.81,798.35,3,986.87,0.25
2022-01-01 17:40:00,Station_13,34.57617567400883,-99.38120422381428,Urban,26.08,80.81,10.28,618.51,7,1022.02,0.89
2022-01-01 17:45:00,Station_13,29.927001211757705,-63.73791676431054,Water,7.74,52.27,0.31,986.23,7,1026.6,0.38
2022-01-01 17:50:00,Station_13,37.28977304700627,-114.21538813831579,Water,14.97,81.91,5.66,678.45,9,993.08,0.63
2022-01-01 17:55:00,Station_13,34.49827912951807,-111.03615746035561,Barren,-7.05,86.78,9.66,958.5,8,1046.54,0.53
2022-01-01 18:00:00,Station_13,36.237059477935404,-89.11310134100646,Agricultural,-4.25,63.83,7.72,967.67,0,992.06,0.85
2022-01-01 18:05:00,Station_13,26.98610012037085,-106.4046443163477,Barren,-7.93,41.31,13.09,220.01,10,997.2,0.2
2022-01-01 18:10:00,Station_13,42.984232497535515,-77.46103158356325,Urban,6.15,45.19,8.55,452.64,3,1005.65,0.76
2022-01-01 18:15:00,Station_13,30.666170270627184,-63.87542535584715,Urban,9.08,50.33,9.05,879.25,8,1038.95,0.77
2022-01-01 18:20:00,Station_13,48.93751944323846,-86.52403738150352,Urban,30.33,68.75,4.9,974.55,1,1018.26,0.24
2022-01-01 18:25:00,Station_13,46.05041418908311,-98.3800849719515,Water,4.3,39.15,5.82,548.28,9,1019.31,0.37
2022-01-01 18:30:00,Station_13,29.327413771649653,-106.09887811562682,Urban,26.52,59.6,14.64,211.46,3,990.56,0.86
2022-01-01 18:35:00,Station_13,34.63206905193371,-99.60334632298607,Water,-6.37,69.23,0.54,932.16,5,1013.48,0.85
2022-01-01 18:40:00,Station_13,28.516143285671642,-78.7571597599061,Forest,2.38,56.39,5.59,334.87,6,1040.79,0.82
2022-01-01 18:45:00,Station_13,47.8116850990116,-84.56066208679312,Agricultural,31.33,46.24,8.8,859.38,2,1023.96,0.16
2022-01-01 18:50:00,Station_13,33.992647332703115,-124.70072484673972,Forest,27.51,76.88,1.41,399.51,6,1038.01,0.8
2022-01-01 18:55:00,Station_13,40.0448295549662,-109.64788321533072,Water,15.55,71.21,14.03,585.0,1,1007.63,0.5
2022-01-01 19:00:00,Station_13,39.523473291370095,-115.71127721628733,Forest,-5.45,37.65,3.63,755.38,3,983.86,0.11
2022-01-01 19:05:00,Station_13,44.74896232118883,-65.65140173921824,Urban,2.81,40.13,14.31,972.55,8,997.14,0.24
2022-01-01 19:10:00,Station_13,46.06678072380223,-62.14945373163766,Water,-8.94,37.84,10.49,742.51,2,987.33,0.4
2022-01-01 19:15:00,Station_13,25.49407055534314,-107.45628409762537,Urban,6.35,62.54,10.66,877.69,3,1003.83,0.56
2022-01-01 19:20:00,Station_13,31.816512167971865,-105.3734602232661,Water,34.78,43.47,4.84,324.73,7,1041.05,0.51
2022-01-01 19:25:00,Station_13,37.86179515995181,-61.73369530246495,Barren,29.21,81.18,4.23,644.98,9,1043.87,0.64
2022-01-01 19:30:00,Station_13,39.31671697142564,-84.40492640226468,Water,-8.71,63.05,2.43,434.68,8,999.88,0.14
2022-01-01 19:35:00,Station_13,45.70156086467455,-79.0858463659277,Forest,17.73,34.23,3.94,121.64,6,1038.06,0.9
2022-01-01 19:40:00,Station_13,40.857694077692784,-76.4048555948882,Forest,22.37,64.23,14.54,219.04,3,1018.8,0.19
2022-01-01 19:45:00,Station_13,36.44056172701305,-116.07742102082665,Forest,1.75,60.94,6.85,810.24,5,1024.47,0.26
2022-01-01 19:50:00,Station_13,30.07720269555977,-124.52009569715369,Forest,33.07,86.86,8.09,883.48,4,1026.72,0.25
2022-01-01 19:55:00,Station_13,43.83352807070075,-97.30860417301562,Agricultural,6.03,42.53,0.59,242.53,4,1047.21,0.28
2022-01-01 20:00:00,Station_13,49.0286005668803,-81.22905704694732,Agricultural,0.32,53.63,7.48,610.01,6,1024.72,0.22
2022-01-01 20:05:00,Station_13,33.85434663340289,-90.51101598546951,Water,5.56,69.5,0.99,424.47,1,986.51,0.4
2022-01-01 20:10:00,Station_13,48.048885267840525,-79.17487896877401,Forest,8.22,74.18,11.62,699.84,8,990.91,0.78
2022-01-01 20:15:00,Station_13,47.69369998863706,-86.08698626214553,Urban,24.86,57.51,3.61,498.48,7,1028.27,0.74
2022-01-01 20:20:00,Station_13,44.21486225726564,-92.7681613175939,Agricultural,-9.38,36.16,5.67,868.11,5,998.82,0.33
2022-01-01 20:25:00,Station_13,35.028375192925964,-111.37153477656007,Urban,-3.15,69.24,8.35,112.67,7,1032.26,0.83
2022-01-01 20:30:00,Station_13,43.96875709217974,-117.09822564042436,Agricultural,-5.99,47.24,12.68,602.65,2,1031.66,0.33
2022-01-01 20:35:00,Station_13,45.121396432481575,-106.02649492128133,Barren,22.14,49.2,0.97,351.51,4,1021.71,0.37
2022-01-01 20:40:00,Station_13,34.30147620846647,-90.58743401920009,Forest,4.19,56.89,1.2,356.91,2,994.31,0.36
2022-01-01 20:45:00,Station_13,36.42868817144426,-67.29678222982918,Forest,-0.45,62.96,10.38,291.74,4,983.83,0.28
2022-01-01 20:50:00,Station_13,31.257662839985905,-102.80142041184565,Forest,16.85,31.33,11.8,982.14,10,1022.07,0.29
2022-01-01 20:55:00,Station_13,31.111591970709974,-110.31293083164098,Water,5.75,83.41,7.68,126.2,5,1041.64,0.21
2022-01-01 21:00:00,Station_13,46.72201408832646,-117.46485330410209,Barren,29.94,80.43,3.78,879.42,2,995.06,0.33
2022-01-01 21:05:00,Station_13,48.97619008185001,-109.55265049659282,Water,11.39,52.23,14.2,621.4,10,1037.35,0.88
2022-01-01 21:10:00,Station_13,37.028066747478654,-76.73086272557887,Water,-9.97,81.22,1.01,228.33,7,1043.34,0.49
2022-01-01 21:15:00,Station_13,48.10688253647169,-67.88454826210629,Agricultural,-9.44,58.93,11.79,268.51,9,1010.76,0.45
2022-01-01 21:20:00,Station_13,36.82664241978199,-109.96095594302196,Water,16.5,46.18,6.95,361.96,8,989.97,0.64
2022-01-01 21:25:00,Station_13,38.54939034119956,-90.21173078929397,Water,-0.25,78.9,2.77,449.7,7,1023.61,0.4
2022-01-01 21:30:00,Station_13,26.202965326682772,-119.85691224030967,Agricultural,6.55,58.47,0.67,527.32,6,1021.71,0.16
2022-01-01 21:35:00,Station_13,33.22626077075768,-75.25653141763291,Urban,10.76,78.3,6.21,911.63,8,984.9,0.18
2022-01-01 21:40:00,Station_13,36.63048220069702,-117.7693419599904,Urban,-7.62,33.64,0.8,505.86,1,1015.03,0.57
2022-01-01 21:45:00,Station_13,38.32122322550607,-103.45757945504631,Water,5.52,33.33,7.83,562.86,0,997.36,0.51
2022-01-01 21:50:00,Station_13,42.536786093620535,-124.84174949169251,Barren,34.84,62.06,5.19,761.29,6,1013.01,0.72
2022-01-01 21:55:00,Station_13,46.8752342962504,-104.88370731497339,Water,11.67,68.98,7.16,476.01,3,1016.88,0.55
2022-01-01 22:00:00,Station_13,39.32874000760839,-121.08798869362687,Water,17.8,68.42,9.01,820.31,7,1047.38,0.56
2022-01-01 22:05:00,Station_13,30.143521217337963,-71.56483031788297,Water,-9.78,64.53,6.2,334.97,8,999.47,0.86
2022-01-01 22:10:00,Station_13,38.48782249540875,-119.99646446921352,Agricultural,11.94,45.02,3.9,215.67,8,989.9,0.22
2022-01-01 22:15:00,Station_13,31.060397996649627,-86.11593270813196,Agricultural,29.02,62.55,14.29,940.39,6,1004.97,0.51
2022-01-01 22:20:00,Station_13,45.548144786633685,-76.49153186717825,Agricultural,-1.55,38.18,14.36,211.15,9,997.21,0.19
2022-01-01 22:25:00,Station_13,41.75692535089577,-74.22331055777046,Water,3.19,54.99,1.98,796.28,5,981.88,0.54
2022-01-01 22:30:00,Station_13,26.996709042121772,-92.82172398898544,Water,26.63,87.15,11.71,435.21,2,1002.9,0.37
2022-01-01 22:35:00,Station_13,44.46073556679262,-122.216541155677,Forest,13.26,33.92,2.64,483.18,3,994.82,0.75
2022-01-01 22:40:00,Station_13,31.31114633340665,-105.00940510225391,Forest,-7.09,43.84,1.31,391.93,8,1010.25,0.18
2022-01-01 22:45:00,Station_13,32.915657126630585,-60.10179353497202,Urban,24.11,83.7,7.49,606.75,7,1015.87,0.78
2022-01-01 22:50:00,Station_13,39.27563790143484,-104.77129784923432,Urban,6.82,36.81,9.22,266.15,7,1018.24,0.65
2022-01-01 22:55:00,Station_13,28.7284673393271,-100.0842106339128,Barren,21.67,77.38,12.09,972.27,9,1009.3,0.68
2022-01-01 23:00:00,Station_13,28.839086706288814,-86.30423023051065,Urban,-2.2,78.43,5.47,998.95,4,1023.58,0.28
2022-01-01 23:05:00,Station_13,31.38213538926935,-61.22259425343108,Barren,-6.88,71.94,14.16,645.37,7,1024.26,0.14
2022-01-01 23:10:00,Station_13,45.24830912083999,-91.99462445275087,Agricultural,-0.56,37.33,1.93,214.11,4,1031.65,0.58
2022-01-01 23:15:00,Station_13,39.398621801365046,-73.98501126883036,Forest,7.22,40.77,10.71,560.07,6,999.63,0.39
2022-01-01 23:20:00,Station_13,47.520812184873996,-111.88085834080205,Barren,17.68,69.93,6.27,763.72,0,1040.45,0.45
2022-01-01 23:25:00,Station_13,40.96265033058533,-64.32846080395093,Water,2.32,65.49,11.42,222.9,7,1006.64,0.78
2022-01-01 23:30:00,Station_13,27.192781785516136,-99.51435487909683,Agricultural,21.78,67.87,10.42,872.85,9,985.89,0.75
2022-01-01 23:35:00,Station_13,36.31945299905608,-62.1851823581974,Agricultural,0.2,59.46,12.09,557.57,9,1020.05,0.77
2022-01-01 23:40:00,Station_13,35.937933505832135,-86.34055002843027,Barren,22.01,48.76,13.66,660.71,3,1005.26,0.43
2022-01-01 23:45:00,Station_13,48.67661606114976,-99.09549657711808,Urban,-6.28,52.49,11.31,712.46,4,981.66,0.15
2022-01-01 23:50:00,Station_13,26.219551379619368,-90.82430392097312,Water,4.47,81.93,11.38,386.59,10,1011.55,0.22
2022-01-01 23:55:00,Station_13,28.928261175323215,-61.89112328086567,Barren,17.06,81.36,5.33,501.96,10,1012.14,0.69
2022-01-01 00:00:00,Station_14,35.08916532848516,-98.31873599131737,Water,18.73,61.73,8.44,213.36,8,1014.76,0.44
2022-01-01 00:05:00,Station_14,33.49970521717819,-115.57828518402333,Barren,20.14,44.2,13.0,577.55,8,1027.29,0.73
2022-01-01 00:10:00,Station_14,49.40205962854668,-116.96092834313745,Agricultural,32.35,68.53,10.3,332.68,10,996.6,0.84
2022-01-01 00:15:00,Station_14,36.2451270715453,-97.44657360130118,Urban,4.26,59.34,4.93,431.71,8,1021.53,0.44
2022-01-01 00:20:00,Station_14,44.164954774669084,-93.45327562596529,Water,32.84,36.96,4.93,421.19,1,981.87,0.86
2022-01-01 00:25:00,Station_14,27.07437067611496,-93.78911990218346,Forest,29.03,52.09,9.55,412.68,1,1030.42,0.85
2022-01-01 00:30:00,Station_14,46.3756565170361,-79.65623780972138,Forest,8.16,76.67,13.02,340.33,10,1008.32,0.45
2022-01-01 00:35:00,Station_14,48.624647642738864,-60.83836608052856,Agricultural,9.25,64.6,6.6,206.94,10,1047.17,0.35
2022-01-01 00:40:00,Station_14,42.9986672832039,-111.62296366781135,Barren,22.84,61.01,11.95,457.01,1,1017.65,0.17
2022-01-01 00:45:00,Station_14,45.116863146200544,-122.15041467152192,Agricultural,31.0,34.52,4.29,662.45,2,1049.73,0.52
2022-01-01 00:50:00,Station_14,45.9947373162761,-96.83416110374662,Urban,2.23,89.59,5.42,131.43,6,1039.08,0.36
2022-01-01 00:55:00,Station_14,36.822395058840755,-117.79227164900955,Barren,2.0,55.77,4.81,576.5,2,999.34,0.59
2022-01-01 01:00:00,Station_14,26.630482894771404,-110.22915512916127,Agricultural,20.09,63.37,12.23,581.04,9,989.79,0.23
2022-01-01 01:05:00,Station_14,39.77520633593028,-97.74550302779701,Forest,7.28,73.54,5.61,977.27,10,1035.76,0.76
2022-01-01 01:10:00,Station_14,42.69792582648202,-83.46594876577754,Agricultural,28.21,63.07,13.42,711.04,8,1040.26,0.33
2022-01-01 01:15:00,Station_14,49.21360625766535,-84.82587032352109,Urban,9.13,33.55,3.86,227.81,1,1023.64,0.81
2022-01-01 01:20:00,Station_14,48.59784582381455,-64.91287950429239,Forest,17.61,76.82,14.26,708.0,4,1005.42,0.45
2022-01-01 01:25:00,Station_14,29.31201095982567,-115.9511346380762,Urban,0.81,53.22,6.81,804.37,10,1027.39,0.88
2022-01-01 01:30:00,Station_14,39.22655999957392,-78.4601032753579,Water,32.05,34.86,0.04,298.61,6,1014.96,0.51
2022-01-01 01:35:00,Station_14,30.802998861909916,-104.23927964060886,Forest,24.92,47.19,0.41,992.71,7,1026.08,0.1
2022-01-01 01:40:00,Station_14,44.643218595830774,-67.45892145590409,Agricultural,-5.47,68.16,8.14,294.64,4,1015.84,0.88
2022-01-01 01:45:00,Station_14,31.560121308623103,-102.45628673872926,Urban,2.48,60.77,7.77,950.58,2,1007.26,0.8
2022-01-01 01:50:00,Station_14,47.6203783750357,-82.83523900361843,Urban,16.46,41.62,3.55,370.16,5,1031.68,0.56
2022-01-01 01:55:00,Station_14,40.67759090680123,-124.44263741497316,Urban,2.84,64.53,10.54,494.01,2,1024.44,0.35
2022-01-01 02:00:00,Station_14,49.82155358958042,-92.81376479120567,Barren,16.98,53.3,9.16,322.98,9,1018.32,0.81
2022-01-01 02:05:00,Station_14,33.99632363511898,-110.4186989308924,Urban,-9.42,51.78,1.83,603.31,7,999.89,0.11
2022-01-01 02:10:00,Station_14,32.7031897522269,-105.41355031338743,Urban,16.63,55.35,1.81,726.91,10,1035.36,0.75
2022-01-01 02:15:00,Station_14,41.03092875681742,-77.68444875663906,Forest,30.07,59.44,0.86,124.81,1,1047.25,0.65
2022-01-01 02:20:00,Station_14,44.16428751264969,-103.42956618456863,Forest,13.5,76.38,3.37,198.76,7,1046.81,0.58
2022-01-01 02:25:00,Station_14,47.60345778054853,-124.51732740884658,Forest,28.84,60.86,6.12,566.07,9,992.24,0.37
2022-01-01 02:30:00,Station_14,48.735446680709074,-106.74338844251378,Agricultural,11.22,65.9,13.62,308.99,4,1019.67,0.27
2022-01-01 02:35:00,Station_14,39.13743661970795,-95.57366429682374,Water,32.7,81.4,3.73,332.73,10,1031.46,0.53
2022-01-01 02:40:00,Station_14,31.727371129705126,-121.89882001402982,Barren,25.28,64.51,2.84,593.03,6,1037.69,0.12
2022-01-01 02:45:00,Station_14,32.875245729858314,-117.71275123744608,Barren,-7.07,59.31,2.7,405.6,6,1017.65,0.68
2022-01-01 02:50:00,Station_14,49.66569805435074,-101.69102729690736,Urban,25.74,76.8,3.4,794.15,2,1043.28,0.68
2022-01-01 02:55:00,Station_14,43.37888510169772,-83.51021026905069,Water,-2.94,61.86,6.34,244.48,10,990.95,0.18
2022-01-01 03:00:00,Station_14,30.72188520262032,-105.14210550583995,Agricultural,32.26,74.43,10.83,355.74,5,1013.22,0.22
2022-01-01 03:05:00,Station_14,38.34251980493582,-106.37297009166798,Barren,24.01,30.4,11.29,538.64,3,1027.56,0.82
2022-01-01 03:10:00,Station_14,46.24156607921499,-100.59941625378663,Water,8.66,82.67,13.15,456.53,6,1027.16,0.87
2022-01-01 03:15:00,Station_14,46.84929329096225,-64.14192516213797,Barren,25.96,72.19,0.71,209.24,0,1027.53,0.54
2022-01-01 03:20:00,Station_14,45.853836686981026,-87.2123701613341,Forest,17.53,45.06,12.1,338.37,0,1001.4,0.82
2022-01-01 03:25:00,Station_14,40.95433858381301,-88.80606350633215,Water,18.45,67.62,7.71,699.33,9,999.04,0.12
2022-01-01 03:30:00,Station_14,27.665437943280068,-118.50785606485465,Forest,31.58,66.74,7.24,981.12,8,1020.31,0.18
2022-01-01 03:35:00,Station_14,49.975399647938616,-81.19398949617317,Forest,33.37,62.86,4.35,159.47,9,1035.19,0.25
2022-01-01 03:40:00,Station_14,45.080338451035686,-68.63278639179916,Urban,29.93,55.65,7.48,186.06,2,986.09,0.35
2022-01-01 03:45:00,Station_14,35.72961625166861,-119.02943776081393,Urban,9.69,45.45,10.84,765.13,7,1020.14,0.76
2022-01-01 03:50:00,Station_14,31.141182218014055,-86.89357317068894,Forest,19.72,61.03,12.75,695.11,7,1034.99,0.41
2022-01-01 03:55:00,Station_14,36.84268866068654,-85.455635412942,Urban,31.67,32.46,1.17,340.69,7,989.84,0.59
2022-01-01 04:00:00,Station_14,48.03288001693194,-88.648750428309,Agricultural,30.02,80.66,6.65,546.14,5,1036.25,0.51
2022-01-01 04:05:00,Station_14,26.66750590405632,-124.36400475767086,Forest,-0.62,63.41,7.6,398.28,10,1025.64,0.73
2022-01-01 04:10:00,Station_14,48.047498295774965,-84.97291355331944,Agricultural,11.17,48.79,10.15,227.39,10,1030.6,0.26
2022-01-01 04:15:00,Station_14,31.79978773067948,-75.36103644468193,Agricultural,2.56,89.9,11.96,255.4,5,1015.42,0.79
2022-01-01 04:20:00,Station_14,32.96889089714831,-62.47405565700417,Forest,-7.41,66.25,8.31,855.25,9,1027.85,0.63
2022-01-01 04:25:00,Station_14,40.962093017134684,-62.05577221857792,Agricultural,-7.31,30.97,2.3,808.53,2,1038.77,0.43
2022-01-01 04:30:00,Station_14,47.14917022416046,-120.07217690030686,Water,33.99,86.58,6.23,224.28,7,1040.46,0.83
2022-01-01 04:35:00,Station_14,30.581231528223462,-86.1310654718866,Agricultural,14.27,54.65,0.92,349.18,8,1006.47,0.3
2022-01-01 04:40:00,Station_14,44.39726937775737,-118.43040220871082,Urban,16.9,69.82,4.72,447.05,9,1028.31,0.17
2022-01-01 04:45:00,Station_14,48.3208539393371,-124.46359002919064,Barren,-8.71,75.78,12.57,841.6,9,1031.79,0.52
2022-01-01 04:50:00,Station_14,41.88330472585049,-116.43723533590432,Barren,22.8,32.08,2.0,509.31,1,1005.23,0.26
2022-01-01 04:55:00,Station_14,36.127566238285574,-108.478742327824,Agricultural,2.22,67.15,12.11,649.35,10,994.94,0.39
2022-01-01 05:00:00,Station_14,37.702027207430014,-119.421478934182,Water,-2.43,40.75,7.53,957.9,4,982.0,0.84
2022-01-01 05:05:00,Station_14,44.16760650870832,-62.253699108706094,Barren,-9.0,30.8,5.25,452.75,6,1006.41,0.69
2022-01-01 05:10:00,Station_14,46.825009932582404,-115.39357792624325,Forest,17.21,82.5,14.52,225.09,2,1033.93,0.86
2022-01-01 05:15:00,Station_14,48.93315047767573,-62.95840143026318,Barren,-8.5,63.99,2.86,896.28,10,1044.69,0.64
2022-01-01 05:20:00,Station_14,32.17878000674047,-65.21420541402739,Agricultural,11.38,36.73,2.22,271.02,1,1013.64,0.22
2022-01-01 05:25:00,Station_14,26.23155790799331,-84.70125508453287,Urban,31.78,44.01,3.63,657.15,2,1015.36,0.32
2022-01-01 05:30:00,Station_14,49.5758533099815,-74.71639049826527,Water,0.15,34.19,8.96,672.88,8,989.59,0.39
2022-01-01 05:35:00,Station_14,29.44487096266078,-79.53563938200963,Forest,-1.45,89.33,8.09,674.05,6,1010.74,0.49
2022-01-01 05:40:00,Station_14,37.418567221007066,-93.27696305019813,Forest,4.18,86.44,14.85,244.85,6,984.31,0.31
2022-01-01 05:45:00,Station_14,49.315598600306465,-116.65836934580145,Barren,26.68,78.14,10.27,591.27,2,985.36,0.49
2022-01-01 05:50:00,Station_14,44.10815495064189,-112.2386108191024,Barren,13.75,68.03,8.08,457.27,4,994.32,0.49
2022-01-01 05:55:00,Station_14,42.90339599975169,-90.69619146100176,Barren,8.34,59.15,3.28,449.61,2,1005.64,0.56
2022-01-01 06:00:00,Station_14,43.67975192497032,-118.8035254499747,Forest,-5.27,40.11,9.21,962.05,8,1043.81,0.17
2022-01-01 06:05:00,Station_14,27.949561947099987,-60.23017030520583,Water,31.57,49.6,6.94,106.52,3,1001.05,0.89
2022-01-01 06:10:00,Station_14,28.78302415804948,-97.16745316360591,Barren,18.9,57.45,13.4,773.03,10,1004.57,0.32
2022-01-01 06:15:00,Station_14,32.042211278053635,-73.27550413786494,Barren,3.5,30.93,2.85,460.94,10,981.78,0.11
2022-01-01 06:20:00,Station_14,46.408784225002634,-83.36765245814925,Forest,11.07,32.4,5.45,759.41,1,1046.37,0.16
2022-01-01 06:25:00,Station_14,42.60168207187123,-107.81447711199097,Barren,34.91,86.71,14.55,735.37,8,996.36,0.68
2022-01-01 06:30:00,Station_14,48.40595640338442,-62.6479091622586,Forest,32.29,49.84,8.32,436.54,1,991.37,0.87
2022-01-01 06:35:00,Station_14,44.761381758359484,-88.80646877056734,Water,20.97,87.01,12.1,269.72,3,1020.67,0.7
2022-01-01 06:40:00,Station_14,26.07650737573472,-122.96495049524684,Barren,32.63,51.16,5.13,288.44,6,984.71,0.16
2022-01-01 06:45:00,Station_14,31.352112513546043,-104.05907713672975,Forest,19.25,61.81,14.54,330.64,9,1021.33,0.71
2022-01-01 06:50:00,Station_14,40.54542360942327,-76.58135596806677,Urban,30.16,33.53,0.22,661.72,8,1044.14,0.57
2022-01-01 06:55:00,Station_14,32.3050151836011,-101.3862130747304,Agricultural,-8.35,65.76,3.75,667.94,4,1030.12,0.71
2022-01-01 07:00:00,Station_14,46.90839536636974,-106.35577681861892,Agricultural,34.34,86.12,4.02,236.05,7,1040.69,0.45
2022-01-01 07:05:00,Station_14,48.87428061177904,-100.42148204710472,Barren,6.57,54.72,5.58,956.05,10,987.72,0.66
2022-01-01 07:10:00,Station_14,30.487235590524545,-103.12001213253848,Water,2.85,42.62,8.06,246.07,8,1002.49,0.53
2022-01-01 07:15:00,Station_14,49.981515701779216,-115.44980585348314,Urban,17.64,39.03,6.45,986.95,10,985.78,0.79
2022-01-01 07:20:00,Station_14,34.48175083856146,-124.5179664374252,Barren,26.18,86.35,3.29,414.54,6,980.6,0.19
2022-01-01 07:25:00,Station_14,45.902058678895465,-66.79793032895785,Urban,4.59,40.09,6.78,164.65,4,1016.56,0.62
2022-01-01 07:30:00,Station_14,43.24677800010886,-61.05614667512804,Water,21.94,38.43,6.91,484.01,2,1025.61,0.56
2022-01-01 07:35:00,Station_14,41.04748734103883,-60.44624940345757,Forest,8.16,76.27,3.51,271.53,1,1019.04,0.27
2022-01-01 07:40:00,Station_14,28.988044452131316,-89.01037199335555,Urban,26.59,37.65,13.56,517.83,5,1014.91,0.9
2022-01-01 07:45:00,Station_14,36.39584562659674,-124.69908659449787,Agricultural,23.93,87.6,4.69,577.2,5,1001.08,0.16
2022-01-01 07:50:00,Station_14,29.291165123031035,-81.68066088155248,Barren,33.38,43.51,14.07,335.6,3,1044.69,0.33
2022-01-01 07:55:00,Station_14,39.96066343942459,-60.055902586096025,Water,-9.07,75.33,8.43,597.17,2,1048.74,0.22
2022-01-01 08:00:00,Station_14,27.832366989114302,-89.09757504733531,Water,18.68,30.53,4.2,664.74,6,1013.6,0.49
2022-01-01 08:05:00,Station_14,32.39173089841102,-114.05755461099282,Urban,-3.08,80.91,5.46,750.3,1,1045.94,0.67
2022-01-01 08:10:00,Station_14,31.53828898372165,-90.46190892394239,Agricultural,24.24,34.13,4.43,367.59,0,984.52,0.71
2022-01-01 08:15:00,Station_14,46.13611876272623,-93.75707454678418,Urban,21.74,62.47,2.62,650.47,3,1039.11,0.79
2022-01-01 08:20:00,Station_14,48.163611413901506,-92.13415466618451,Water,6.88,51.69,4.87,350.3,6,1036.29,0.56
2022-01-01 08:25:00,Station_14,49.45772412519597,-113.61536421876296,Forest,9.54,74.62,3.56,600.7,9,1019.98,0.82
2022-01-01 08:30:00,Station_14,30.199836613975226,-71.0851320617154,Barren,31.58,45.54,9.39,280.47,4,1033.84,0.5
2022-01-01 08:35:00,Station_14,31.10235596496524,-109.08542563108628,Water,-1.05,74.3,10.31,532.5,7,1037.55,0.55
2022-01-01 08:40:00,Station_14,45.277955820827756,-101.58628238250935,Barren,33.36,34.75,8.85,740.18,10,1026.9,0.56
2022-01-01 08:45:00,Station_14,44.234861519430254,-64.34157813884309,Barren,16.71,59.06,1.66,802.56,9,1044.1,0.6
2022-01-01 08:50:00,Station_14,34.43159723819837,-122.52534562844455,Forest,8.62,76.07,5.88,956.04,5,1004.17,0.25
2022-01-01 08:55:00,Station_14,30.56117771602666,-109.21014061458908,Water,30.76,30.43,5.67,769.32,7,980.17,0.89
2022-01-01 09:00:00,Station_14,43.70482015105654,-122.55775658300384,Forest,30.4,48.07,6.2,990.57,7,1008.41,0.44
2022-01-01 09:05:00,Station_14,49.45347020227175,-70.10739396556613,Barren,25.0,51.08,3.58,871.98,5,997.56,0.37
2022-01-01 09:10:00,Station_14,36.38019977914274,-116.81962723745372,Forest,15.46,55.06,5.56,311.75,5,993.91,0.16
2022-01-01 09:15:00,Station_14,47.91089801208685,-66.74166552243878,Agricultural,33.76,69.25,7.35,510.45,10,985.55,0.86
2022-01-01 09:20:00,Station_14,49.39951295250047,-107.99329168000737,Barren,25.7,58.43,11.68,340.47,10,999.38,0.15
2022-01-01 09:25:00,Station_14,41.72927002473435,-79.59323114064304,Forest,7.23,37.73,3.77,153.03,9,1042.16,0.32
2022-01-01 09:30:00,Station_14,33.82568583314751,-93.3711314976147,Agricultural,24.1,45.26,14.88,766.84,2,996.48,0.61
2022-01-01 09:35:00,Station_14,42.110905328358506,-87.09835888951781,Barren,21.94,51.25,9.26,114.03,3,1015.34,0.33
2022-01-01 09:40:00,Station_14,44.59399940441161,-98.86276742167188,Forest,28.8,49.14,8.52,398.07,10,1039.51,0.38
2022-01-01 09:45:00,Station_14,45.75435873989262,-63.893458929096774,Agricultural,1.55,49.53,8.21,803.43,9,1003.05,0.79
2022-01-01 09:50:00,Station_14,42.255415371745435,-117.12425135645017,Urban,32.63,57.09,4.21,187.36,10,1018.61,0.8
2022-01-01 09:55:00,Station_14,48.75257494342054,-85.66587428277556,Forest,31.84,37.21,8.13,715.23,5,1036.66,0.27
2022-01-01 10:00:00,Station_14,48.39127927205411,-104.21377483540148,Urban,26.2,30.52,9.54,209.05,6,1010.93,0.59
2022-01-01 10:05:00,Station_14,44.83773516568165,-67.09126203069377,Barren,32.52,34.01,7.86,569.58,2,1048.26,0.25
2022-01-01 10:10:00,Station_14,26.474163220189464,-79.55632932947015,Agricultural,18.69,87.48,12.54,423.05,7,1032.37,0.69
2022-01-01 10:15:00,Station_14,43.26565049746725,-120.17722803331397,Forest,16.33,64.16,9.98,550.21,6,1003.08,0.82
2022-01-01 10:20:00,Station_14,31.695079979096736,-95.9092261381013,Forest,7.16,68.75,9.5,945.0,0,1003.32,0.84
2022-01-01 10:25:00,Station_14,33.56324061998371,-94.23341251160909,Barren,17.69,50.16,6.76,947.34,0,1049.15,0.8
2022-01-01 10:30:00,Station_14,47.79678424214427,-107.1841995115999,Agricultural,-9.16,59.14,6.25,747.38,0,1001.91,0.16
2022-01-01 10:35:00,Station_14,35.546644589625615,-81.95362028306513,Water,2.27,61.68,8.53,597.15,4,980.64,0.27
2022-01-01 10:40:00,Station_14,26.1719996430908,-98.32759203876627,Urban,18.78,89.94,9.52,463.64,5,995.15,0.55
2022-01-01 10:45:00,Station_14,30.117870147738287,-98.24794291091872,Barren,16.9,60.51,11.92,820.91,4,1028.64,0.47
2022-01-01 10:50:00,Station_14,33.333825737723885,-77.81288106470964,Water,-8.27,61.8,13.9,902.85,4,1020.55,0.7
2022-01-01 10:55:00,Station_14,47.161925983058865,-111.20504806471527,Agricultural,34.3,38.24,14.3,398.07,2,1024.6,0.71
2022-01-01 11:00:00,Station_14,32.66890402322392,-109.30271276939158,Barren,-7.55,72.97,7.03,701.19,6,1001.33,0.34
2022-01-01 11:05:00,Station_14,27.942861866367664,-113.7819618816971,Agricultural,23.84,54.86,11.15,712.39,0,981.52,0.83
2022-01-01 11:10:00,Station_14,47.62447656679683,-70.68320359219275,Forest,15.43,60.48,5.08,855.59,10,1009.74,0.21
2022-01-01 11:15:00,Station_14,32.77585873783017,-116.78101115434855,Water,25.1,34.25,1.28,366.16,2,1013.52,0.68
2022-01-01 11:20:00,Station_14,42.445250151388976,-95.22192946751686,Water,26.43,68.49,0.62,331.26,7,1013.38,0.54
2022-01-01 11:25:00,Station_14,45.402197937345136,-110.91126095792566,Urban,9.43,65.68,0.89,441.65,4,999.23,0.33
2022-01-01 11:30:00,Station_14,36.18458282969087,-95.6123828848844,Urban,28.06,59.56,7.25,565.37,2,1029.2,0.88
2022-01-01 11:35:00,Station_14,33.77479837869725,-84.43361203270973,Barren,25.14,87.12,7.03,319.25,3,1020.88,0.55
2022-01-01 11:40:00,Station_14,47.33882465640666,-89.51995195696593,Urban,-1.03,30.96,9.31,558.86,2,1008.91,0.82
2022-01-01 11:45:00,Station_14,33.8768510123732,-75.81721772650165,Forest,33.43,72.13,13.3,607.69,5,1017.48,0.28
2022-01-01 11:50:00,Station_14,46.68853750875488,-93.70340686440575,Water,0.12,55.56,14.0,162.47,8,1047.13,0.29
2022-01-01 11:55:00,Station_14,46.02093793901463,-115.86311213808663,Barren,23.49,34.45,1.99,697.84,10,1043.56,0.74
2022-01-01 12:00:00,Station_14,44.01429559223835,-121.95511067838584,Agricultural,29.81,67.86,7.81,725.88,3,1022.76,0.39
2022-01-01 12:05:00,Station_14,46.02937506066252,-120.30440316424348,Forest,7.25,54.69,12.81,832.52,2,1027.73,0.29
2022-01-01 12:10:00,Station_14,30.9724823908218,-72.2020038255557,Forest,17.0,86.45,4.66,159.98,0,995.17,0.29
2022-01-01 12:15:00,Station_14,48.99948487346181,-71.45559332736579,Forest,8.84,66.54,12.8,193.52,3,980.86,0.46
2022-01-01 12:20:00,Station_14,45.25728595579565,-63.51444597309062,Barren,2.4,42.03,12.78,436.61,2,1003.65,0.73
2022-01-01 12:25:00,Station_14,25.111114974855788,-86.36987018701356,Urban,14.26,43.93,6.49,336.71,10,1044.69,0.49
2022-01-01 12:30:00,Station_14,26.074085260480604,-101.61477955377984,Urban,1.24,55.45,14.23,539.32,7,1034.05,0.74
2022-01-01 12:35:00,Station_14,43.911892783131634,-74.54223283915088,Agricultural,5.27,49.74,7.86,223.61,5,988.19,0.13
2022-01-01 12:40:00,Station_14,29.073729811651354,-64.64938367393184,Forest,13.94,44.73,2.42,936.68,5,1048.57,0.83
2022-01-01 12:45:00,Station_14,40.0217522956779,-75.28727184188541,Agricultural,10.54,42.48,8.58,546.66,10,997.67,0.3
2022-01-01 12:50:00,Station_14,26.550875714322654,-76.73823221293699,Barren,1.43,55.5,5.75,516.24,8,980.78,0.69
2022-01-01 12:55:00,Station_14,42.95661994424323,-103.05212573264085,Urban,16.73,72.78,10.7,661.88,1,1041.6,0.33
2022-01-01 13:00:00,Station_14,48.00204185393905,-103.2974255239855,Water,34.94,61.92,14.3,912.24,1,998.79,0.19
2022-01-01 13:05:00,Station_14,49.85692120849067,-104.69185274959732,Agricultural,8.2,45.13,11.87,262.44,4,1004.26,0.6
2022-01-01 13:10:00,Station_14,39.1807270206541,-78.51464891933045,Barren,24.53,60.98,12.84,817.25,5,994.77,0.37
2022-01-01 13:15:00,Station_14,46.73310336477972,-114.34847520504354,Urban,15.65,77.09,0.26,928.61,0,1016.74,0.66
2022-01-01 13:20:00,Station_14,37.68864815726287,-97.76327418980432,Urban,26.89,78.12,0.92,560.76,0,1003.64,0.1
2022-01-01 13:25:00,Station_14,43.586867707559605,-77.43363141475255,Water,8.38,78.69,7.84,160.35,2,1047.58,0.72
2022-01-01 13:30:00,Station_14,26.44133562382522,-118.3288923362478,Barren,17.07,66.48,8.57,193.38,9,1032.21,0.81
2022-01-01 13:35:00,Station_14,34.37235016857037,-123.25123835250382,Urban,18.07,86.63,1.53,108.25,8,1027.19,0.2
2022-01-01 13:40:00,Station_14,30.063000648529744,-87.91793426685894,Agricultural,34.18,88.26,5.62,516.45,9,1011.01,0.34
2022-01-01 13:45:00,Station_14,39.433902405653356,-117.97178217091769,Urban,0.42,49.27,13.49,446.86,10,1020.91,0.54
2022-01-01 13:50:00,Station_14,26.51686563429583,-116.60654492135338,Forest,22.12,85.88,7.5,564.27,4,1023.08,0.4
2022-01-01 13:55:00,Station_14,29.77421188580034,-98.9511572910059,Water,-3.67,82.75,10.24,708.47,5,1012.12,0.34
2022-01-01 14:00:00,Station_14,27.56435941186112,-111.88635870961839,Barren,-5.46,72.55,6.2,967.68,8,1011.3,0.12
2022-01-01 14:05:00,Station_14,42.767347568434616,-68.6954514442412,Urban,32.54,50.8,12.71,675.37,9,1034.68,0.58
2022-01-01 14:10:00,Station_14,45.59585438471558,-69.4507501208681,Water,25.3,61.67,12.8,507.88,2,1019.15,0.66
2022-01-01 14:15:00,Station_14,42.92223220837516,-80.89351848322492,Agricultural,1.93,41.05,1.79,150.84,0,1046.49,0.4
2022-01-01 14:20:00,Station_14,33.873106023908306,-69.1386742331245,Water,29.43,39.53,1.31,923.13,4,1025.28,0.18
2022-01-01 14:25:00,Station_14,29.387251232481816,-108.44705007371904,Forest,7.0,87.45,8.93,205.01,9,1034.2,0.53
2022-01-01 14:30:00,Station_14,32.534356513603555,-94.22546748568942,Agricultural,11.72,84.59,13.53,642.42,6,1046.73,0.12
2022-01-01 14:35:00,Station_14,47.941241804804775,-76.91262758328958,Forest,2.01,55.88,7.38,325.79,5,1025.96,0.1
2022-01-01 14:40:00,Station_14,38.314076222773345,-101.13024746925302,Barren,-6.21,39.58,5.32,578.56,3,1022.79,0.3
2022-01-01 14:45:00,Station_14,25.439007927586083,-77.66494285317194,Urban,0.41,46.93,2.68,920.27,2,991.96,0.24
2022-01-01 14:50:00,Station_14,37.78798343996887,-81.27224309384859,Forest,8.33,34.42,11.76,812.32,0,1002.73,0.71
2022-01-01 14:55:00,Station_14,35.35166273963219,-117.424229798604,Barren,11.27,77.74,7.73,780.55,9,1039.41,0.6
2022-01-01 15:00:00,Station_14,27.53998521132098,-70.43580570463585,Agricultural,13.4,89.49,12.71,571.24,0,1001.83,0.65
2022-01-01 15:05:00,Station_14,27.19517964506374,-123.95497650123465,Agricultural,34.58,54.48,14.44,670.95,10,980.92,0.84
2022-01-01 15:10:00,Station_14,28.453679755224165,-83.8551159655006,Barren,-8.64,66.64,8.47,115.56,0,1020.95,0.12
2022-01-01 15:15:00,Station_14,39.401216144626744,-124.15966490113951,Agricultural,9.71,67.92,3.98,738.07,10,1018.65,0.7
2022-01-01 15:20:00,Station_14,42.48322979368709,-103.90361421625859,Agricultural,22.73,44.9,1.28,226.52,7,990.93,0.73
2022-01-01 15:25:00,Station_14,42.342959264155084,-123.80770900793095,Water,0.1,48.99,7.51,451.51,10,990.9,0.35
2022-01-01 15:30:00,Station_14,31.314796933342073,-106.37303894954444,Urban,25.99,75.13,11.22,210.3,10,1004.17,0.64
2022-01-01 15:35:00,Station_14,39.967632281938954,-64.66345257982297,Water,1.49,68.39,13.26,896.47,1,987.65,0.48
2022-01-01 15:40:00,Station_14,31.717119797410852,-124.99923112911115,Agricultural,1.63,53.94,2.87,907.27,4,1014.48,0.36
2022-01-01 15:45:00,Station_14,38.01155103673045,-78.8563883335243,Urban,13.19,73.64,4.48,242.46,7,986.02,0.36
2022-01-01 15:50:00,Station_14,45.95776666011541,-80.99080771401688,Forest,8.3,80.6,6.16,656.54,2,988.9,0.21
2022-01-01 15:55:00,Station_14,46.86294154295463,-120.78502791739055,Barren,22.27,63.52,10.76,268.13,6,1020.44,0.46
2022-01-01 16:00:00,Station_14,31.981914196389514,-77.39925849651398,Barren,20.63,50.95,1.2,869.7,6,1043.96,0.25
2022-01-01 16:05:00,Station_14,33.7525136570401,-119.94231639122009,Agricultural,0.55,68.04,7.6,215.33,8,1005.68,0.6
2022-01-01 16:10:00,Station_14,35.038294997283,-61.06617960358564,Water,18.15,72.05,5.8,685.87,0,1007.54,0.7
2022-01-01 16:15:00,Station_14,25.79574788645574,-103.345593191306,Barren,18.87,52.1,1.31,914.13,3,983.97,0.25
2022-01-01 16:20:00,Station_14,48.85125255226812,-106.93641458780681,Urban,-0.57,35.5,5.12,863.99,6,1031.13,0.68
2022-01-01 16:25:00,Station_14,35.22155158958433,-76.22862097591893,Water,8.21,60.57,8.81,818.16,8,1028.75,0.63
2022-01-01 16:30:00,Station_14,27.64096217894711,-89.51704282009757,Agricultural,-3.69,58.96,5.44,148.46,0,1045.84,0.6
2022-01-01 16:35:00,Station_14,49.59850271808486,-96.03651421337747,Forest,24.85,37.93,5.33,478.91,4,1049.82,0.72
2022-01-01 16:40:00,Station_14,30.915050824758985,-94.1117093865415,Water,34.38,48.9,6.18,467.73,4,997.93,0.45
2022-01-01 16:45:00,Station_14,48.42834197094485,-85.48839899785833,Water,0.58,31.88,1.9,482.18,4,1023.9,0.65
2022-01-01 16:50:00,Station_14,36.74668486148532,-68.99425982714295,Urban,-3.16,68.05,11.9,970.78,0,1022.88,0.84
2022-01-01 16:55:00,Station_14,43.72819604500003,-83.41127926247503,Agricultural,-2.06,82.17,8.2,199.04,7,1037.73,0.85
2022-01-01 17:00:00,Station_14,46.63095632873073,-118.10100015404929,Barren,17.65,60.56,3.54,150.77,8,1048.15,0.81
2022-01-01 17:05:00,Station_14,45.23635251030933,-85.64731557350949,Agricultural,20.16,74.22,0.39,764.81,6,992.88,0.87
2022-01-01 17:10:00,Station_14,38.96694466658026,-98.75458160894422,Forest,16.53,73.43,0.88,980.22,7,1018.71,0.88
2022-01-01 17:15:00,Station_14,47.38533167784035,-118.67625469212048,Agricultural,2.23,35.07,8.32,362.48,8,1012.93,0.36
2022-01-01 17:20:00,Station_14,39.174611804469,-65.47725196522975,Water,34.0,75.37,4.24,708.24,0,1010.11,0.43
2022-01-01 17:25:00,Station_14,36.85604908882408,-76.33865060869546,Forest,-8.6,33.94,12.26,394.5,4,1010.44,0.19
2022-01-01 17:30:00,Station_14,39.893466520368506,-89.1934130087465,Urban,-5.14,69.0,5.1,329.46,2,1024.16,0.26
2022-01-01 17:35:00,Station_14,46.51258925873899,-117.93532193368812,Barren,6.16,84.15,10.03,403.09,3,1012.41,0.82
2022-01-01 17:40:00,Station_14,40.66985768847716,-105.35664870507846,Water,21.14,79.72,7.4,744.83,9,1034.24,0.42
2022-01-01 17:45:00,Station_14,30.482671491358285,-89.61052806471663,Forest,-2.16,37.92,2.15,255.57,6,1013.67,0.16
2022-01-01 17:50:00,Station_14,36.26889183029917,-86.33038315645543,Urban,-3.47,33.63,7.1,463.36,4,1000.41,0.14
2022-01-01 17:55:00,Station_14,25.952585188764328,-70.12042572439998,Forest,24.7,36.3,3.58,361.67,3,1010.59,0.41
2022-01-01 18:00:00,Station_14,40.7680448950485,-83.31231188288118,Agricultural,12.53,43.67,11.85,266.53,0,1048.34,0.33
2022-01-01 18:05:00,Station_14,49.105694395220546,-95.30688436117,Agricultural,20.29,80.02,5.69,718.04,9,988.02,0.57
2022-01-01 18:10:00,Station_14,45.64695264506359,-91.62635167348381,Urban,1.44,76.21,0.97,589.64,0,981.12,0.41
2022-01-01 18:15:00,Station_14,25.14031780188199,-93.38362491065686,Urban,-4.62,55.96,1.12,532.79,2,1041.1,0.26
2022-01-01 18:20:00,Station_14,26.450611379361778,-120.19723027065459,Water,-2.56,83.97,7.8,972.31,10,1044.13,0.59
2022-01-01 18:25:00,Station_14,27.41453374385945,-89.81309097034585,Urban,-7.07,69.6,10.94,797.36,1,1041.48,0.89
2022-01-01 18:30:00,Station_14,25.08516769187243,-107.70633734916179,Water,9.52,50.69,11.58,114.07,0,987.9,0.45
2022-01-01 18:35:00,Station_14,49.3167967367865,-117.57592291371209,Forest,-4.71,58.88,0.29,139.4,0,1021.91,0.61
2022-01-01 18:40:00,Station_14,38.64065819301225,-64.66116484706407,Agricultural,6.46,32.96,4.85,232.38,0,1004.95,0.17
2022-01-01 18:45:00,Station_14,38.03602851971793,-79.31412964448204,Forest,34.95,73.23,10.48,477.45,10,1025.02,0.79
2022-01-01 18:50:00,Station_14,30.63757872732216,-99.40784216594749,Agricultural,-4.03,63.3,13.59,600.36,2,995.46,0.13
2022-01-01 18:55:00,Station_14,27.42606677824633,-96.38847532032125,Forest,-2.1,76.01,1.03,508.79,3,998.33,0.72
2022-01-01 19:00:00,Station_14,35.49256492460451,-111.17554969931498,Agricultural,-3.61,52.05,8.33,939.66,1,994.82,0.87
2022-01-01 19:05:00,Station_14,44.36057997329719,-103.34981761461955,Barren,34.59,78.76,3.33,446.4,5,1048.24,0.88
2022-01-01 19:10:00,Station_14,43.06928391141895,-69.72489047830143,Water,13.17,50.93,7.42,843.05,5,1048.59,0.17
2022-01-01 19:15:00,Station_14,36.291367202248956,-93.58706990090049,Agricultural,16.17,40.22,5.55,235.46,10,1023.87,0.75
2022-01-01 19:20:00,Station_14,28.039308728889882,-63.33923578634422,Forest,18.0,49.82,5.63,931.26,4,1028.06,0.5
2022-01-01 19:25:00,Station_14,42.27303589233919,-91.99729598888399,Forest,7.81,60.06,5.42,570.31,6,992.64,0.21
2022-01-01 19:30:00,Station_14,45.35562836848963,-63.957268667275954,Forest,5.83,82.16,12.41,833.64,7,1006.8,0.76
2022-01-01 19:35:00,Station_14,40.94610902007888,-83.14472189056534,Barren,-8.0,80.03,3.87,854.52,10,983.32,0.71
2022-01-01 19:40:00,Station_14,25.870165432937863,-82.73471641219513,Agricultural,34.81,46.07,8.25,939.98,3,1028.33,0.49
2022-01-01 19:45:00,Station_14,38.75198531359466,-116.00145515096253,Water,-0.53,65.26,14.78,106.83,8,1007.74,0.52
2022-01-01 19:50:00,Station_14,33.25091952875049,-109.41428180620841,Agricultural,32.38,47.64,8.71,884.01,10,1017.1,0.1
2022-01-01 19:55:00,Station_14,47.28568108187865,-107.1123404767613,Urban,3.33,68.71,14.22,986.99,4,1025.9,0.78
2022-01-01 20:00:00,Station_14,42.38110846239782,-89.07301307278357,Water,13.26,52.75,0.47,136.55,9,1014.35,0.62
2022-01-01 20:05:00,Station_14,26.452409128508645,-82.48537829123,Forest,-6.46,41.23,5.49,399.04,10,1012.23,0.49
2022-01-01 20:10:00,Station_14,32.719057997606384,-63.12396453767634,Urban,34.74,50.66,4.68,376.04,5,1000.21,0.71
2022-01-01 20:15:00,Station_14,46.00771004271931,-99.94717568430698,Forest,10.04,66.59,1.52,101.23,3,1047.38,0.53
2022-01-01 20:20:00,Station_14,39.70901640013492,-92.64167623820363,Agricultural,32.67,38.33,3.67,493.66,9,1021.47,0.85
2022-01-01 20:25:00,Station_14,46.38141392108483,-116.71309421168465,Forest,26.63,48.59,7.47,192.15,0,996.95,0.16
2022-01-01 20:30:00,Station_14,37.67152224631515,-63.01529822227301,Agricultural,12.67,89.37,1.36,917.0,4,1029.95,0.56
2022-01-01 20:35:00,Station_14,30.6872474919926,-115.03343518775868,Urban,27.24,86.4,9.43,442.73,2,1021.2,0.56
2022-01-01 20:40:00,Station_14,41.984716774260065,-108.07630757785911,Agricultural,3.5,37.38,2.67,304.0,6,1024.95,0.73
2022-01-01 20:45:00,Station_14,44.15624616382248,-70.61406451161652,Agricultural,2.61,59.93,8.12,245.69,0,1046.82,0.19
2022-01-01 20:50:00,Station_14,42.10134275523421,-100.76737175745518,Urban,-3.21,35.11,1.21,593.72,5,1004.58,0.4
2022-01-01 20:55:00,Station_14,44.00200364590247,-121.77803992673714,Water,26.7,83.01,13.61,130.4,8,992.81,0.43
2022-01-01 21:00:00,Station_14,36.12447732090776,-87.95006068474336,Agricultural,17.07,75.27,7.14,992.28,5,1006.02,0.6
2022-01-01 21:05:00,Station_14,34.24361996845915,-88.25483898686753,Barren,7.37,55.04,14.61,779.8,3,1004.05,0.59
2022-01-01 21:10:00,Station_14,33.19849329783875,-100.33875686870368,Water,-0.79,86.98,2.96,645.07,0,1006.88,0.87
2022-01-01 21:15:00,Station_14,43.5198672259305,-91.3847278107706,Forest,25.5,63.9,0.08,372.74,1,1008.11,0.25
2022-01-01 21:20:00,Station_14,37.34535462083594,-64.85786261781958,Forest,32.6,47.9,4.8,265.58,4,1009.77,0.51
2022-01-01 21:25:00,Station_14,46.93905651459195,-121.46340306260541,Urban,7.96,57.14,8.49,131.34,5,1015.75,0.11
2022-01-01 21:30:00,Station_14,28.147960566524112,-85.72090160049594,Water,-2.28,50.91,4.9,245.89,2,994.96,0.71
2022-01-01 21:35:00,Station_14,27.071520631356176,-101.13117700583663,Barren,-8.29,32.08,0.55,263.93,7,1048.02,0.81
2022-01-01 21:40:00,Station_14,33.77219737552217,-78.96306241321815,Water,20.89,49.71,3.49,553.34,10,999.68,0.4
2022-01-01 21:45:00,Station_14,28.287052154277742,-117.5410827650805,Urban,16.77,34.93,10.41,151.47,2,1043.56,0.53
2022-01-01 21:50:00,Station_14,30.701474106853922,-78.71651908368798,Urban,-4.35,89.21,8.23,544.4,6,995.72,0.27
2022-01-01 21:55:00,Station_14,41.390940554754025,-104.54312893840117,Agricultural,-0.4,60.89,3.49,135.61,4,986.13,0.52
2022-01-01 22:00:00,Station_14,32.48693471065266,-107.69867322283385,Urban,7.25,30.49,7.63,327.75,4,1007.76,0.64
2022-01-01 22:05:00,Station_14,46.586579365060025,-93.9066502311172,Water,-2.75,40.31,7.12,624.77,4,1031.0,0.45
2022-01-01 22:10:00,Station_14,38.84974391324515,-107.66233884665387,Barren,1.55,79.02,7.03,146.78,6,1027.06,0.39
2022-01-01 22:15:00,Station_14,28.454150890521653,-108.4827939542183,Forest,16.4,82.13,8.35,241.38,4,1043.64,0.13
2022-01-01 22:20:00,Station_14,47.55344813373196,-79.10602572794132,Agricultural,10.16,83.6,8.44,112.75,10,1036.51,0.73
2022-01-01 22:25:00,Station_14,29.079601913567075,-80.21357928531444,Forest,12.71,35.43,10.07,136.37,9,1013.25,0.75
2022-01-01 22:30:00,Station_14,29.941122041006093,-107.27584939045802,Water,1.37,88.78,8.58,445.21,4,987.34,0.33
2022-01-01 22:35:00,Station_14,25.578786084473908,-91.2788847913275,Barren,15.16,58.25,0.55,787.69,3,1034.17,0.61
2022-01-01 22:40:00,Station_14,49.93499883119396,-124.53163438799086,Forest,25.35,88.81,10.42,754.53,3,985.34,0.22
2022-01-01 22:45:00,Station_14,43.809243161228196,-75.7357970404872,Barren,9.53,76.96,12.87,613.7,5,1048.41,0.13
2022-01-01 22:50:00,Station_14,46.69870235280012,-102.45631934502354,Water,-1.38,82.66,10.77,227.66,0,1005.37,0.86
2022-01-01 22:55:00,Station_14,48.39838655362534,-108.03881975725739,Barren,2.2,72.64,10.51,374.44,0,1048.03,0.41
2022-01-01 23:00:00,Station_14,29.501529005996154,-88.76420634390126,Forest,2.8,57.57,6.24,735.3,1,1028.81,0.69
2022-01-01 23:05:00,Station_14,31.42713595465394,-92.11237532163204,Urban,29.35,54.64,4.79,795.54,0,1019.87,0.79
2022-01-01 23:10:00,Station_14,43.23956242748976,-64.70490520199178,Forest,30.82,34.56,8.11,593.31,1,1015.92,0.41
2022-01-01 23:15:00,Station_14,40.18486126115016,-90.92797263755482,Barren,9.03,88.06,12.44,737.39,1,990.44,0.31
2022-01-01 23:20:00,Station_14,26.272019846036258,-105.59181779393761,Forest,22.97,49.91,11.29,865.49,4,992.67,0.18
2022-01-01 23:25:00,Station_14,46.97406259318821,-109.04362026386862,Forest,5.49,37.96,4.8,508.68,2,1025.14,0.45
2022-01-01 23:30:00,Station_14,33.988467776864496,-67.27622649066296,Water,28.67,60.9,8.05,792.56,1,1012.51,0.38
2022-01-01 23:35:00,Station_14,46.67057530174495,-102.71372775270596,Agricultural,5.18,30.92,9.06,779.57,6,1008.19,0.15
2022-01-01 23:40:00,Station_14,29.68785314277057,-100.82449647212891,Water,-9.63,75.38,4.39,563.16,0,1023.61,0.79
2022-01-01 23:45:00,Station_14,26.227478078721756,-118.23652652527636,Water,25.15,45.23,14.91,933.42,0,1014.14,0.66
2022-01-01 23:50:00,Station_14,49.653790431139925,-106.05160403266068,Water,33.59,62.81,10.96,983.69,1,981.65,0.83
2022-01-01 23:55:00,Station_14,39.902793519949405,-115.80339956662111,Forest,12.68,79.47,14.21,369.81,2,989.77,0.26
2022-01-01 00:00:00,Station_15,42.7610767736276,-88.18378571739969,Urban,16.88,60.94,6.63,830.26,8,987.27,0.39
2022-01-01 00:05:00,Station_15,25.87348201085503,-121.51318394672434,Forest,28.54,86.68,4.6,114.46,5,999.66,0.74
2022-01-01 00:10:00,Station_15,49.20008050401086,-122.89603494073474,Urban,17.17,48.54,4.58,182.19,4,1048.92,0.18
2022-01-01 00:15:00,Station_15,47.41443371202102,-106.96759038813056,Water,-1.9,38.29,2.14,209.62,4,983.55,0.49
2022-01-01 00:20:00,Station_15,35.89232355188874,-118.97926556743506,Forest,18.9,87.85,6.09,429.92,2,985.91,0.79
2022-01-01 00:25:00,Station_15,42.037192994681575,-83.92261241633366,Water,-7.73,64.21,4.46,294.1,4,994.54,0.22
2022-01-01 00:30:00,Station_15,45.189137408668536,-123.762209898365,Water,-5.44,71.61,13.85,352.11,8,1013.91,0.12
2022-01-01 00:35:00,Station_15,26.3699322827931,-80.51424409547987,Agricultural,13.55,39.04,3.96,302.02,3,1023.73,0.15
2022-01-01 00:40:00,Station_15,40.67627490567529,-108.02807162574803,Urban,24.18,56.09,13.23,643.81,9,993.98,0.74
2022-01-01 00:45:00,Station_15,26.40321513539393,-91.05431866063385,Agricultural,22.91,34.43,0.43,730.47,10,995.09,0.31
2022-01-01 00:50:00,Station_15,49.828883667518156,-98.5213366861395,Water,-9.75,79.95,11.24,226.79,10,1027.21,0.56
2022-01-01 00:55:00,Station_15,40.458033387697384,-60.05245250231225,Water,29.68,68.27,0.48,693.54,1,984.12,0.76
2022-01-01 01:00:00,Station_15,25.80555806935626,-106.01524398452901,Agricultural,-3.74,77.39,14.87,706.87,7,1032.18,0.29
2022-01-01 01:05:00,Station_15,25.62054643676407,-66.98330039477642,Agricultural,33.86,51.13,0.73,668.46,5,999.7,0.45
2022-01-01 01:10:00,Station_15,42.36614916556069,-86.13496566344486,Urban,20.06,81.7,4.75,142.71,8,992.26,0.35
2022-01-01 01:15:00,Station_15,35.35830063397569,-118.74373356169095,Agricultural,22.16,79.55,10.05,572.47,9,1039.5,0.87
2022-01-01 01:20:00,Station_15,38.01237273596564,-88.97174665062462,Urban,0.2,74.37,4.59,381.21,4,1047.52,0.3
2022-01-01 01:25:00,Station_15,35.79812562591885,-87.47664074204059,Water,1.16,75.92,1.62,771.17,5,984.74,0.75
2022-01-01 01:30:00,Station_15,35.1968600415028,-109.84936046172409,Urban,-1.44,87.36,7.91,532.76,3,1002.53,0.11
2022-01-01 01:35:00,Station_15,47.73539596958387,-72.56846578532571,Agricultural,5.78,30.69,13.76,404.08,6,1002.26,0.23
2022-01-01 01:40:00,Station_15,42.139613460239644,-93.07125864649936,Forest,20.93,55.81,2.47,754.99,6,1029.06,0.32
2022-01-01 01:45:00,Station_15,45.08548961291325,-82.370190417873,Barren,-4.51,86.22,2.11,714.77,8,993.52,0.3
2022-01-01 01:50:00,Station_15,41.1064091511887,-94.73029510025353,Forest,13.27,72.35,12.98,243.49,6,1037.72,0.78
2022-01-01 01:55:00,Station_15,35.052441688761306,-62.917249637300955,Agricultural,26.48,79.49,5.51,634.19,10,1004.83,0.24
2022-01-01 02:00:00,Station_15,45.78886501806706,-72.0724929517248,Barren,-7.39,37.59,1.49,888.46,8,1049.56,0.38
2022-01-01 02:05:00,Station_15,43.420978304872634,-102.89659540480716,Agricultural,3.39,89.24,3.88,574.24,2,986.95,0.78
2022-01-01 02:10:00,Station_15,28.34615860478575,-77.47684627919557,Forest,11.46,42.16,7.93,135.32,3,1049.82,0.62
2022-01-01 02:15:00,Station_15,30.928989288866894,-72.4342892050082,Agricultural,10.21,65.56,3.85,686.84,1,984.85,0.16
2022-01-01 02:20:00,Station_15,41.06944820162116,-94.67712508310238,Water,0.09,61.26,13.75,940.41,9,1018.91,0.51
2022-01-01 02:25:00,Station_15,41.58209013035269,-95.43368804091222,Urban,-1.79,51.71,9.14,966.38,5,1025.88,0.1
2022-01-01 02:30:00,Station_15,48.44823314749357,-102.31506141183209,Water,15.98,85.99,3.55,403.12,5,1048.54,0.41
2022-01-01 02:35:00,Station_15,47.31897035768067,-63.29933340056397,Water,-0.87,49.4,9.79,705.5,1,996.52,0.71
2022-01-01 02:40:00,Station_15,29.35701703478033,-98.87203827947646,Barren,18.98,56.46,11.4,938.53,6,996.98,0.21
2022-01-01 02:45:00,Station_15,38.16994624946835,-113.118536610958,Agricultural,2.5,48.25,0.07,998.38,3,1027.08,0.59
2022-01-01 02:50:00,Station_15,33.99117741536465,-111.88006429053566,Water,28.01,56.42,5.43,308.05,9,1019.79,0.69
2022-01-01 02:55:00,Station_15,44.91014298475098,-76.88083565007537,Water,3.33,31.05,13.53,423.31,1,1032.85,0.28
2022-01-01 03:00:00,Station_15,36.48411665381114,-124.07476854015883,Barren,30.5,60.89,6.18,217.77,3,1016.29,0.86
2022-01-01 03:05:00,Station_15,37.82443471033378,-121.01707972741224,Water,22.95,77.72,1.64,523.81,7,986.7,0.61
2022-01-01 03:10:00,Station_15,36.979142820387274,-67.89021148927826,Urban,14.99,40.92,4.54,906.15,1,989.29,0.79
2022-01-01 03:15:00,Station_15,43.4291428391229,-99.94496543471509,Agricultural,-0.38,71.49,6.27,838.27,3,1017.34,0.57
2022-01-01 03:20:00,Station_15,31.038082971587876,-92.01274391172862,Barren,34.77,62.5,11.42,798.96,2,983.59,0.8
2022-01-01 03:25:00,Station_15,32.30749960330548,-88.10202167949194,Forest,1.18,32.51,13.22,163.72,6,983.55,0.61
2022-01-01 03:30:00,Station_15,42.13063943461942,-78.28957431825356,Urban,32.96,41.28,3.74,194.72,8,1015.58,0.4
2022-01-01 03:35:00,Station_15,31.710504950506106,-124.91092028513687,Forest,12.04,74.07,3.07,240.29,1,1000.87,0.87
2022-01-01 03:40:00,Station_15,42.65425753649018,-107.48669581379103,Forest,9.07,50.83,10.73,593.93,8,1009.37,0.51
2022-01-01 03:45:00,Station_15,25.877113785374366,-81.69598984741592,Water,25.93,68.02,7.96,794.9,0,1019.21,0.14
2022-01-01 03:50:00,Station_15,26.494691571039443,-118.50008848516924,Agricultural,-4.0,72.23,13.31,707.48,8,1000.82,0.52
2022-01-01 03:55:00,Station_15,31.720008636499188,-116.25061297299558,Barren,28.19,47.62,7.24,478.14,3,1045.01,0.16
2022-01-01 04:00:00,Station_15,37.94577196940508,-110.82017474942676,Urban,32.44,45.84,0.73,297.76,5,1022.6,0.77
2022-01-01 04:05:00,Station_15,41.33255919421937,-94.16864898693284,Forest,8.99,65.42,7.89,699.19,2,1027.54,0.63
2022-01-01 04:10:00,Station_15,40.267321612299796,-70.18436205144289,Forest,18.52,34.95,2.12,746.55,2,1007.43,0.75
2022-01-01 04:15:00,Station_15,44.91547759486351,-114.13465316669608,Urban,29.92,54.28,6.36,603.33,3,1034.12,0.36
2022-01-01 04:20:00,Station_15,32.55591741159951,-110.54791963246798,Urban,28.59,39.07,5.37,881.04,4,1042.4,0.13
2022-01-01 04:25:00,Station_15,32.65341122863521,-89.85850195416157,Urban,9.36,45.18,4.49,756.19,3,988.71,0.49
2022-01-01 04:30:00,Station_15,42.65474424096743,-96.7702589488416,Urban,1.37,40.62,1.77,814.91,6,1048.51,0.32
2022-01-01 04:35:00,Station_15,47.722701757283616,-96.61401338386509,Agricultural,-1.45,52.52,0.99,151.07,2,1022.95,0.5
2022-01-01 04:40:00,Station_15,43.63932836604149,-60.614979777454906,Water,20.59,76.85,4.06,155.83,4,981.18,0.69
2022-01-01 04:45:00,Station_15,36.08370776507622,-108.14973095858772,Barren,12.03,88.59,0.46,185.5,3,1048.2,0.79
2022-01-01 04:50:00,Station_15,30.20140347586712,-102.54034252696648,Forest,27.32,39.98,1.44,365.05,3,982.84,0.57
2022-01-01 04:55:00,Station_15,45.161419289423606,-109.75371801292026,Barren,12.89,86.37,8.09,932.65,9,1007.12,0.23
2022-01-01 05:00:00,Station_15,41.98036125409679,-84.57264171786386,Forest,11.74,73.66,13.67,670.3,0,1027.04,0.74
2022-01-01 05:05:00,Station_15,25.234795903442244,-82.98493020135294,Urban,15.63,53.19,7.57,389.46,5,1000.52,0.12
2022-01-01 05:10:00,Station_15,30.38487937316279,-105.5825178800519,Agricultural,2.28,87.23,7.73,450.08,10,1018.0,0.66
2022-01-01 05:15:00,Station_15,43.55175057157447,-109.13866220740508,Agricultural,4.94,55.85,7.93,627.93,8,980.8,0.73
2022-01-01 05:20:00,Station_15,46.617357850444264,-76.4203085690331,Agricultural,10.89,37.0,6.49,302.32,2,1037.21,0.59
2022-01-01 05:25:00,Station_15,25.78469462504501,-64.60226301233266,Water,19.56,42.97,10.21,894.78,9,1036.13,0.22
2022-01-01 05:30:00,Station_15,40.42444642441818,-74.81063219159239,Agricultural,24.61,71.63,13.15,558.81,5,1042.81,0.87
2022-01-01 05:35:00,Station_15,37.063830872447966,-120.48045175246271,Urban,14.17,35.95,3.6,504.66,10,983.99,0.56
2022-01-01 05:40:00,Station_15,25.531839144443907,-105.71123182407771,Urban,18.72,30.56,2.5,727.21,4,1030.16,0.31
2022-01-01 05:45:00,Station_15,33.8186934708041,-73.91102108404333,Urban,6.08,60.19,10.03,508.43,0,989.85,0.35
2022-01-01 05:50:00,Station_15,39.05860906674618,-69.96371754810451,Forest,25.75,38.08,7.85,315.89,4,1047.33,0.77
2022-01-01 05:55:00,Station_15,26.69584606033186,-116.03949770468543,Forest,-5.88,34.44,9.7,142.08,3,1041.32,0.35
2022-01-01 06:00:00,Station_15,38.1463689598773,-118.5908056618257,Urban,-1.62,38.3,14.7,492.77,1,988.26,0.45
2022-01-01 06:05:00,Station_15,42.61228903604719,-99.55882912541101,Barren,24.65,71.24,3.61,751.96,3,1038.24,0.37
2022-01-01 06:10:00,Station_15,36.70247126823177,-83.79171645530508,Agricultural,17.96,53.73,2.88,456.34,4,994.41,0.56
2022-01-01 06:15:00,Station_15,45.93815046355526,-101.72494262237105,Urban,20.54,47.09,13.55,224.49,8,981.24,0.45
2022-01-01 06:20:00,Station_15,41.10477544221473,-68.96718368435643,Agricultural,7.7,40.26,6.52,168.83,1,992.17,0.72
2022-01-01 06:25:00,Station_15,35.0698074972821,-113.44584880673924,Agricultural,0.78,51.4,0.15,430.72,3,1003.51,0.44
2022-01-01 06:30:00,Station_15,48.802170012600115,-67.40377829603003,Agricultural,6.31,54.99,12.48,400.13,4,1022.24,0.78
2022-01-01 06:35:00,Station_15,29.37169465231765,-108.00429763154575,Forest,-1.18,78.95,12.2,412.34,9,986.78,0.57
2022-01-01 06:40:00,Station_15,36.84849824695452,-109.3565945513008,Urban,6.83,77.69,2.57,792.33,5,1034.29,0.51
2022-01-01 06:45:00,Station_15,47.4886284728272,-62.47283578145721,Urban,-3.35,76.79,8.74,332.14,4,1023.63,0.69
2022-01-01 06:50:00,Station_15,38.057996036199214,-119.62151857598955,Urban,-0.99,75.32,0.16,184.52,1,1012.98,0.74
2022-01-01 06:55:00,Station_15,46.909353118486194,-69.49269972238429,Barren,8.63,79.56,13.06,770.26,0,1011.67,0.25
2022-01-01 07:00:00,Station_15,48.59691377765914,-88.7138327065299,Forest,1.49,46.18,6.08,429.65,9,1020.84,0.57
2022-01-01 07:05:00,Station_15,27.573686723809104,-67.76768037020918,Agricultural,24.66,60.51,5.32,850.67,1,987.43,0.13
2022-01-01 07:10:00,Station_15,45.198507809043775,-112.79379907539919,Agricultural,23.69,84.29,8.15,931.18,2,1047.92,0.31
2022-01-01 07:15:00,Station_15,45.24056905687692,-102.44718761190941,Agricultural,33.88,79.21,8.26,173.56,4,1038.05,0.27
2022-01-01 07:20:00,Station_15,40.31263672633575,-92.26583208822288,Water,-8.04,43.98,10.9,213.4,1,980.98,0.81
2022-01-01 07:25:00,Station_15,40.93801124334438,-86.52196441607342,Forest,4.42,63.84,1.92,788.79,0,1002.61,0.18
2022-01-01 07:30:00,Station_15,30.23016404525641,-99.7560894272698,Forest,15.1,49.59,9.62,617.46,0,999.58,0.6
2022-01-01 07:35:00,Station_15,26.39208420918444,-108.08551268151784,Urban,28.39,85.63,5.09,311.13,2,1019.77,0.69
2022-01-01 07:40:00,Station_15,33.010767039425275,-122.51360812460825,Urban,10.23,33.93,3.12,712.71,6,989.79,0.25
2022-01-01 07:45:00,Station_15,27.070379849017208,-101.62775301239226,Forest,7.26,82.64,2.11,993.93,4,1013.59,0.19
2022-01-01 07:50:00,Station_15,34.16572292318734,-68.57002443794151,Water,8.01,38.51,5.48,240.96,6,995.76,0.55
2022-01-01 07:55:00,Station_15,42.73462219956755,-61.83031117385936,Barren,33.56,45.29,3.38,964.18,5,1013.32,0.41
2022-01-01 08:00:00,Station_15,46.602907930369184,-77.66271666770183,Water,11.03,76.4,9.44,724.9,7,988.84,0.19
2022-01-01 08:05:00,Station_15,48.09794297243742,-102.70350252380777,Agricultural,-3.56,33.79,7.27,725.48,4,992.99,0.66
2022-01-01 08:10:00,Station_15,27.165107698818822,-106.09260082816293,Forest,14.83,34.14,5.71,359.98,10,1039.1,0.12
2022-01-01 08:15:00,Station_15,33.63291974813197,-88.03662092439552,Agricultural,28.75,32.38,8.94,197.62,4,1018.37,0.74
2022-01-01 08:20:00,Station_15,33.45660626121365,-78.68006728661726,Urban,1.8,75.02,2.27,656.34,5,1042.74,0.47
2022-01-01 08:25:00,Station_15,44.15039602904817,-118.18018508313149,Water,13.41,50.86,9.3,723.88,10,980.18,0.63
2022-01-01 08:30:00,Station_15,39.205283794909136,-101.04935059594516,Water,32.13,76.17,8.5,737.53,9,1000.14,0.7
2022-01-01 08:35:00,Station_15,26.844679620914807,-74.7568898670892,Barren,-6.71,42.49,3.26,531.12,5,1043.42,0.41
2022-01-01 08:40:00,Station_15,41.24478605325102,-105.44979331521112,Water,24.08,73.22,8.91,858.94,10,1020.98,0.61
2022-01-01 08:45:00,Station_15,39.48918639601051,-87.12982180598269,Forest,8.73,43.13,0.23,750.39,9,1049.2,0.49
2022-01-01 08:50:00,Station_15,48.382493253353545,-62.48596823496885,Agricultural,17.89,68.82,9.51,479.14,9,993.24,0.42
2022-01-01 08:55:00,Station_15,39.094490948721074,-103.54270455381577,Agricultural,8.84,55.95,3.54,141.4,9,999.52,0.3
2022-01-01 09:00:00,Station_15,32.70987309476344,-68.91885261177356,Barren,7.78,52.87,14.25,876.59,5,1041.8,0.2
2022-01-01 09:05:00,Station_15,32.924526056708196,-120.02600734360469,Water,9.06,48.26,4.79,173.9,8,1031.68,0.43
2022-01-01 09:10:00,Station_15,28.798673104918333,-89.40802615152933,Forest,-7.4,42.34,14.1,709.71,4,1040.78,0.13
2022-01-01 09:15:00,Station_15,30.520254533272237,-99.83673560784096,Forest,12.31,67.75,5.76,214.35,0,995.5,0.18
2022-01-01 09:20:00,Station_15,45.63775257150756,-106.91732871692119,Water,26.76,32.62,8.57,176.01,5,1009.84,0.17
2022-01-01 09:25:00,Station_15,31.561630956596048,-60.85475532909011,Forest,8.12,70.93,7.7,612.83,4,986.12,0.43
2022-01-01 09:30:00,Station_15,29.076037628279316,-64.94604377045492,Barren,27.36,44.41,13.43,313.6,7,995.96,0.21
2022-01-01 09:35:00,Station_15,38.13144702779439,-65.19568139142804,Agricultural,13.32,42.44,7.3,543.9,3,1003.88,0.57
2022-01-01 09:40:00,Station_15,30.290093378816167,-96.95925406242053,Forest,4.55,67.53,11.05,649.76,0,1006.95,0.33
2022-01-01 09:45:00,Station_15,39.36513884718726,-98.84229927785461,Forest,5.97,62.45,0.38,276.22,8,981.62,0.75
2022-01-01 09:50:00,Station_15,34.90033888083995,-116.28073609918685,Water,-7.95,55.59,1.98,724.95,2,985.22,0.5
2022-01-01 09:55:00,Station_15,43.95892049800908,-114.76321350451308,Agricultural,32.85,32.33,1.31,533.93,0,1032.19,0.32
2022-01-01 10:00:00,Station_15,43.300531417914854,-82.42128392581,Agricultural,12.68,72.57,7.1,610.39,10,1000.02,0.56
2022-01-01 10:05:00,Station_15,26.55613494509668,-104.96109427621373,Barren,2.04,37.51,14.18,491.34,4,1031.98,0.54
2022-01-01 10:10:00,Station_15,26.418289146690537,-65.36181414150298,Agricultural,23.26,69.1,7.41,335.36,5,1046.84,0.36
2022-01-01 10:15:00,Station_15,35.440333576281844,-106.39668761378616,Agricultural,25.99,82.85,7.84,904.56,0,993.5,0.65
2022-01-01 10:20:00,Station_15,49.18157725104081,-80.7287570191676,Forest,1.54,74.47,5.89,140.17,3,984.3,0.57
2022-01-01 10:25:00,Station_15,41.59773383483652,-97.2781452338931,Water,7.82,73.77,7.08,913.39,5,1029.27,0.52
2022-01-01 10:30:00,Station_15,37.15635957417754,-91.48722326211904,Forest,3.52,54.49,2.22,896.94,1,1001.14,0.22
2022-01-01 10:35:00,Station_15,42.10535345279982,-122.58959681101821,Forest,33.89,60.22,7.26,141.56,7,1002.57,0.88
2022-01-01 10:40:00,Station_15,37.766510768793964,-105.6114610554536,Water,30.77,51.34,7.69,713.39,7,998.86,0.5
2022-01-01 10:45:00,Station_15,45.7425793265043,-105.33517788931019,Agricultural,-2.48,59.28,10.08,870.31,4,1012.07,0.57
2022-01-01 10:50:00,Station_15,45.160629426878856,-101.58326394797926,Urban,7.47,63.09,11.59,279.02,0,1029.96,0.87
2022-01-01 10:55:00,Station_15,49.02558471033841,-111.216084790617,Forest,4.07,73.96,14.78,950.52,5,1008.45,0.16
2022-01-01 11:00:00,Station_15,42.293504371591865,-102.65278988523235,Barren,30.39,82.46,0.73,846.34,5,1012.87,0.26
2022-01-01 11:05:00,Station_15,48.36831178127727,-86.85009004135664,Forest,7.34,89.41,10.85,268.34,7,1026.4,0.51
2022-01-01 11:10:00,Station_15,30.593750267855736,-116.18665321488798,Barren,3.88,75.85,3.68,562.58,6,1012.21,0.56
2022-01-01 11:15:00,Station_15,47.66572970431227,-97.35748789365879,Barren,20.9,51.74,7.76,822.86,7,996.31,0.11
2022-01-01 11:20:00,Station_15,28.234535921887165,-67.84287762065676,Forest,16.72,70.65,8.13,601.24,8,1016.98,0.43
2022-01-01 11:25:00,Station_15,27.692600009677292,-66.9838735045945,Water,-5.66,42.36,1.11,151.91,10,1022.95,0.34
2022-01-01 11:30:00,Station_15,35.58236804813743,-63.12555118586038,Forest,-3.91,66.84,13.93,419.66,8,1012.66,0.27
2022-01-01 11:35:00,Station_15,36.34651892096026,-121.44976873206713,Urban,-0.65,84.16,5.18,604.43,3,1027.63,0.4
2022-01-01 11:40:00,Station_15,31.30112543195927,-113.65649129980761,Barren,6.12,68.01,1.31,509.03,5,1027.49,0.73
2022-01-01 11:45:00,Station_15,40.04859442416354,-116.06408764225017,Agricultural,19.78,61.01,0.1,736.28,6,1026.16,0.57
2022-01-01 11:50:00,Station_15,37.62830344225982,-94.26396765907761,Forest,17.24,60.12,13.2,905.57,4,1029.65,0.21
2022-01-01 11:55:00,Station_15,47.886447928446195,-96.05217067102876,Agricultural,1.02,86.77,14.87,509.88,3,1008.78,0.59
2022-01-01 12:00:00,Station_15,41.57020631983399,-110.12495446642528,Urban,3.89,72.56,2.48,717.96,9,980.67,0.72
2022-01-01 12:05:00,Station_15,25.159228004653087,-60.59451395371991,Agricultural,19.59,89.42,5.86,696.51,0,985.27,0.79
2022-01-01 12:10:00,Station_15,28.838914212424534,-75.94189013798692,Agricultural,-3.21,61.73,13.47,692.53,0,994.19,0.25
2022-01-01 12:15:00,Station_15,41.64757482887166,-68.10930638364276,Barren,-5.64,87.16,7.3,591.08,2,1006.28,0.74
2022-01-01 12:20:00,Station_15,29.8610227176406,-78.95794237023807,Water,30.22,51.19,4.85,328.13,6,980.92,0.23
2022-01-01 12:25:00,Station_15,34.599625524815394,-83.84947310129446,Urban,12.75,43.34,2.53,710.19,0,995.19,0.79
2022-01-01 12:30:00,Station_15,40.56936335006848,-118.30579733101712,Urban,4.97,73.99,2.62,936.95,10,1034.46,0.78
2022-01-01 12:35:00,Station_15,37.747969859954466,-92.46278151568238,Barren,7.47,88.17,4.36,142.72,6,1044.38,0.44
2022-01-01 12:40:00,Station_15,39.12770161222124,-97.79932054946401,Urban,9.78,55.55,10.54,250.37,4,1006.82,0.38
2022-01-01 12:45:00,Station_15,38.26447929606044,-104.51176018303613,Forest,-0.09,55.67,11.85,653.26,5,1014.28,0.37
2022-01-01 12:50:00,Station_15,39.05335455106542,-120.73243236733221,Water,16.5,44.57,10.0,957.5,2,994.51,0.32
2022-01-01 12:55:00,Station_15,38.672825606147825,-67.90906843733076,Water,34.22,78.94,8.92,639.09,9,1009.55,0.57
2022-01-01 13:00:00,Station_15,25.332848481358113,-70.85884609370807,Barren,-9.03,74.14,13.9,238.12,8,1035.96,0.15
2022-01-01 13:05:00,Station_15,34.675131928342665,-69.38404740221804,Forest,7.4,81.91,14.46,596.84,0,1049.31,0.61
2022-01-01 13:10:00,Station_15,32.333527820687195,-90.76847843233473,Agricultural,20.24,32.76,14.85,113.22,4,980.89,0.44
2022-01-01 13:15:00,Station_15,37.53201691864638,-61.782406835376875,Forest,18.84,76.8,14.1,772.71,10,998.29,0.86
2022-01-01 13:20:00,Station_15,35.500864281833074,-76.0531470029481,Barren,28.17,68.36,0.58,791.94,0,998.33,0.22
2022-01-01 13:25:00,Station_15,38.33904489142472,-102.78322771824051,Forest,9.19,44.83,1.72,517.04,3,1000.25,0.31
2022-01-01 13:30:00,Station_15,31.569144545702947,-72.18284579918708,Barren,10.95,85.51,8.14,281.79,1,1030.24,0.28
2022-01-01 13:35:00,Station_15,46.93292904100871,-91.79917981862579,Forest,-9.78,49.41,3.24,678.35,7,1004.99,0.42
2022-01-01 13:40:00,Station_15,34.67798411391486,-70.76642736682547,Barren,22.65,88.68,4.69,994.77,2,1034.25,0.82
2022-01-01 13:45:00,Station_15,27.69992670856645,-108.60597231100616,Agricultural,10.26,49.32,14.53,853.15,0,1012.1,0.64
2022-01-01 13:50:00,Station_15,30.568549420163855,-102.54080864544778,Urban,5.8,59.06,11.11,656.31,2,999.45,0.42
2022-01-01 13:55:00,Station_15,48.0651046548095,-101.18228769805826,Agricultural,31.03,41.1,1.48,262.0,3,1031.23,0.31
2022-01-01 14:00:00,Station_15,31.899352638286516,-71.04588893221003,Agricultural,9.14,70.68,1.69,157.51,0,1038.16,0.14
2022-01-01 14:05:00,Station_15,32.03831577580529,-105.41280919460702,Water,14.9,52.3,10.08,798.83,10,1034.07,0.25
2022-01-01 14:10:00,Station_15,49.88598832403309,-97.81404160050712,Urban,32.29,80.94,12.76,841.78,4,991.62,0.51
2022-01-01 14:15:00,Station_15,47.227836916588934,-69.2669379941348,Water,31.63,86.33,5.34,499.09,3,997.55,0.21
2022-01-01 14:20:00,Station_15,47.2037165193992,-73.31671031325158,Agricultural,32.79,83.62,9.49,731.42,10,1004.08,0.45
2022-01-01 14:25:00,Station_15,44.30703758389288,-82.9052535596549,Water,-0.28,74.84,1.35,596.14,1,1046.11,0.63
2022-01-01 14:30:00,Station_15,27.52900005704078,-86.8349097648692,Agricultural,6.76,85.69,4.34,431.19,8,1009.86,0.9
2022-01-01 14:35:00,Station_15,44.758267681484554,-118.49346483954606,Urban,2.8,30.07,0.41,242.13,9,1013.85,0.52
2022-01-01 14:40:00,Station_15,27.32626442494377,-85.67637719683421,Urban,-3.96,63.52,5.49,312.49,0,985.44,0.12
2022-01-01 14:45:00,Station_15,31.479244221312324,-87.36654665122256,Water,34.01,31.01,11.35,798.11,6,1049.96,0.74
2022-01-01 14:50:00,Station_15,43.71722865429847,-112.48891627148542,Forest,7.56,72.21,13.43,876.18,4,992.06,0.79
2022-01-01 14:55:00,Station_15,31.219986056516003,-111.95274165579173,Agricultural,6.58,58.19,6.46,871.69,0,986.64,0.54
2022-01-01 15:00:00,Station_15,43.424122491682624,-123.30724817390507,Agricultural,27.71,43.36,6.79,646.17,2,991.48,0.3
2022-01-01 15:05:00,Station_15,25.514586703685247,-85.79705409643975,Urban,30.93,75.69,13.17,499.83,3,984.4,0.82
2022-01-01 15:10:00,Station_15,31.415895232690367,-89.44020868489778,Forest,22.55,45.44,5.11,329.14,8,1038.88,0.51
2022-01-01 15:15:00,Station_15,42.685705415841625,-62.56201215987574,Agricultural,-8.1,61.48,9.57,463.09,0,1021.95,0.73
2022-01-01 15:20:00,Station_15,33.22851520398563,-78.64454808416525,Agricultural,22.79,84.07,7.16,884.42,2,993.93,0.1
2022-01-01 15:25:00,Station_15,40.48271610703682,-69.49819013737338,Urban,15.52,50.86,10.17,623.97,6,1017.83,0.16
2022-01-01 15:30:00,Station_15,46.755350303916835,-85.44612530266852,Agricultural,-4.7,36.17,13.33,911.54,0,1010.31,0.68
2022-01-01 15:35:00,Station_15,49.485518330904796,-80.11518639767604,Forest,-5.4,65.19,14.85,938.24,2,981.8,0.24
2022-01-01 15:40:00,Station_15,43.55177718638266,-77.29798181653771,Forest,14.31,35.45,4.7,595.14,5,1048.0,0.17
2022-01-01 15:45:00,Station_15,40.93725553078228,-61.302500125803604,Agricultural,8.48,57.91,8.33,332.62,7,1007.71,0.22
2022-01-01 15:50:00,Station_15,48.021084353573045,-84.81657706310122,Forest,19.07,69.31,8.74,951.74,0,988.62,0.67
2022-01-01 15:55:00,Station_15,37.83352511623608,-111.02484784409187,Urban,22.49,88.91,8.75,676.67,8,1002.32,0.76
2022-01-01 16:00:00,Station_15,37.7570812263548,-124.44644397319325,Agricultural,9.34,67.23,4.77,616.06,8,1022.9,0.87
2022-01-01 16:05:00,Station_15,29.91028613091926,-98.62418674276168,Barren,2.18,52.95,10.5,413.16,3,992.54,0.39
2022-01-01 16:10:00,Station_15,46.043130272866904,-89.80468832606697,Water,26.57,74.99,6.59,371.61,9,1000.43,0.5
2022-01-01 16:15:00,Station_15,35.01181229381436,-122.98643036368472,Agricultural,-3.42,73.61,8.41,801.2,2,1042.07,0.75
2022-01-01 16:20:00,Station_15,43.570357436969545,-102.44634058141776,Barren,29.96,30.94,1.36,132.93,9,1008.43,0.54
2022-01-01 16:25:00,Station_15,49.317838983870004,-109.131672398626,Water,28.33,42.47,1.84,764.14,10,1009.29,0.12
2022-01-01 16:30:00,Station_15,41.94065369180654,-107.55688022179044,Urban,11.1,81.68,4.73,408.45,3,998.96,0.26
2022-01-01 16:35:00,Station_15,41.520100495061484,-104.38773348736248,Barren,-0.97,33.27,6.91,384.98,0,1021.05,0.34
2022-01-01 16:40:00,Station_15,43.77876863886436,-108.2906988743974,Water,28.37,32.73,12.36,623.71,5,1020.65,0.58
2022-01-01 16:45:00,Station_15,27.04197152647088,-63.028271713424935,Agricultural,-6.18,51.01,14.23,821.69,3,991.89,0.22
2022-01-01 16:50:00,Station_15,39.83175638031632,-77.99958118762697,Forest,8.77,82.52,8.67,620.59,1,1044.78,0.73
2022-01-01 16:55:00,Station_15,32.34770782800142,-88.57422728050744,Forest,9.83,34.19,8.48,292.36,0,986.78,0.85
2022-01-01 17:00:00,Station_15,45.31335383472179,-99.9658793346266,Barren,34.17,67.51,6.37,945.63,4,988.87,0.6
2022-01-01 17:05:00,Station_15,49.0908240787842,-123.03592409148224,Urban,2.53,68.03,12.38,773.87,0,1020.35,0.84
2022-01-01 17:10:00,Station_15,46.14165780123966,-94.36682629785227,Water,-0.67,41.72,4.97,226.55,9,1005.07,0.34
2022-01-01 17:15:00,Station_15,36.93272737356345,-85.28315358025543,Urban,7.76,50.07,0.94,546.34,4,1017.24,0.38
2022-01-01 17:20:00,Station_15,30.72055085503442,-75.64985896984149,Forest,24.71,78.78,7.08,436.09,5,1010.51,0.64
2022-01-01 17:25:00,Station_15,31.9584498469476,-78.52086331070765,Water,-9.17,83.14,8.14,204.48,2,1042.65,0.16
2022-01-01 17:30:00,Station_15,34.401725878099825,-103.21048144441224,Barren,4.87,52.66,4.36,471.93,2,1045.75,0.52
2022-01-01 17:35:00,Station_15,34.058235108306924,-117.39036716061828,Barren,-6.28,81.7,13.48,774.81,4,994.55,0.34
2022-01-01 17:40:00,Station_15,37.97946967874841,-121.48296736877028,Water,7.13,36.43,1.1,458.37,6,1027.07,0.55
2022-01-01 17:45:00,Station_15,40.06625993198698,-63.897820309099124,Water,27.96,50.78,11.17,193.17,5,985.3,0.32
2022-01-01 17:50:00,Station_15,48.202623684241175,-93.82808490310565,Urban,9.48,75.57,6.8,842.88,1,1033.59,0.3
2022-01-01 17:55:00,Station_15,46.81349776907102,-60.32402182304625,Water,6.1,58.36,13.06,578.74,4,1033.89,0.59
2022-01-01 18:00:00,Station_15,37.26377026562101,-113.02273041795108,Barren,4.71,36.4,6.84,948.41,7,1027.15,0.54
2022-01-01 18:05:00,Station_15,31.448947777921315,-102.72283674921928,Water,-6.25,32.75,4.23,897.33,10,1031.38,0.57
2022-01-01 18:10:00,Station_15,37.5882745890245,-91.43218522315838,Water,-6.58,32.31,13.38,130.2,2,988.2,0.18
2022-01-01 18:15:00,Station_15,37.71278421002816,-118.98224164124991,Forest,19.38,38.35,14.96,605.23,7,1011.77,0.15
2022-01-01 18:20:00,Station_15,49.79336802512064,-88.35998363108308,Agricultural,24.24,65.68,10.65,971.9,2,1002.86,0.5
2022-01-01 18:25:00,Station_15,32.52805559810521,-71.79769212555803,Barren,12.1,60.91,11.31,632.73,1,1042.81,0.3
2022-01-01 18:30:00,Station_15,31.536302069171313,-83.03661616862658,Urban,19.38,83.31,8.89,671.93,8,1031.44,0.11
2022-01-01 18:35:00,Station_15,44.846596133626534,-69.39261384361922,Agricultural,16.28,64.66,6.74,177.6,7,1033.17,0.45
2022-01-01 18:40:00,Station_15,46.38056643954916,-112.85170950650544,Water,-7.93,46.01,3.26,811.86,5,1039.64,0.17
2022-01-01 18:45:00,Station_15,36.53305003861924,-85.57694323003547,Forest,1.63,63.43,1.94,711.37,2,1011.0,0.8
2022-01-01 18:50:00,Station_15,43.8965074773574,-64.93238604366633,Agricultural,2.94,89.09,4.61,279.77,5,1031.69,0.72
2022-01-01 18:55:00,Station_15,45.803482224698115,-83.89425320221541,Water,-7.7,30.18,3.57,907.26,4,1000.06,0.14
2022-01-01 19:00:00,Station_15,46.826485055854675,-103.0603223228463,Urban,24.88,85.96,14.7,106.54,9,1046.75,0.36
2022-01-01 19:05:00,Station_15,32.22218296890419,-98.24562317266934,Water,16.36,69.67,6.43,907.7,3,1028.66,0.54
2022-01-01 19:10:00,Station_15,32.66643631086385,-66.03748738617217,Urban,34.41,84.34,12.46,621.51,4,1004.79,0.35
2022-01-01 19:15:00,Station_15,28.18214783435897,-81.69126311726741,Water,13.4,80.47,6.08,755.06,4,1023.04,0.74
2022-01-01 19:20:00,Station_15,29.817644787269927,-99.59124349945729,Barren,-6.97,76.77,3.62,683.31,2,1003.04,0.82
2022-01-01 19:25:00,Station_15,35.18341196192131,-92.70325571711447,Water,10.07,38.74,1.18,278.6,6,1000.33,0.57
2022-01-01 19:30:00,Station_15,40.963289983659244,-114.43074462906422,Agricultural,17.58,57.96,9.95,816.61,8,1026.51,0.66
2022-01-01 19:35:00,Station_15,30.69429506462496,-117.36394607441424,Barren,9.31,54.57,6.5,898.2,4,1013.48,0.24
2022-01-01 19:40:00,Station_15,27.10929157216109,-122.67421227910476,Water,-7.74,43.63,8.85,753.34,5,1032.01,0.23
2022-01-01 19:45:00,Station_15,27.273554202018303,-95.11253175583079,Barren,31.18,88.69,12.83,789.54,10,983.3,0.36
2022-01-01 19:50:00,Station_15,42.8639426456764,-78.14737850138891,Agricultural,28.79,86.04,13.7,428.3,8,1001.9,0.89
2022-01-01 19:55:00,Station_15,46.43077015266131,-69.24282913782035,Urban,8.85,82.05,7.05,999.38,7,1004.62,0.54
2022-01-01 20:00:00,Station_15,28.621792169067376,-74.04316799796116,Agricultural,24.81,73.96,2.29,645.62,4,1025.06,0.56
2022-01-01 20:05:00,Station_15,46.49824676384361,-64.11376834005034,Agricultural,9.84,50.84,5.56,239.36,6,1043.43,0.17
2022-01-01 20:10:00,Station_15,28.910881736614876,-66.6014783791264,Barren,23.67,38.15,4.29,934.87,6,1041.62,0.74
2022-01-01 20:15:00,Station_15,36.56429006487355,-121.92813665812929,Forest,11.96,69.76,2.54,258.98,1,1027.93,0.22
2022-01-01 20:20:00,Station_15,47.4876271097681,-100.96902775891905,Water,10.65,51.07,0.59,973.87,5,1032.02,0.53
2022-01-01 20:25:00,Station_15,43.261103079086226,-61.01148487900673,Barren,15.7,65.93,8.8,866.18,9,1046.15,0.24
2022-01-01 20:30:00,Station_15,31.43045696599103,-116.35465354991597,Water,11.68,61.76,6.54,521.63,5,1028.97,0.59
2022-01-01 20:35:00,Station_15,38.2906868213445,-105.06913143030164,Agricultural,10.98,41.96,10.06,941.59,9,1048.96,0.19
2022-01-01 20:40:00,Station_15,25.434041330422367,-98.61662411625687,Forest,6.93,83.06,0.8,990.37,7,985.19,0.21
2022-01-01 20:45:00,Station_15,41.45762847868636,-106.46851616175195,Forest,29.02,79.99,5.92,775.2,6,983.21,0.17
2022-01-01 20:50:00,Station_15,49.00825256250242,-87.9636079114753,Barren,25.34,34.67,5.88,481.4,4,989.0,0.65
2022-01-01 20:55:00,Station_15,33.308880030102586,-67.70960042029186,Barren,33.82,51.87,11.13,588.44,0,1026.12,0.36
2022-01-01 21:00:00,Station_15,30.640357798841727,-98.15869341269055,Water,-9.25,66.42,11.98,436.15,9,1017.01,0.56
2022-01-01 21:05:00,Station_15,40.80590201023874,-88.74842242537332,Barren,21.83,81.01,14.55,285.79,3,1023.26,0.29
2022-01-01 21:10:00,Station_15,34.13223998468971,-106.56074574931233,Agricultural,-3.51,50.67,3.1,140.27,1,1011.13,0.38
2022-01-01 21:15:00,Station_15,48.13791257223847,-90.52259223547749,Urban,27.33,50.72,9.52,455.34,9,1012.07,0.59
2022-01-01 21:20:00,Station_15,32.434667724358846,-81.71601208923025,Agricultural,18.85,79.54,10.82,416.58,9,1008.15,0.52
2022-01-01 21:25:00,Station_15,34.259043501242076,-104.38418676328185,Water,-9.22,71.27,1.56,332.4,6,1016.29,0.64
2022-01-01 21:30:00,Station_15,48.31397975362971,-81.05278265576862,Barren,32.66,62.71,0.59,561.86,2,1047.14,0.15
2022-01-01 21:35:00,Station_15,34.1116591951126,-112.94445603063171,Water,0.53,68.38,14.25,520.64,10,1047.01,0.87
2022-01-01 21:40:00,Station_15,28.185242696702485,-82.28368574724138,Urban,-4.82,36.69,4.53,866.34,1,1033.86,0.59
2022-01-01 21:45:00,Station_15,37.89014866443648,-67.14581144787118,Urban,7.61,36.16,12.05,590.07,4,1048.22,0.59
2022-01-01 21:50:00,Station_15,31.357098450793423,-79.61218019947873,Urban,30.84,81.22,8.03,589.78,6,988.73,0.69
2022-01-01 21:55:00,Station_15,41.566214751842786,-77.59319725265955,Urban,-0.32,36.03,14.19,473.75,4,1043.08,0.21
2022-01-01 22:00:00,Station_15,46.68047959039222,-89.91470486099784,Barren,-0.7,42.74,4.42,999.83,6,999.23,0.65
2022-01-01 22:05:00,Station_15,43.29621346307161,-90.59347590156182,Water,22.45,81.55,8.83,291.99,2,1008.96,0.85
2022-01-01 22:10:00,Station_15,38.32204974336024,-60.34207331081031,Barren,9.45,72.93,2.48,763.61,4,990.36,0.45
2022-01-01 22:15:00,Station_15,32.63393978896206,-61.63403774685629,Agricultural,12.24,44.11,2.82,227.57,9,995.71,0.34
2022-01-01 22:20:00,Station_15,33.77790763238111,-70.16579296990179,Water,-9.12,67.08,9.76,370.72,6,986.27,0.33
2022-01-01 22:25:00,Station_15,46.5541429326186,-107.71063301877956,Forest,20.61,55.6,0.19,983.56,10,987.36,0.58
2022-01-01 22:30:00,Station_15,30.880628965190553,-86.57743831104501,Barren,24.66,44.51,12.52,250.94,4,1004.82,0.33
2022-01-01 22:35:00,Station_15,46.518452088427196,-113.0528553078418,Barren,9.17,44.58,2.8,833.34,5,982.77,0.25
2022-01-01 22:40:00,Station_15,39.51009817182478,-95.38055555239636,Water,-5.16,77.71,5.84,683.41,5,1011.97,0.41
2022-01-01 22:45:00,Station_15,30.866031409510818,-95.19613271337232,Agricultural,5.22,88.95,13.78,586.56,9,1047.25,0.38
2022-01-01 22:50:00,Station_15,38.34245723820043,-103.68566214247743,Barren,32.34,70.17,1.89,373.08,0,985.16,0.11
2022-01-01 22:55:00,Station_15,45.4051991210226,-81.48117705289461,Forest,32.47,53.91,4.25,204.34,10,1024.09,0.14
2022-01-01 23:00:00,Station_15,27.30268988638928,-109.20241058639772,Urban,20.59,32.16,0.79,862.36,9,1026.03,0.27
2022-01-01 23:05:00,Station_15,38.588640490614466,-98.92969486634468,Water,14.05,62.76,2.65,689.72,4,1022.31,0.14
2022-01-01 23:10:00,Station_15,25.81732565490131,-102.99587796085481,Barren,12.99,72.67,9.15,121.05,8,1017.54,0.12
2022-01-01 23:15:00,Station_15,49.01230660189374,-116.22412042513575,Agricultural,29.04,60.33,7.76,983.65,6,984.46,0.58
2022-01-01 23:20:00,Station_15,33.94119243290746,-91.7086731238957,Urban,2.23,36.52,9.86,275.04,1,1011.21,0.64
2022-01-01 23:25:00,Station_15,35.67564479314811,-66.99957335143722,Water,9.3,85.34,11.15,676.82,2,1037.9,0.67
2022-01-01 23:30:00,Station_15,35.48844466300994,-104.24402384380963,Barren,20.74,78.54,9.39,178.41,2,1040.26,0.51
2022-01-01 23:35:00,Station_15,48.359030169901416,-70.44160884283713,Water,11.19,58.38,4.42,815.03,0,995.08,0.54
2022-01-01 23:40:00,Station_15,27.169932009482572,-106.40257015560138,Water,14.62,59.23,4.36,905.41,5,1037.51,0.17
2022-01-01 23:45:00,Station_15,41.95941927253541,-92.77720679957966,Forest,-8.71,74.52,0.56,969.09,3,1004.75,0.42
2022-01-01 23:50:00,Station_15,32.333762249553025,-76.48899739174294,Agricultural,0.7,34.31,5.95,915.29,8,995.02,0.67
2022-01-01 23:55:00,Station_15,35.72131725145027,-63.52694354886662,Agricultural,17.94,84.76,5.43,286.91,4,1006.26,0.17
2022-01-01 00:00:00,Station_16,36.406389441870424,-71.2614747548422,Urban,-5.51,74.64,4.74,145.94,6,1045.75,0.1
2022-01-01 00:05:00,Station_16,41.51886567391631,-60.1780848517039,Forest,-2.88,61.04,4.91,751.97,1,1047.73,0.45
2022-01-01 00:10:00,Station_16,26.951396177701476,-99.61163241129364,Agricultural,1.46,47.2,7.01,136.43,0,1021.06,0.63
2022-01-01 00:15:00,Station_16,38.858484570850074,-73.51214610684215,Forest,-4.98,56.27,9.79,820.45,0,1044.33,0.84
2022-01-01 00:20:00,Station_16,39.37969443277165,-91.09966137159097,Barren,17.47,43.04,13.96,801.37,8,1037.53,0.42
2022-01-01 00:25:00,Station_16,45.55946895068536,-120.66447365789523,Agricultural,8.25,37.94,13.92,600.03,9,1034.88,0.13
2022-01-01 00:30:00,Station_16,44.790892376005644,-72.85767362099476,Agricultural,7.43,59.37,14.76,245.25,6,1043.03,0.65
2022-01-01 00:35:00,Station_16,34.835890794605874,-83.18283854750494,Urban,33.4,63.48,3.19,947.3,7,1023.11,0.26
2022-01-01 00:40:00,Station_16,29.125080155430915,-86.95315388535103,Agricultural,16.04,68.64,2.35,124.78,10,1003.07,0.25
2022-01-01 00:45:00,Station_16,41.474808738449674,-69.29361850417058,Barren,23.74,89.95,7.33,816.77,5,1022.75,0.77
2022-01-01 00:50:00,Station_16,25.909303556867826,-120.83518593010791,Forest,5.09,67.18,0.0,347.83,5,997.37,0.27
2022-01-01 00:55:00,Station_16,37.14975533312868,-116.64568529348898,Urban,5.76,77.49,8.96,964.35,2,1010.85,0.33
2022-01-01 01:00:00,Station_16,38.52024677312531,-92.87533260763638,Barren,5.75,75.63,6.05,678.88,7,1043.5,0.29
2022-01-01 01:05:00,Station_16,39.654593875658534,-110.00314579740831,Agricultural,-1.52,39.07,13.35,314.37,8,1044.15,0.47
2022-01-01 01:10:00,Station_16,39.328287233072956,-108.2519725056418,Forest,-4.47,46.21,11.22,429.11,7,981.72,0.65
2022-01-01 01:15:00,Station_16,36.124060158006984,-101.71274356115245,Forest,20.68,69.44,12.94,156.2,8,980.89,0.54
2022-01-01 01:20:00,Station_16,43.24004565284824,-112.13664846198895,Barren,25.39,37.91,1.57,345.58,7,1018.08,0.63
2022-01-01 01:25:00,Station_16,47.12174559330986,-101.9416922842116,Agricultural,0.51,84.45,2.42,781.18,0,1010.26,0.75
2022-01-01 01:30:00,Station_16,35.002640849923026,-63.8731041625839,Urban,23.25,82.91,3.26,811.2,9,1007.08,0.52
2022-01-01 01:35:00,Station_16,41.044426252703275,-62.185603811885436,Urban,-9.93,84.34,0.77,769.18,4,1023.16,0.59
2022-01-01 01:40:00,Station_16,35.94572833403086,-77.36954320292463,Water,7.06,87.56,12.4,592.9,4,1005.46,0.34
2022-01-01 01:45:00,Station_16,35.61509201873473,-80.81777712547894,Urban,20.34,71.7,0.13,907.04,5,1009.75,0.81
2022-01-01 01:50:00,Station_16,28.527687854889336,-123.50671820501665,Barren,28.09,30.11,1.15,423.36,3,1025.1,0.68
2022-01-01 01:55:00,Station_16,49.42011299795298,-75.48321285208962,Forest,18.0,38.26,9.13,958.04,9,1043.06,0.9
2022-01-01 02:00:00,Station_16,25.07007206029217,-74.47480434043675,Water,34.43,46.74,3.51,898.61,6,1008.09,0.65
2022-01-01 02:05:00,Station_16,43.2605965876767,-108.81181286197742,Water,-9.42,34.9,5.66,890.0,2,1011.42,0.75
2022-01-01 02:10:00,Station_16,47.13622592065391,-64.52898901124925,Urban,24.04,62.19,11.49,998.81,8,1030.18,0.89
2022-01-01 02:15:00,Station_16,46.88915057317173,-61.3568007827868,Urban,27.53,69.72,2.38,936.02,9,992.4,0.37
2022-01-01 02:20:00,Station_16,41.70807614381101,-85.92696280668676,Water,4.64,31.85,1.92,683.12,2,1047.25,0.82
2022-01-01 02:25:00,Station_16,43.125270326537034,-80.55922698136496,Forest,-1.7,65.1,2.62,729.46,2,1037.86,0.28
2022-01-01 02:30:00,Station_16,45.34038720130454,-106.14813086686848,Forest,-8.6,54.18,5.83,806.51,8,1023.46,0.59
2022-01-01 02:35:00,Station_16,40.300522890523936,-87.46123707744945,Water,-1.44,41.98,8.2,406.13,6,1009.93,0.18
2022-01-01 02:40:00,Station_16,29.80208548794611,-88.07648714620791,Forest,16.87,83.27,14.76,326.46,7,1046.85,0.36
2022-01-01 02:45:00,Station_16,44.54784831974108,-82.54074172199941,Water,-4.03,67.05,10.44,168.1,4,1025.66,0.18
2022-01-01 02:50:00,Station_16,32.679574693184165,-124.86755782272621,Agricultural,7.78,83.46,8.26,416.13,3,986.55,0.53
2022-01-01 02:55:00,Station_16,42.4339912333635,-116.75404358986071,Urban,30.37,52.04,0.09,765.09,1,996.37,0.32
2022-01-01 03:00:00,Station_16,30.134679281933582,-60.99241787112015,Water,-6.79,38.85,2.71,637.01,2,1043.99,0.81
2022-01-01 03:05:00,Station_16,43.27776580704726,-70.05516763780886,Water,18.87,83.21,8.03,767.48,0,1000.61,0.41
2022-01-01 03:10:00,Station_16,41.22916982370909,-77.82810696485947,Barren,11.87,81.67,2.28,192.99,0,1007.58,0.67
2022-01-01 03:15:00,Station_16,39.68994979884278,-107.03175810189208,Urban,15.01,48.48,5.44,100.81,0,1006.85,0.74
2022-01-01 03:20:00,Station_16,30.125209137017563,-105.3042135567931,Water,24.41,48.02,2.96,709.54,0,1008.04,0.71
2022-01-01 03:25:00,Station_16,33.841455644114106,-93.38426903914208,Urban,4.77,60.37,4.41,116.1,8,1007.34,0.24
2022-01-01 03:30:00,Station_16,39.121249022699246,-108.4530787078993,Agricultural,8.23,84.62,9.35,402.86,9,1026.76,0.44
2022-01-01 03:35:00,Station_16,41.538073423989644,-117.84515097571462,Urban,-0.26,59.78,0.48,151.29,0,981.89,0.7
2022-01-01 03:40:00,Station_16,46.47764290040223,-64.95888419883107,Agricultural,31.58,59.59,3.43,799.0,1,1031.47,0.49
2022-01-01 03:45:00,Station_16,26.382774910416053,-91.0837474713152,Forest,-9.22,84.74,10.75,100.8,9,1019.55,0.44
2022-01-01 03:50:00,Station_16,36.413646408054156,-121.54767330056907,Urban,20.81,88.93,8.82,422.05,3,1035.32,0.6
2022-01-01 03:55:00,Station_16,49.869424852172926,-100.61353745653358,Urban,22.78,39.64,6.9,784.42,1,1021.69,0.15
2022-01-01 04:00:00,Station_16,29.87015964426911,-100.69845162729176,Forest,-6.5,34.64,8.61,440.71,2,1035.22,0.7
2022-01-01 04:05:00,Station_16,35.967045702206,-87.49095972142584,Water,-4.31,56.87,11.86,164.4,5,990.26,0.42
2022-01-01 04:10:00,Station_16,30.11953791793926,-64.23655536637372,Urban,26.72,30.58,4.81,437.06,10,988.92,0.74
2022-01-01 04:15:00,Station_16,46.937068631512886,-81.98756362743237,Barren,25.32,40.13,1.85,972.24,1,989.48,0.83
2022-01-01 04:20:00,Station_16,27.714902152683806,-78.85055323078882,Barren,-6.77,88.83,12.58,714.8,2,997.6,0.56
2022-01-01 04:25:00,Station_16,26.911411342835898,-81.5120781984842,Forest,7.62,72.21,6.02,156.27,1,1041.28,0.13
2022-01-01 04:30:00,Station_16,31.343545615689912,-102.81034305509029,Water,30.44,36.18,7.71,522.81,7,988.49,0.12
2022-01-01 04:35:00,Station_16,28.352814238587285,-104.94914621322486,Urban,-6.09,78.53,3.44,842.18,1,1008.14,0.87
2022-01-01 04:40:00,Station_16,31.62889576276811,-97.41032229183618,Water,16.31,43.23,14.87,343.1,5,990.02,0.49
2022-01-01 04:45:00,Station_16,29.3508433527145,-85.450259219675,Agricultural,11.96,30.75,5.86,825.34,5,1024.56,0.47
2022-01-01 04:50:00,Station_16,32.112933588868984,-83.55715429004059,Urban,-3.09,88.87,13.12,667.86,7,1037.62,0.21
2022-01-01 04:55:00,Station_16,36.53579049950484,-111.81476936650506,Urban,8.75,33.45,12.08,592.5,1,1042.57,0.81
2022-01-01 05:00:00,Station_16,39.01607419840315,-109.88579825798546,Barren,-1.79,48.63,13.24,182.86,10,1005.84,0.65
2022-01-01 05:05:00,Station_16,44.7925745432739,-94.27850484041434,Urban,17.72,38.02,4.77,168.9,9,1005.32,0.12
2022-01-01 05:10:00,Station_16,41.19148421704762,-71.76115373808705,Agricultural,32.86,61.34,0.38,509.03,0,1000.56,0.22
2022-01-01 05:15:00,Station_16,39.88341878679872,-60.95132986794198,Forest,7.83,47.43,11.25,922.27,9,1029.39,0.45
2022-01-01 05:20:00,Station_16,34.433345832496144,-119.05854227170948,Forest,30.75,74.93,3.55,359.87,6,1024.48,0.35
2022-01-01 05:25:00,Station_16,31.538810434610475,-122.63079996785987,Forest,4.9,72.11,10.29,970.89,0,1030.53,0.33
2022-01-01 05:30:00,Station_16,39.503495205033076,-82.06810051729636,Water,25.94,46.1,10.95,153.99,9,1030.37,0.75
2022-01-01 05:35:00,Station_16,32.13609685946567,-123.48417310414234,Water,9.54,80.7,4.84,304.79,4,1026.36,0.61
2022-01-01 05:40:00,Station_16,43.359687263629255,-115.74745528321526,Barren,22.95,42.88,8.45,542.1,8,1011.88,0.3
2022-01-01 05:45:00,Station_16,33.69679577097929,-96.62154396237882,Water,9.76,70.94,0.53,296.96,10,1014.39,0.31
2022-01-01 05:50:00,Station_16,38.228917825293166,-107.8383575515239,Agricultural,3.45,48.13,3.03,296.58,3,994.56,0.37
2022-01-01 05:55:00,Station_16,32.431687615687515,-91.88992316427198,Forest,31.26,47.12,2.83,658.41,10,980.75,0.26
2022-01-01 06:00:00,Station_16,28.402997297934153,-114.93958030766176,Water,-4.07,71.95,13.66,932.39,1,989.21,0.39
2022-01-01 06:05:00,Station_16,44.33020646544277,-92.26441888410983,Agricultural,23.81,74.79,14.01,621.24,1,1002.91,0.41
2022-01-01 06:10:00,Station_16,29.786665343097926,-74.08624170280115,Barren,34.43,42.34,10.78,392.29,8,1041.03,0.52
2022-01-01 06:15:00,Station_16,46.30832239978122,-84.42856659288447,Barren,14.84,44.21,10.25,325.94,10,1008.05,0.56
2022-01-01 06:20:00,Station_16,44.965837510389036,-92.37554986147954,Forest,5.35,73.72,1.1,837.69,10,999.95,0.37
2022-01-01 06:25:00,Station_16,34.89204355508514,-105.94131711643104,Barren,-4.34,33.63,3.76,749.19,9,1037.82,0.73
2022-01-01 06:30:00,Station_16,38.15597832059076,-106.23106879995271,Agricultural,5.07,70.02,14.35,724.3,8,1012.71,0.51
2022-01-01 06:35:00,Station_16,43.39721957537586,-99.89727448573086,Forest,20.0,67.39,0.89,880.38,1,986.88,0.26
2022-01-01 06:40:00,Station_16,34.28833590298206,-97.18172048116456,Urban,7.23,31.81,2.77,363.62,8,994.49,0.43
2022-01-01 06:45:00,Station_16,30.643815098689856,-72.61665237133474,Agricultural,-0.92,30.11,4.53,362.79,0,1042.17,0.45
2022-01-01 06:50:00,Station_16,36.5583438526382,-115.26222292486214,Urban,1.93,52.12,14.33,282.11,9,1005.6,0.56
2022-01-01 06:55:00,Station_16,36.46922797118212,-121.72453968522186,Forest,14.19,65.61,13.14,310.48,5,1027.07,0.79
2022-01-01 07:00:00,Station_16,39.30745533657934,-93.87702481905751,Forest,17.33,72.52,0.82,895.24,9,1007.79,0.73
2022-01-01 07:05:00,Station_16,37.7881775390079,-66.02142197483374,Forest,14.55,88.87,8.62,564.54,10,1026.35,0.76
2022-01-01 07:10:00,Station_16,35.5135596574762,-109.05757420095819,Urban,25.55,59.05,14.36,744.62,2,1047.22,0.68
2022-01-01 07:15:00,Station_16,36.26687391572725,-100.55230606924867,Urban,28.71,43.17,5.46,258.47,0,1047.14,0.15
2022-01-01 07:20:00,Station_16,26.013415928078455,-68.83467727111818,Water,34.81,80.95,9.9,349.17,0,982.29,0.38
2022-01-01 07:25:00,Station_16,48.88639746428443,-63.31270952605294,Barren,-9.73,63.43,4.56,567.85,3,997.14,0.66
2022-01-01 07:30:00,Station_16,44.83856077890454,-60.62754234996133,Urban,18.51,56.84,3.04,160.04,3,1003.0,0.51
2022-01-01 07:35:00,Station_16,26.4426497399252,-60.06814442372361,Forest,25.38,58.4,0.75,277.76,8,1047.6,0.77
2022-01-01 07:40:00,Station_16,26.934950343030312,-69.0176301791635,Water,-9.07,78.59,8.23,669.72,4,993.94,0.33
2022-01-01 07:45:00,Station_16,41.61689887338319,-119.97867267495293,Forest,29.52,88.18,9.13,906.37,9,1017.23,0.4
2022-01-01 07:50:00,Station_16,31.149180264978487,-115.85063873824126,Water,0.54,60.8,3.38,551.17,0,985.36,0.7
2022-01-01 07:55:00,Station_16,35.99984564821067,-66.72011875363575,Urban,14.5,58.25,14.44,155.74,2,983.78,0.12
2022-01-01 08:00:00,Station_16,33.306589963165216,-61.9988231353259,Barren,23.67,49.24,9.85,793.23,10,981.21,0.89
2022-01-01 08:05:00,Station_16,33.58824359100254,-97.26506512409362,Water,22.83,88.42,5.24,610.08,3,1008.2,0.26
2022-01-01 08:10:00,Station_16,28.13409306048632,-124.76135686801692,Forest,9.28,88.51,4.96,197.66,1,1034.45,0.41
2022-01-01 08:15:00,Station_16,30.637338825359976,-81.16913827820163,Agricultural,32.73,54.45,8.6,989.02,1,1045.17,0.42
2022-01-01 08:20:00,Station_16,47.98861943493548,-66.44968892421912,Agricultural,34.69,60.56,9.12,455.48,10,1032.14,0.31
2022-01-01 08:25:00,Station_16,33.019433880488144,-81.6472736359058,Agricultural,7.99,89.21,4.62,800.41,7,1021.8,0.21
2022-01-01 08:30:00,Station_16,36.87897914353055,-119.00561389982364,Urban,7.51,52.23,14.02,391.72,6,1044.03,0.68
2022-01-01 08:35:00,Station_16,42.82802156619783,-110.14160634860127,Agricultural,13.63,70.87,14.57,469.71,1,996.1,0.64
2022-01-01 08:40:00,Station_16,43.44006105217461,-93.18491068984733,Agricultural,31.79,81.94,13.62,529.96,3,1032.36,0.27
2022-01-01 08:45:00,Station_16,40.12843330911382,-66.67236776230726,Agricultural,18.45,37.03,12.88,480.96,10,981.46,0.55
2022-01-01 08:50:00,Station_16,39.85650454129948,-85.67711224127419,Forest,19.97,61.84,14.32,267.12,5,1012.57,0.72
2022-01-01 08:55:00,Station_16,37.267207919166765,-108.87022332939387,Urban,24.81,87.16,14.13,903.98,3,1011.26,0.17
2022-01-01 09:00:00,Station_16,33.39238235514005,-93.05462571682332,Forest,4.02,60.07,8.96,499.03,7,1048.05,0.68
2022-01-01 09:05:00,Station_16,28.239206031855165,-94.56842494514298,Urban,-3.24,80.94,10.34,409.25,4,1001.52,0.84
2022-01-01 09:10:00,Station_16,26.369070234279445,-61.99938068925416,Agricultural,21.69,52.39,10.64,899.41,0,1048.94,0.84
2022-01-01 09:15:00,Station_16,38.57742048310122,-120.83514349289884,Agricultural,13.47,89.09,6.07,272.17,1,981.65,0.84
2022-01-01 09:20:00,Station_16,38.859929102034556,-111.81847423511466,Urban,11.48,73.11,0.61,848.65,1,985.98,0.25
2022-01-01 09:25:00,Station_16,28.415509892701955,-117.59542491374008,Agricultural,8.48,54.03,3.64,290.03,2,1010.46,0.57
2022-01-01 09:30:00,Station_16,43.35393404842073,-85.73154010189964,Agricultural,19.94,67.01,13.62,576.56,7,1002.3,0.73
2022-01-01 09:35:00,Station_16,43.79458252622968,-89.5536728798452,Water,0.73,82.05,0.95,931.38,7,1001.47,0.23
2022-01-01 09:40:00,Station_16,34.93805191325925,-107.91864952302782,Forest,34.63,65.54,13.61,230.51,7,987.1,0.84
2022-01-01 09:45:00,Station_16,40.816280217999946,-79.35369956064045,Agricultural,32.55,36.14,9.12,680.05,0,1026.65,0.13
2022-01-01 09:50:00,Station_16,38.603320690822606,-111.7548169236238,Barren,-6.63,73.27,10.54,987.85,0,994.36,0.2
2022-01-01 09:55:00,Station_16,26.059132223031813,-65.6316024863354,Forest,10.37,55.99,2.85,955.14,0,1028.8,0.57
2022-01-01 10:00:00,Station_16,31.83666895861973,-104.02535210702027,Urban,28.48,80.3,5.92,888.64,10,1004.07,0.84
2022-01-01 10:05:00,Station_16,43.70625062492522,-92.21560185242623,Urban,4.45,47.16,10.31,418.27,2,1011.74,0.29
2022-01-01 10:10:00,Station_16,30.589334722422482,-109.73562826878964,Barren,-1.06,50.4,11.26,261.61,8,984.27,0.68
2022-01-01 10:15:00,Station_16,26.73634613095229,-118.95877406690592,Forest,9.57,58.8,7.71,654.55,2,1001.14,0.84
2022-01-01 10:20:00,Station_16,34.710201109145245,-124.53788255384652,Urban,32.59,49.36,5.79,787.13,9,997.29,0.27
2022-01-01 10:25:00,Station_16,42.06691320794209,-81.51935600935477,Barren,6.15,48.43,2.77,221.95,9,1044.58,0.23
2022-01-01 10:30:00,Station_16,34.684021799342574,-102.8390745239974,Urban,14.12,79.24,1.88,678.64,10,1006.83,0.84
2022-01-01 10:35:00,Station_16,28.048316565319116,-92.60333488788577,Agricultural,-7.36,47.27,3.55,348.41,8,984.34,0.7
2022-01-01 10:40:00,Station_16,49.137668017054516,-68.3659277026124,Barren,27.74,59.94,6.18,647.67,3,1020.54,0.28
2022-01-01 10:45:00,Station_16,27.984406238788296,-63.884230131016885,Forest,5.68,40.92,13.14,202.83,5,1039.29,0.41
2022-01-01 10:50:00,Station_16,38.82464163506654,-119.38806600930158,Agricultural,-2.12,32.71,9.29,573.47,6,1026.89,0.83
2022-01-01 10:55:00,Station_16,48.61816810016258,-60.67594332471816,Agricultural,-5.17,61.05,6.09,513.21,4,985.83,0.51
2022-01-01 11:00:00,Station_16,47.115573743672925,-115.78530101318981,Urban,-9.2,79.67,7.55,535.43,6,1008.09,0.52
2022-01-01 11:05:00,Station_16,30.47264230334615,-81.98495801203057,Water,17.24,83.24,0.94,918.5,4,1006.79,0.67
2022-01-01 11:10:00,Station_16,48.26270019331764,-113.7138565338509,Forest,2.99,52.07,5.92,728.73,10,1003.69,0.61
2022-01-01 11:15:00,Station_16,41.02472485332206,-108.00896828566917,Forest,-9.54,49.9,12.85,726.33,5,997.59,0.86
2022-01-01 11:20:00,Station_16,47.84100155519451,-76.90321673537687,Forest,13.22,87.64,5.54,721.9,10,1039.71,0.85
2022-01-01 11:25:00,Station_16,47.817046461287845,-112.42115212046723,Water,0.19,77.0,7.03,850.87,1,1013.7,0.44
2022-01-01 11:30:00,Station_16,27.509018091968592,-97.2171138681245,Agricultural,-8.8,33.31,6.91,668.65,4,1023.46,0.21
2022-01-01 11:35:00,Station_16,35.99255829060469,-99.36315767562292,Water,8.53,65.59,4.25,183.62,0,1035.25,0.49
2022-01-01 11:40:00,Station_16,46.51208566725042,-60.49581736344739,Barren,5.62,51.09,7.41,423.28,6,1011.23,0.17
2022-01-01 11:45:00,Station_16,38.41836745976031,-117.78346859302896,Agricultural,-8.69,72.44,9.42,377.34,2,996.71,0.56
2022-01-01 11:50:00,Station_16,25.256880599657674,-108.68430217388351,Barren,27.95,54.67,4.38,459.08,4,1038.86,0.8
2022-01-01 11:55:00,Station_16,28.390297909484953,-74.30623060321615,Agricultural,0.12,48.81,13.78,263.71,5,992.82,0.35
2022-01-01 12:00:00,Station_16,39.317541293316566,-113.21983819630975,Water,8.32,85.24,8.7,417.71,3,1041.91,0.38
2022-01-01 12:05:00,Station_16,36.3251993756588,-106.75422809174717,Forest,-8.4,35.29,7.55,669.65,9,1008.86,0.43
2022-01-01 12:10:00,Station_16,46.572312016501975,-115.90127425477642,Urban,10.22,82.41,10.63,376.08,0,1021.16,0.64
2022-01-01 12:15:00,Station_16,40.91366460098236,-71.23416615467568,Agricultural,16.02,88.03,13.94,696.45,10,1002.87,0.4
2022-01-01 12:20:00,Station_16,35.107400040304356,-116.08829446821669,Urban,31.6,75.93,4.01,643.62,10,1036.18,0.28
2022-01-01 12:25:00,Station_16,40.31702623235896,-121.5314795633572,Forest,27.25,81.81,13.0,249.96,4,1023.3,0.61
2022-01-01 12:30:00,Station_16,45.212572018728636,-124.54164745797166,Agricultural,31.16,76.24,9.48,587.87,4,1045.25,0.48
2022-01-01 12:35:00,Station_16,30.31573817442065,-105.4113576306454,Barren,32.02,35.61,5.6,407.16,4,983.11,0.14
2022-01-01 12:40:00,Station_16,34.132670173772055,-96.26027697214384,Barren,15.41,82.74,12.49,646.46,10,1005.08,0.67
2022-01-01 12:45:00,Station_16,49.19866287807353,-96.39561421268908,Water,32.49,46.09,9.25,877.88,9,1041.93,0.69
2022-01-01 12:50:00,Station_16,30.59087536947014,-90.85775545366198,Agricultural,8.19,30.06,4.01,868.74,10,1002.36,0.66
2022-01-01 12:55:00,Station_16,47.683401780284896,-91.69130306843499,Forest,3.72,54.3,3.46,548.66,1,984.74,0.21
2022-01-01 13:00:00,Station_16,26.72086138040222,-96.57604855924154,Agricultural,23.18,83.77,12.02,510.04,5,1022.39,0.18
2022-01-01 13:05:00,Station_16,47.24512868800835,-75.63678454929948,Barren,-1.88,38.05,4.08,708.91,1,1000.58,0.53
2022-01-01 13:10:00,Station_16,28.962880487549103,-71.11329573237009,Barren,33.39,51.1,12.44,704.56,5,1020.37,0.31
2022-01-01 13:15:00,Station_16,47.50808098402234,-77.0384842997341,Agricultural,25.19,76.35,1.24,600.7,2,1012.24,0.84
2022-01-01 13:20:00,Station_16,32.207559845619784,-95.18047120959707,Urban,33.23,81.78,7.5,158.82,8,997.02,0.81
2022-01-01 13:25:00,Station_16,37.68375175289299,-109.63587437964742,Agricultural,-9.43,56.63,3.75,991.54,7,981.71,0.66
2022-01-01 13:30:00,Station_16,39.50174300764037,-120.53350179508512,Forest,31.4,64.38,13.14,338.59,8,984.22,0.31
2022-01-01 13:35:00,Station_16,49.55422846846477,-77.99656912589461,Agricultural,33.59,48.5,12.13,148.89,5,1039.95,0.7
2022-01-01 13:40:00,Station_16,48.843898581586735,-71.37848513366848,Urban,29.56,85.18,13.93,849.78,5,1037.0,0.53
2022-01-01 13:45:00,Station_16,36.17436588159851,-77.6691335101377,Urban,24.34,43.86,13.72,705.44,6,1045.23,0.43
2022-01-01 13:50:00,Station_16,47.075367391671065,-102.7519042257106,Urban,31.81,66.07,4.04,435.64,8,1011.78,0.32
2022-01-01 13:55:00,Station_16,39.87895282286766,-75.23357675385165,Urban,3.77,42.77,2.28,947.54,3,1042.97,0.13
2022-01-01 14:00:00,Station_16,49.45202057678749,-116.10322058193373,Barren,16.08,79.34,14.29,543.14,6,997.25,0.12
2022-01-01 14:05:00,Station_16,33.54368070237298,-120.38449249166402,Water,25.62,87.54,11.85,988.15,8,1030.17,0.72
2022-01-01 14:10:00,Station_16,31.12346843319856,-78.54108306912036,Urban,28.92,70.42,11.95,208.8,3,1044.6,0.12
2022-01-01 14:15:00,Station_16,48.101733176285165,-99.40267390673922,Agricultural,4.14,77.97,9.31,413.19,1,1009.36,0.28
2022-01-01 14:20:00,Station_16,37.52210648942416,-112.37428271418705,Agricultural,22.69,78.49,0.81,798.26,9,1026.19,0.3
2022-01-01 14:25:00,Station_16,27.48762925370144,-81.45516932946171,Water,1.36,61.06,12.52,709.71,0,1038.58,0.12
2022-01-01 14:30:00,Station_16,36.274289436839084,-79.55701161863527,Urban,13.6,74.09,1.5,782.28,2,990.04,0.5
2022-01-01 14:35:00,Station_16,38.93336325141412,-108.00603029851116,Water,23.55,77.57,9.23,177.15,2,1014.41,0.44
2022-01-01 14:40:00,Station_16,36.57841872257626,-74.73672242058615,Agricultural,19.08,41.79,3.89,508.99,10,1008.04,0.7
2022-01-01 14:45:00,Station_16,45.62775334768516,-90.8803513042334,Urban,9.14,44.63,1.58,871.84,2,1016.27,0.58
2022-01-01 14:50:00,Station_16,42.250417682769154,-72.53841846804022,Water,8.18,49.96,1.57,829.37,0,1041.78,0.83
2022-01-01 14:55:00,Station_16,47.92649525474983,-68.47515710863172,Barren,3.25,64.82,14.42,218.3,1,998.91,0.3
2022-01-01 15:00:00,Station_16,30.36390119732216,-69.21358983957855,Forest,26.61,38.73,2.56,103.59,3,1040.66,0.16
2022-01-01 15:05:00,Station_16,27.371384563895077,-100.65487373286851,Agricultural,4.61,44.2,5.6,589.0,8,1029.28,0.8
2022-01-01 15:10:00,Station_16,38.86212573406845,-117.35270525870231,Forest,1.34,71.57,10.32,950.47,4,1014.48,0.86
2022-01-01 15:15:00,Station_16,43.37820333198899,-74.46018113813486,Agricultural,24.3,41.61,11.46,339.04,6,1022.24,0.45
2022-01-01 15:20:00,Station_16,28.51060392487398,-84.11439646516598,Forest,0.45,83.85,8.94,664.21,2,1017.28,0.39
2022-01-01 15:25:00,Station_16,37.46645658644978,-72.35760522124855,Agricultural,9.1,35.89,4.68,869.38,6,1004.36,0.41
2022-01-01 15:30:00,Station_16,37.46954437921093,-120.35365645453102,Barren,12.23,62.76,4.26,530.37,9,1013.33,0.72
2022-01-01 15:35:00,Station_16,49.991716420853926,-99.4111636988615,Forest,23.94,55.41,4.21,535.5,4,987.5,0.43
2022-01-01 15:40:00,Station_16,33.74729589473445,-103.2415566491195,Agricultural,32.21,72.18,5.69,547.09,6,1020.23,0.72
2022-01-01 15:45:00,Station_16,37.459257304631144,-120.58654266064057,Barren,14.96,49.51,5.19,884.99,1,1043.41,0.35
2022-01-01 15:50:00,Station_16,38.82078710796515,-67.21529458421035,Forest,-2.09,83.84,7.08,855.58,7,982.01,0.63
2022-01-01 15:55:00,Station_16,26.65431108734172,-105.76478434710125,Water,34.44,70.83,4.45,918.12,10,1034.36,0.7
2022-01-01 16:00:00,Station_16,25.582721682916514,-103.06023445590418,Water,20.06,31.89,14.19,989.28,8,1017.76,0.23
2022-01-01 16:05:00,Station_16,30.24648924406563,-63.20633369065815,Barren,30.7,55.63,7.17,861.35,6,1005.87,0.39
2022-01-01 16:10:00,Station_16,31.65267658132887,-97.40773976134312,Agricultural,-3.99,47.0,1.18,796.37,10,986.93,0.74
2022-01-01 16:15:00,Station_16,34.66873070352054,-76.00083738764556,Forest,-6.31,62.78,5.85,842.76,1,982.91,0.74
2022-01-01 16:20:00,Station_16,33.74368967981629,-67.1438170517015,Barren,17.19,64.43,10.7,445.61,7,1037.18,0.68
2022-01-01 16:25:00,Station_16,28.865692687746332,-70.64508540065894,Agricultural,-9.95,73.19,11.25,446.9,10,994.2,0.11
2022-01-01 16:30:00,Station_16,25.680581697671435,-109.23775916056742,Barren,27.95,64.65,2.87,272.4,8,1017.67,0.11
2022-01-01 16:35:00,Station_16,41.05179843456938,-110.79874559116189,Barren,-5.05,71.64,0.98,752.7,2,998.69,0.86
2022-01-01 16:40:00,Station_16,27.720220230835114,-67.19368340620184,Urban,4.42,70.97,2.91,438.33,3,1031.34,0.25
2022-01-01 16:45:00,Station_16,37.877018124370636,-75.72531697073539,Water,29.19,67.42,8.55,412.83,8,1023.34,0.57
2022-01-01 16:50:00,Station_16,40.60939713861412,-90.32238068592474,Agricultural,10.29,66.19,7.38,978.59,3,988.44,0.13
2022-01-01 16:55:00,Station_16,44.9957072412449,-121.09640551903625,Urban,-0.73,63.42,8.45,309.28,10,1043.37,0.39
2022-01-01 17:00:00,Station_16,38.10225922747856,-71.25297356669972,Barren,9.34,54.27,3.12,705.26,2,1020.83,0.85
2022-01-01 17:05:00,Station_16,25.20118659951659,-113.26304541386844,Water,26.48,54.28,11.71,360.86,8,986.13,0.75
2022-01-01 17:10:00,Station_16,45.57661542003207,-78.70095746414663,Urban,8.42,74.11,8.55,809.16,1,1045.47,0.55
2022-01-01 17:15:00,Station_16,43.56965350163274,-68.45341944509846,Agricultural,17.85,75.57,9.18,928.97,2,1007.99,0.83
2022-01-01 17:20:00,Station_16,26.125585391494067,-91.53183992593192,Agricultural,25.55,38.82,4.11,519.83,8,1009.74,0.82
2022-01-01 17:25:00,Station_16,36.164465825162715,-107.91567432672761,Barren,14.8,53.84,13.78,900.37,5,1005.51,0.57
2022-01-01 17:30:00,Station_16,46.20531444378025,-104.64117059562437,Urban,-2.38,74.23,11.65,735.74,5,997.65,0.62
2022-01-01 17:35:00,Station_16,30.322116198303394,-75.85034170079892,Water,-7.89,86.56,4.77,495.72,5,1041.4,0.73
2022-01-01 17:40:00,Station_16,47.78440863294324,-106.33261414603206,Urban,30.81,34.26,6.93,772.2,8,986.3,0.62
2022-01-01 17:45:00,Station_16,33.10857527360696,-123.67687789606498,Water,-2.18,58.64,5.0,740.81,0,1044.72,0.63
2022-01-01 17:50:00,Station_16,34.350137413227586,-87.17005406094802,Forest,-8.11,56.01,12.97,166.55,1,981.21,0.44
2022-01-01 17:55:00,Station_16,43.22023722038772,-111.46214866387868,Barren,28.27,61.14,12.16,211.01,6,1047.16,0.9
2022-01-01 18:00:00,Station_16,38.81649971243334,-104.68879606171548,Water,-5.96,45.19,7.73,609.46,10,1005.92,0.53
2022-01-01 18:05:00,Station_16,38.871167768269984,-61.170666884008135,Forest,-3.91,53.96,1.32,775.54,4,984.01,0.28
2022-01-01 18:10:00,Station_16,46.99493861602701,-113.2202340082766,Agricultural,20.78,79.91,0.22,174.32,4,1025.91,0.5
2022-01-01 18:15:00,Station_16,27.888055153858623,-98.06254453172373,Water,12.24,43.96,9.74,759.44,10,1045.19,0.83
2022-01-01 18:20:00,Station_16,45.3576760687268,-95.56212071623503,Urban,18.57,35.49,11.0,256.55,7,1019.92,0.23
2022-01-01 18:25:00,Station_16,33.55086698000177,-62.68443520136606,Urban,3.12,82.67,3.99,248.26,7,1012.0,0.14
2022-01-01 18:30:00,Station_16,28.658191285779203,-119.59786193610117,Forest,29.98,53.77,11.79,190.92,4,999.59,0.68
2022-01-01 18:35:00,Station_16,33.195381941751776,-107.86263445837538,Forest,33.97,69.11,7.9,543.98,4,991.1,0.35
2022-01-01 18:40:00,Station_16,29.56679790877077,-79.46170728768689,Forest,8.67,50.05,2.28,602.77,7,992.03,0.71
2022-01-01 18:45:00,Station_16,45.55554082965567,-106.94385681282216,Water,-7.12,51.13,14.44,164.75,8,1029.31,0.86
2022-01-01 18:50:00,Station_16,49.2623070865167,-119.47785471900418,Agricultural,6.86,78.17,14.96,544.73,0,1041.58,0.55
2022-01-01 18:55:00,Station_16,36.56175637474401,-106.3622265980419,Water,-1.65,45.0,0.99,853.62,10,998.82,0.68
2022-01-01 19:00:00,Station_16,33.10584806226724,-72.8339842294816,Agricultural,10.32,37.82,0.28,191.73,2,983.21,0.34
2022-01-01 19:05:00,Station_16,26.360626723157143,-78.84972807923562,Agricultural,-9.95,70.59,14.8,590.56,7,1019.86,0.26
2022-01-01 19:10:00,Station_16,49.413180532124215,-96.49251486543591,Forest,-5.38,38.75,2.97,499.74,5,1037.7,0.27
2022-01-01 19:15:00,Station_16,32.1958703074031,-107.17341610453059,Urban,27.08,34.38,13.42,325.5,4,1011.15,0.15
2022-01-01 19:20:00,Station_16,43.27062927780067,-100.54805404161004,Water,3.99,73.26,6.51,390.21,3,980.99,0.59
2022-01-01 19:25:00,Station_16,31.67215502655368,-86.23942568189973,Water,2.37,83.01,2.44,932.88,7,996.29,0.38
2022-01-01 19:30:00,Station_16,34.48355967030236,-112.83100442086683,Urban,-7.86,58.98,14.76,130.25,6,1029.3,0.88
2022-01-01 19:35:00,Station_16,35.89052510853039,-99.21007049096308,Urban,25.68,74.6,7.05,218.69,7,992.91,0.12
2022-01-01 19:40:00,Station_16,27.615701814753493,-103.87744076995915,Barren,27.99,44.15,0.87,105.2,4,1036.12,0.42
2022-01-01 19:45:00,Station_16,28.39835162907152,-107.35571763082135,Urban,10.6,85.5,13.58,285.85,2,1017.18,0.26
2022-01-01 19:50:00,Station_16,47.97234471550979,-82.58058729440573,Water,14.0,80.27,11.86,473.31,7,985.02,0.34
2022-01-01 19:55:00,Station_16,38.6348623025304,-66.2367019526926,Water,1.03,71.95,13.18,770.06,9,1005.32,0.47
2022-01-01 20:00:00,Station_16,36.41100181049505,-73.05238974174165,Forest,30.0,80.7,10.89,761.87,7,988.4,0.53
2022-01-01 20:05:00,Station_16,38.212679232344456,-124.13045071544964,Forest,14.86,74.26,13.79,720.19,10,982.39,0.22
2022-01-01 20:10:00,Station_16,30.088495519278375,-84.22060654893886,Water,14.19,54.96,12.17,391.4,1,986.95,0.12
2022-01-01 20:15:00,Station_16,40.078231795053206,-75.35051860054864,Agricultural,26.42,42.1,12.7,198.21,2,1015.55,0.4
2022-01-01 20:20:00,Station_16,48.4472964659078,-80.68165451112438,Water,8.16,34.47,4.83,791.89,0,981.69,0.58
2022-01-01 20:25:00,Station_16,27.344470316868964,-88.05407083915313,Water,-4.98,56.29,6.51,168.54,9,987.61,0.31
2022-01-01 20:30:00,Station_16,46.72041487017817,-115.9285686475387,Forest,29.35,43.44,13.25,747.87,0,1026.52,0.52
2022-01-01 20:35:00,Station_16,46.78986518991574,-82.22063792535354,Agricultural,-6.92,78.3,6.17,374.64,1,1001.78,0.33
2022-01-01 20:40:00,Station_16,38.3287484137745,-120.73387151988901,Forest,-5.39,84.29,1.25,565.61,7,983.58,0.46
2022-01-01 20:45:00,Station_16,30.199645844780477,-119.96783363582315,Barren,5.37,86.19,13.7,285.12,3,1036.22,0.63
2022-01-01 20:50:00,Station_16,28.864047275215622,-81.85477319320931,Urban,33.23,53.76,10.86,872.61,2,981.61,0.4
2022-01-01 20:55:00,Station_16,27.21521869542665,-78.88565951722322,Barren,14.6,42.19,1.21,503.03,5,1042.64,0.44
2022-01-01 21:00:00,Station_16,26.14420738059451,-87.01052368425633,Barren,32.72,44.52,0.56,898.77,3,1007.79,0.72
2022-01-01 21:05:00,Station_16,29.987321250088314,-120.01839953322212,Forest,1.81,52.13,10.93,416.21,2,1047.05,0.52
2022-01-01 21:10:00,Station_16,33.89373562277105,-124.24588208297668,Agricultural,2.12,50.83,2.61,562.21,10,1018.07,0.19
2022-01-01 21:15:00,Station_16,40.44712879222246,-69.9271082762527,Urban,20.63,73.83,1.6,442.29,9,1000.19,0.31
2022-01-01 21:20:00,Station_16,38.64114052844039,-71.26818386535582,Agricultural,-1.52,73.45,3.72,539.43,6,1039.37,0.78
2022-01-01 21:25:00,Station_16,43.117473614356655,-110.9617227288913,Barren,1.56,42.0,10.41,813.11,9,1034.9,0.5
2022-01-01 21:30:00,Station_16,29.551949245018157,-83.31139608009312,Water,-1.32,61.59,1.43,876.56,3,1025.72,0.11
2022-01-01 21:35:00,Station_16,46.4661506139023,-79.92259522821064,Agricultural,31.09,73.22,11.1,993.42,7,1012.93,0.32
2022-01-01 21:40:00,Station_16,27.76572835110703,-93.22379288405602,Barren,5.74,61.31,12.71,641.57,0,1017.79,0.31
2022-01-01 21:45:00,Station_16,44.78624630522379,-61.67524317068938,Barren,-6.29,48.01,0.11,598.42,6,994.08,0.56
2022-01-01 21:50:00,Station_16,35.211274417805164,-117.61217394071107,Forest,27.51,31.21,12.41,753.06,10,1045.79,0.58
2022-01-01 21:55:00,Station_16,45.190001866404636,-124.76788524414648,Agricultural,-4.46,77.18,3.96,258.51,2,1020.7,0.38
2022-01-01 22:00:00,Station_16,31.803757609453367,-65.95418919872549,Water,12.83,56.96,9.77,851.39,1,1028.05,0.68
2022-01-01 22:05:00,Station_16,34.87298595072119,-110.58685825948892,Water,-8.4,75.84,8.54,964.28,1,1028.9,0.47
2022-01-01 22:10:00,Station_16,39.02850686107788,-69.0554227822048,Barren,17.46,78.38,8.86,205.61,6,995.09,0.87
2022-01-01 22:15:00,Station_16,36.46052549809974,-71.11123095672642,Agricultural,4.31,63.95,12.27,526.88,10,989.41,0.26
2022-01-01 22:20:00,Station_16,48.992485593096475,-104.48743971021601,Water,-7.82,58.84,4.06,211.03,4,989.05,0.22
2022-01-01 22:25:00,Station_16,30.280065187051928,-112.35710648897275,Agricultural,-2.58,66.57,8.03,749.21,2,1006.25,0.32
2022-01-01 22:30:00,Station_16,27.408751489949104,-78.56598122529249,Barren,-3.52,85.88,1.57,202.15,4,1023.93,0.43
2022-01-01 22:35:00,Station_16,42.98230159154704,-87.78770761371985,Forest,11.86,79.8,1.72,187.19,2,986.37,0.85
2022-01-01 22:40:00,Station_16,39.28524897547267,-107.7000346911015,Forest,12.43,32.06,0.23,402.45,4,994.88,0.52
2022-01-01 22:45:00,Station_16,32.95762811083599,-105.28339956246494,Agricultural,25.11,50.57,6.05,163.92,3,999.61,0.31
2022-01-01 22:50:00,Station_16,45.55177481810004,-99.58122227102797,Agricultural,30.37,53.73,6.14,139.96,8,1026.76,0.89
2022-01-01 22:55:00,Station_16,33.2568906344454,-114.30228279231818,Agricultural,-9.14,72.58,14.12,417.55,9,1036.0,0.9
2022-01-01 23:00:00,Station_16,46.321836666410746,-100.58683153174255,Forest,31.04,73.07,2.91,614.57,0,1036.26,0.77
2022-01-01 23:05:00,Station_16,39.24212494139101,-122.14080254113149,Barren,31.16,53.07,2.34,275.08,8,1036.29,0.39
2022-01-01 23:10:00,Station_16,28.71847604909061,-90.52201138328601,Water,-8.88,51.28,13.06,498.22,7,1037.64,0.47
2022-01-01 23:15:00,Station_16,26.033262099224018,-81.62548600404125,Urban,27.62,87.89,8.02,357.0,10,1041.19,0.16
2022-01-01 23:20:00,Station_16,35.25662757793627,-91.09985768749073,Water,-7.58,86.37,13.8,186.02,1,1018.04,0.42
2022-01-01 23:25:00,Station_16,48.920474225097514,-69.00206080318274,Agricultural,34.04,72.17,11.75,831.48,4,984.85,0.86
2022-01-01 23:30:00,Station_16,27.340130467893236,-88.70616797189005,Agricultural,23.22,65.31,9.96,390.93,4,1037.22,0.88
2022-01-01 23:35:00,Station_16,34.10306045524758,-94.59648980914,Urban,28.15,39.88,10.2,394.89,1,1045.91,0.67
2022-01-01 23:40:00,Station_16,43.418974016542975,-75.66734520212879,Water,29.77,68.0,8.67,536.51,10,1034.69,0.74
2022-01-01 23:45:00,Station_16,32.08525101283446,-82.22801024756197,Water,2.62,75.2,1.26,641.77,1,998.28,0.14
2022-01-01 23:50:00,Station_16,43.148543774859334,-118.2140950500206,Water,26.4,86.13,2.67,545.62,8,1002.92,0.45
2022-01-01 23:55:00,Station_16,48.01278597645634,-95.07630466697574,Forest,27.89,65.27,4.48,142.36,3,1028.29,0.21
2022-01-01 00:00:00,Station_17,49.90767871520707,-116.88425352143841,Agricultural,6.87,55.51,10.24,492.51,6,1028.62,0.5
2022-01-01 00:05:00,Station_17,25.453066785159585,-66.1357579930227,Forest,-7.68,68.72,3.72,357.71,2,1033.4,0.54
2022-01-01 00:10:00,Station_17,49.48006213032295,-61.55274874113068,Forest,2.79,80.96,12.13,584.14,10,1016.86,0.85
2022-01-01 00:15:00,Station_17,35.12679580410489,-122.4712319122862,Forest,23.34,53.91,1.77,773.86,5,1009.43,0.27
2022-01-01 00:20:00,Station_17,32.405903381141194,-73.39366709760716,Water,14.84,88.96,13.98,235.41,8,985.94,0.35
2022-01-01 00:25:00,Station_17,41.922253984297676,-63.195273837322446,Urban,24.12,86.59,0.15,979.57,2,1025.06,0.67
2022-01-01 00:30:00,Station_17,26.87830610128865,-116.12982586337414,Forest,-2.3,38.97,9.94,625.49,1,1018.78,0.1
2022-01-01 00:35:00,Station_17,28.848302045341484,-76.15792808725503,Agricultural,-1.65,61.46,10.94,764.16,7,985.22,0.56
2022-01-01 00:40:00,Station_17,29.422229726018486,-113.20627421421399,Water,11.81,42.2,1.82,246.0,5,1017.74,0.53
2022-01-01 00:45:00,Station_17,42.8198725661215,-118.82551111244047,Urban,10.19,59.61,10.6,170.23,1,998.77,0.25
2022-01-01 00:50:00,Station_17,45.62606592464334,-96.08318095359753,Water,19.8,77.36,1.71,698.49,0,986.91,0.35
2022-01-01 00:55:00,Station_17,39.66259008424193,-77.11044033926433,Water,21.15,88.37,5.85,753.9,0,982.05,0.75
2022-01-01 01:00:00,Station_17,41.687948895409235,-62.265231209774605,Water,2.03,49.89,10.64,832.42,3,1044.71,0.33
2022-01-01 01:05:00,Station_17,47.78456178271867,-118.79665075456256,Water,22.31,88.83,1.92,680.51,7,1040.38,0.58
2022-01-01 01:10:00,Station_17,29.077031064866844,-64.2741174175431,Water,-8.93,40.67,5.99,478.72,10,1020.68,0.65
2022-01-01 01:15:00,Station_17,28.97945884052986,-114.25368716221871,Water,0.13,58.91,3.84,172.32,9,980.98,0.53
2022-01-01 01:20:00,Station_17,44.540931090599976,-60.560255561389724,Forest,5.04,49.82,9.04,213.76,3,1026.5,0.89
2022-01-01 01:25:00,Station_17,37.979148800258116,-98.20650312292753,Water,29.7,66.52,12.23,691.79,8,1009.83,0.42
2022-01-01 01:30:00,Station_17,49.13560955122527,-114.1991081965576,Urban,32.89,78.41,1.38,675.58,5,1031.95,0.18
2022-01-01 01:35:00,Station_17,48.56083786380407,-105.54277826337277,Water,10.28,80.18,6.74,294.7,9,1024.86,0.27
2022-01-01 01:40:00,Station_17,42.12945515633764,-118.35936534787776,Urban,2.81,84.87,7.24,152.03,8,984.58,0.51
2022-01-01 01:45:00,Station_17,34.94170070671003,-82.81914863146078,Forest,5.32,79.39,5.47,418.87,8,1014.59,0.11
2022-01-01 01:50:00,Station_17,36.52240943445565,-116.82344222948538,Agricultural,33.46,71.15,2.63,994.21,5,1002.37,0.72
2022-01-01 01:55:00,Station_17,33.11860447441101,-91.21972126169842,Agricultural,22.35,42.36,13.77,336.86,5,1010.72,0.46
2022-01-01 02:00:00,Station_17,30.652161446818972,-84.03719115889594,Urban,-1.52,58.73,13.83,524.98,5,1018.62,0.29
2022-01-01 02:05:00,Station_17,45.875095809253395,-114.0019891130723,Urban,34.6,72.08,13.85,381.26,9,1001.33,0.48
2022-01-01 02:10:00,Station_17,26.18429135789188,-102.69895747312921,Urban,33.92,74.51,12.39,242.84,10,1040.95,0.87
2022-01-01 02:15:00,Station_17,41.85229390238347,-103.96237453048619,Forest,-5.16,58.85,6.36,786.28,10,1043.19,0.41
2022-01-01 02:20:00,Station_17,36.40457934331887,-109.3151071327458,Agricultural,10.46,67.6,2.65,334.06,5,983.44,0.83
2022-01-01 02:25:00,Station_17,34.9886316037432,-119.25806819669505,Water,0.38,40.0,7.08,293.73,2,993.49,0.77
2022-01-01 02:30:00,Station_17,43.44283992612854,-104.03579891342211,Urban,9.1,70.55,14.6,803.23,8,995.95,0.73
2022-01-01 02:35:00,Station_17,31.582036541895754,-90.29451933456258,Water,13.45,50.91,11.76,580.57,6,1016.54,0.24
2022-01-01 02:40:00,Station_17,31.610014522734957,-122.13539278928747,Forest,5.56,78.94,10.47,202.39,9,980.51,0.74
2022-01-01 02:45:00,Station_17,41.99013202536919,-70.95630451675204,Agricultural,12.65,69.52,12.09,473.23,6,983.38,0.68
2022-01-01 02:50:00,Station_17,40.73600002773202,-82.18043892289228,Agricultural,-1.69,46.93,5.1,211.75,5,1044.94,0.49
2022-01-01 02:55:00,Station_17,46.05423706977204,-106.51806411667448,Water,10.49,76.68,14.69,399.27,3,1008.63,0.59
2022-01-01 03:00:00,Station_17,45.21891913968429,-112.72282742560529,Agricultural,11.1,88.02,12.8,886.84,4,995.73,0.54
2022-01-01 03:05:00,Station_17,27.815221502520398,-67.28259654314462,Water,16.32,68.19,1.06,973.87,8,1034.49,0.73
2022-01-01 03:10:00,Station_17,38.48266776473336,-80.8720767638716,Urban,33.86,31.54,10.08,352.04,1,1006.78,0.12
2022-01-01 03:15:00,Station_17,48.73487854474001,-122.44215108235552,Agricultural,12.34,31.82,2.45,996.11,8,1022.64,0.41
2022-01-01 03:20:00,Station_17,47.27169621234489,-92.38030968158863,Urban,26.89,89.55,8.04,770.17,9,1017.95,0.26
2022-01-01 03:25:00,Station_17,35.239298195715875,-82.72731789767212,Barren,-3.29,75.39,1.54,998.26,8,1001.65,0.59
2022-01-01 03:30:00,Station_17,40.601417518822245,-89.82304286416462,Urban,6.26,86.5,2.97,275.66,2,1036.84,0.41
2022-01-01 03:35:00,Station_17,38.46745384174884,-75.94991972545161,Urban,-9.89,50.84,0.8,986.69,6,1017.04,0.31
2022-01-01 03:40:00,Station_17,34.22334351173405,-73.05848005984919,Agricultural,14.16,43.89,0.68,590.86,4,1040.2,0.84
2022-01-01 03:45:00,Station_17,30.737834222826613,-119.05735225137167,Barren,-4.56,37.87,13.53,293.23,0,1007.73,0.12
2022-01-01 03:50:00,Station_17,35.59829167202968,-96.51773990516074,Urban,23.68,87.32,9.35,188.3,7,1022.52,0.59
2022-01-01 03:55:00,Station_17,41.47859545127814,-106.65363776154948,Forest,33.1,34.5,13.54,337.2,5,1003.98,0.49
2022-01-01 04:00:00,Station_17,42.74859274691525,-121.16428897789507,Water,31.0,36.08,3.26,502.68,8,984.86,0.16
2022-01-01 04:05:00,Station_17,44.6329317940379,-83.24422640013387,Water,27.44,33.22,9.41,521.8,5,1037.37,0.62
2022-01-01 04:10:00,Station_17,48.22562776766674,-87.21438093523795,Urban,32.9,64.74,11.53,941.8,3,989.43,0.12
2022-01-01 04:15:00,Station_17,38.184446278784534,-117.38548828394336,Urban,26.39,33.62,3.53,234.09,6,981.07,0.45
2022-01-01 04:20:00,Station_17,33.38624365394739,-104.0486110239957,Barren,6.73,56.44,14.75,290.89,5,1029.68,0.6
2022-01-01 04:25:00,Station_17,45.0848415131432,-117.70275165372088,Forest,-0.75,77.68,6.08,198.39,9,1030.78,0.24
2022-01-01 04:30:00,Station_17,49.59957957912439,-114.2246750994709,Agricultural,34.78,63.6,7.0,462.53,10,1048.33,0.24
2022-01-01 04:35:00,Station_17,40.96174225094038,-62.34023571875566,Urban,-9.92,77.16,3.24,846.81,2,1044.64,0.88
2022-01-01 04:40:00,Station_17,28.374907895030738,-95.40797409274077,Urban,13.94,63.81,0.87,522.35,4,1021.98,0.49
2022-01-01 04:45:00,Station_17,45.04172700610646,-70.7758263073031,Urban,0.03,58.95,8.01,841.3,10,1019.93,0.28
2022-01-01 04:50:00,Station_17,35.31745633237729,-121.6135757306934,Water,-0.79,46.93,13.19,354.13,4,1029.16,0.54
2022-01-01 04:55:00,Station_17,47.16533202577176,-98.88075999851397,Water,8.35,68.05,8.52,243.1,6,1035.5,0.81
2022-01-01 05:00:00,Station_17,25.51870108150155,-103.44023816553866,Urban,28.68,34.56,2.54,564.42,9,1048.52,0.87
2022-01-01 05:05:00,Station_17,26.898416032923294,-123.96004284979695,Agricultural,-0.23,83.25,1.56,496.75,8,992.13,0.11
2022-01-01 05:10:00,Station_17,42.724320922611504,-79.0268792592428,Forest,5.13,70.64,1.19,214.14,6,1007.4,0.89
2022-01-01 05:15:00,Station_17,42.37049809314593,-124.83987550144289,Barren,6.0,30.7,0.59,258.66,8,1031.42,0.18
2022-01-01 05:20:00,Station_17,32.909150316800456,-75.9632225952958,Forest,5.72,47.94,8.85,897.73,6,995.51,0.39
2022-01-01 05:25:00,Station_17,36.369583650591125,-69.31460645940788,Forest,-8.91,33.9,7.81,544.88,8,998.75,0.77
2022-01-01 05:30:00,Station_17,25.77406634564705,-76.84736740753345,Forest,26.25,34.03,3.04,450.15,2,1021.86,0.2
2022-01-01 05:35:00,Station_17,35.85328146895518,-87.18361900523826,Agricultural,-0.4,88.97,7.57,407.48,2,1020.63,0.15
2022-01-01 05:40:00,Station_17,26.046112659665617,-116.50076236266145,Forest,29.73,33.5,8.15,906.16,9,982.39,0.82
2022-01-01 05:45:00,Station_17,37.865962455735755,-108.43762739222723,Barren,24.59,42.81,14.6,672.17,8,1023.49,0.53
2022-01-01 05:50:00,Station_17,45.600906961165784,-67.93102736481163,Agricultural,12.28,80.29,11.23,828.03,5,1022.72,0.24
2022-01-01 05:55:00,Station_17,26.099720226320684,-71.59971357568807,Forest,7.99,58.84,8.51,436.06,8,1000.77,0.73
2022-01-01 06:00:00,Station_17,38.403947521264335,-111.76117291306015,Urban,34.15,68.21,13.72,862.4,1,989.75,0.87
2022-01-01 06:05:00,Station_17,29.329969942172184,-105.52880901601985,Barren,14.82,64.8,9.67,178.13,9,1038.25,0.6
2022-01-01 06:10:00,Station_17,43.34799871674015,-72.6561145577005,Urban,12.62,34.49,10.47,956.59,8,1000.81,0.3
2022-01-01 06:15:00,Station_17,30.487833013286142,-60.8551369648828,Urban,-4.64,78.85,1.78,479.67,4,1004.11,0.78
2022-01-01 06:20:00,Station_17,36.58473548526687,-68.66150072527671,Barren,26.02,44.86,10.64,950.75,5,985.39,0.22
2022-01-01 06:25:00,Station_17,39.01453401279906,-111.85232603218161,Urban,15.36,50.27,7.39,123.58,4,1045.18,0.27
2022-01-01 06:30:00,Station_17,37.31155938825311,-107.29759851562373,Forest,11.89,86.87,3.1,725.13,4,1033.45,0.11
2022-01-01 06:35:00,Station_17,40.85044018078936,-103.74223108458393,Barren,32.95,71.04,9.57,709.78,7,987.33,0.44
2022-01-01 06:40:00,Station_17,26.544025514597546,-115.04471471054926,Barren,1.68,82.5,14.12,734.43,3,1012.18,0.51
2022-01-01 06:45:00,Station_17,47.96506408311166,-81.69587285034119,Urban,20.65,89.06,7.9,706.27,7,988.44,0.18
2022-01-01 06:50:00,Station_17,39.493363375706615,-99.03656793729824,Agricultural,22.69,54.82,0.14,824.76,7,989.04,0.82
2022-01-01 06:55:00,Station_17,30.544402602099314,-78.40986356726896,Water,-4.97,50.76,13.64,819.26,3,1021.36,0.28
2022-01-01 07:00:00,Station_17,34.19034021682176,-87.04281666685215,Barren,19.6,84.36,14.6,495.09,7,1048.82,0.67
2022-01-01 07:05:00,Station_17,44.65739407599635,-75.35117764477614,Urban,23.05,41.73,8.28,641.0,6,994.78,0.65
2022-01-01 07:10:00,Station_17,25.457162090817274,-88.84091184734288,Urban,15.1,64.69,6.44,486.12,7,999.72,0.41
2022-01-01 07:15:00,Station_17,44.15942710385772,-70.48287758942988,Forest,21.44,60.36,9.39,250.35,6,989.18,0.48
2022-01-01 07:20:00,Station_17,36.80994614428681,-60.749116900724346,Forest,11.26,53.26,12.51,624.23,1,983.07,0.34
2022-01-01 07:25:00,Station_17,36.58529741799562,-108.58811799061988,Agricultural,29.9,59.11,2.77,436.83,3,988.54,0.5
2022-01-01 07:30:00,Station_17,44.726986076964025,-86.41721648595794,Barren,15.21,59.97,7.99,861.17,5,987.0,0.58
2022-01-01 07:35:00,Station_17,45.37268662599404,-62.073324114530074,Agricultural,-8.02,71.5,3.39,612.38,7,1048.14,0.33
2022-01-01 07:40:00,Station_17,25.474725463133268,-120.53937820347497,Water,30.55,59.52,1.69,328.01,10,1017.79,0.79
2022-01-01 07:45:00,Station_17,38.0221193971719,-98.06188727319042,Urban,22.97,45.77,14.58,196.35,8,1009.93,0.32
2022-01-01 07:50:00,Station_17,49.700393813005135,-104.1680052341024,Agricultural,-5.17,64.73,10.03,524.8,0,1011.09,0.17
2022-01-01 07:55:00,Station_17,48.29218290659913,-65.84220653473595,Forest,16.13,38.52,11.46,307.24,8,994.42,0.18
2022-01-01 08:00:00,Station_17,26.14414498894134,-84.46560398732908,Agricultural,31.79,38.37,5.22,827.26,3,1039.25,0.33
2022-01-01 08:05:00,Station_17,35.61274034677592,-73.11035842813862,Barren,-5.98,42.23,11.95,754.48,5,1042.93,0.38
2022-01-01 08:10:00,Station_17,25.16275051925165,-76.03956459506324,Urban,-8.3,34.21,6.23,120.49,2,1011.38,0.41
2022-01-01 08:15:00,Station_17,48.637403031239295,-124.95019524601923,Urban,-8.8,70.88,2.96,987.57,10,994.21,0.59
2022-01-01 08:20:00,Station_17,31.708262750432155,-81.1585053828967,Water,17.83,38.59,9.96,316.15,8,1037.39,0.18
2022-01-01 08:25:00,Station_17,44.528468174497846,-111.5978423677636,Agricultural,25.67,78.8,9.88,247.71,6,982.28,0.75
2022-01-01 08:30:00,Station_17,26.609624751631394,-95.4115586966259,Water,6.6,35.96,3.7,418.36,5,1010.64,0.46
2022-01-01 08:35:00,Station_17,48.58839418477467,-122.06068140725789,Water,15.67,39.16,7.62,641.67,6,1030.53,0.63
2022-01-01 08:40:00,Station_17,42.889289651166536,-94.3587696604859,Agricultural,16.76,48.25,9.6,274.24,6,1030.58,0.8
2022-01-01 08:45:00,Station_17,27.357912390204618,-60.336004542404396,Agricultural,20.03,87.77,3.23,465.37,10,1026.79,0.37
2022-01-01 08:50:00,Station_17,46.06252387811763,-88.54663554123005,Urban,21.36,42.29,7.49,844.08,3,1003.95,0.54
2022-01-01 08:55:00,Station_17,49.62694132747784,-73.21096809460415,Forest,32.29,88.47,4.07,487.03,7,1040.98,0.53
2022-01-01 09:00:00,Station_17,28.998289269066703,-84.23657286269842,Agricultural,17.91,50.87,4.65,942.32,1,1045.36,0.23
2022-01-01 09:05:00,Station_17,29.312617192544074,-120.68065725541521,Barren,34.4,84.87,2.47,832.09,10,1039.97,0.27
2022-01-01 09:10:00,Station_17,26.60219212597029,-60.037788002189714,Forest,32.43,45.42,2.02,907.48,6,1013.74,0.53
2022-01-01 09:15:00,Station_17,34.986859344344055,-100.798829634826,Agricultural,-7.11,34.85,1.02,769.37,10,1032.37,0.8
2022-01-01 09:20:00,Station_17,37.74035918835011,-72.95321760325857,Forest,33.98,73.17,0.6,862.34,1,1033.51,0.44
2022-01-01 09:25:00,Station_17,39.37988086607213,-74.71890656467363,Forest,4.79,38.4,6.93,151.49,7,1007.24,0.38
2022-01-01 09:30:00,Station_17,35.03470892845039,-99.49981497331062,Forest,13.79,71.49,1.05,481.3,5,1002.89,0.8
2022-01-01 09:35:00,Station_17,41.781650087131155,-74.90470183386961,Urban,17.15,86.55,14.41,484.24,0,984.44,0.42
2022-01-01 09:40:00,Station_17,36.6945578000564,-93.28868687503005,Barren,-1.56,76.23,7.6,711.76,5,989.26,0.55
2022-01-01 09:45:00,Station_17,46.69230484871488,-120.95779512273272,Urban,1.98,60.9,7.84,368.77,8,1020.66,0.56
2022-01-01 09:50:00,Station_17,35.56393352309905,-101.42020734755701,Forest,-4.31,89.25,6.32,581.16,9,1031.54,0.89
2022-01-01 09:55:00,Station_17,39.72507383442986,-90.03084883615988,Agricultural,-6.34,52.49,2.58,960.65,3,1010.66,0.38
2022-01-01 10:00:00,Station_17,29.29023943043917,-70.76513050753645,Forest,6.81,48.73,3.59,233.85,7,1044.27,0.7
2022-01-01 10:05:00,Station_17,47.154719826861744,-95.90519902480371,Barren,28.96,70.09,2.4,651.34,2,994.11,0.54
2022-01-01 10:10:00,Station_17,48.642083290735485,-114.4473543837517,Barren,-3.88,84.73,14.16,211.77,5,1023.32,0.25
2022-01-01 10:15:00,Station_17,39.04689069653306,-74.25509244750226,Urban,32.77,33.8,1.76,412.43,2,1012.8,0.29
2022-01-01 10:20:00,Station_17,42.20760754461561,-80.66951745886729,Barren,21.81,83.94,3.18,732.8,0,1008.81,0.71
2022-01-01 10:25:00,Station_17,42.244118029205765,-120.47091377949204,Urban,-7.59,89.6,13.94,775.25,3,1032.48,0.45
2022-01-01 10:30:00,Station_17,38.96084446472524,-101.10719298208366,Urban,27.01,63.93,10.78,715.93,8,1026.6,0.27
2022-01-01 10:35:00,Station_17,46.30594268048296,-103.32824390603666,Barren,1.09,36.35,11.39,809.91,7,981.5,0.35
2022-01-01 10:40:00,Station_17,29.43641218899243,-103.03035142531887,Forest,3.73,31.32,7.45,464.98,2,992.7,0.8
2022-01-01 10:45:00,Station_17,31.422473716681434,-122.66328331037272,Forest,24.06,48.05,7.01,761.64,6,1039.85,0.59
2022-01-01 10:50:00,Station_17,47.04170513247479,-88.72226599773829,Agricultural,-2.07,36.25,10.91,989.13,8,1015.19,0.15
2022-01-01 10:55:00,Station_17,33.36269744218035,-62.579700609196365,Agricultural,-1.05,56.15,9.52,337.74,1,1037.68,0.58
2022-01-01 11:00:00,Station_17,32.90953232975773,-74.84335954328405,Barren,1.73,89.78,9.25,266.62,4,980.36,0.21
2022-01-01 11:05:00,Station_17,27.529936070142167,-82.38988295274899,Urban,-6.38,72.06,11.31,924.46,1,1006.99,0.66
2022-01-01 11:10:00,Station_17,45.65274720755172,-80.15883946580826,Urban,12.79,39.9,9.18,428.05,5,1022.02,0.71
2022-01-01 11:15:00,Station_17,28.32384353211152,-112.2784250949602,Urban,9.27,46.84,10.73,317.65,10,998.66,0.46
2022-01-01 11:20:00,Station_17,31.999748363557785,-65.86288814562818,Agricultural,-7.08,30.67,5.2,820.13,1,988.53,0.63
2022-01-01 11:25:00,Station_17,41.34092826599915,-92.41996922985396,Urban,16.62,63.47,3.18,448.15,0,1027.1,0.57
2022-01-01 11:30:00,Station_17,28.59001080240203,-95.76191741202742,Forest,17.11,48.28,10.92,571.43,0,1001.2,0.89
2022-01-01 11:35:00,Station_17,30.70278468714173,-104.2944266901986,Urban,18.77,46.36,6.08,586.8,6,1045.68,0.46
2022-01-01 11:40:00,Station_17,32.59559933320545,-77.06600205559457,Agricultural,23.46,81.3,11.04,117.95,6,992.48,0.79
2022-01-01 11:45:00,Station_17,32.508742114811135,-115.278171720089,Water,2.06,59.76,11.9,520.07,7,1009.24,0.51
2022-01-01 11:50:00,Station_17,38.73393842111275,-116.64559836139192,Agricultural,21.15,49.72,4.01,857.06,10,982.8,0.56
2022-01-01 11:55:00,Station_17,26.925504631070925,-86.10076770817068,Urban,26.45,51.24,7.82,735.51,4,1029.14,0.57
2022-01-01 12:00:00,Station_17,41.0493597377485,-68.36243171846546,Water,14.74,61.25,1.28,976.71,7,1049.15,0.22
2022-01-01 12:05:00,Station_17,28.956445613739675,-88.97628546277133,Water,24.46,80.04,11.1,254.98,2,995.74,0.16
2022-01-01 12:10:00,Station_17,48.960819605924044,-101.49265532718985,Forest,-7.37,73.15,11.97,915.88,1,1006.65,0.55
2022-01-01 12:15:00,Station_17,31.280381939091455,-102.18478664189364,Barren,10.27,67.76,9.5,923.4,6,1034.24,0.52
2022-01-01 12:20:00,Station_17,29.94884858391723,-108.13860464903951,Barren,31.37,33.42,6.44,533.73,8,1048.06,0.46
2022-01-01 12:25:00,Station_17,35.51424713014558,-115.14023337505365,Urban,24.87,78.92,3.8,817.35,6,1025.25,0.73
2022-01-01 12:30:00,Station_17,48.6003433097333,-77.71328229928767,Water,-5.55,40.12,2.25,684.38,3,1041.32,0.38
2022-01-01 12:35:00,Station_17,38.02530076138227,-117.41817246733788,Forest,1.71,58.72,11.88,861.17,7,1015.01,0.56
2022-01-01 12:40:00,Station_17,43.888314480807004,-89.20425302328216,Forest,2.1,62.86,6.27,586.59,7,988.54,0.56
2022-01-01 12:45:00,Station_17,34.496610765339845,-73.38966181652741,Barren,-9.51,77.83,4.24,282.11,2,1036.88,0.88
2022-01-01 12:50:00,Station_17,42.38257065032896,-117.82054824682817,Barren,29.17,71.12,1.09,604.39,6,989.69,0.88
2022-01-01 12:55:00,Station_17,31.571334538838087,-83.33936858145967,Urban,31.69,78.87,9.49,680.89,3,1047.33,0.13
2022-01-01 13:00:00,Station_17,34.29637915946452,-81.5292944553133,Urban,30.23,74.16,4.76,907.09,1,1037.34,0.45
2022-01-01 13:05:00,Station_17,40.86659624921551,-75.2805905601376,Agricultural,2.87,67.54,9.15,970.26,5,1015.31,0.5
2022-01-01 13:10:00,Station_17,33.42971128185867,-83.8653559283664,Forest,0.37,85.55,3.72,414.77,6,1017.95,0.14
2022-01-01 13:15:00,Station_17,36.208347279883654,-104.41757392990459,Forest,16.75,71.96,1.94,674.18,3,1045.08,0.66
2022-01-01 13:20:00,Station_17,48.01676144647914,-89.52715549716513,Agricultural,15.89,75.59,2.51,805.13,6,1013.13,0.13
2022-01-01 13:25:00,Station_17,37.57126571866047,-90.97590397661563,Urban,8.91,44.42,11.9,792.36,3,1041.71,0.33
2022-01-01 13:30:00,Station_17,49.93081913561701,-80.69712379020285,Water,29.95,85.04,1.35,791.66,6,1033.5,0.19
2022-01-01 13:35:00,Station_17,26.57866590265712,-60.14456091780217,Barren,-6.79,78.45,14.83,571.68,7,986.9,0.87
2022-01-01 13:40:00,Station_17,25.691784208765718,-89.22366936265536,Forest,26.7,78.98,0.91,297.87,10,1010.32,0.59
2022-01-01 13:45:00,Station_17,28.23525229536456,-117.47662554634775,Water,15.16,34.75,3.45,518.29,2,1016.09,0.77
2022-01-01 13:50:00,Station_17,29.311468270869796,-99.46243114348131,Barren,10.12,47.91,5.41,449.7,1,1009.21,0.77
2022-01-01 13:55:00,Station_17,30.40660061912461,-95.46552880164958,Water,11.88,83.91,8.98,154.07,7,1015.78,0.64
2022-01-01 14:00:00,Station_17,34.153254334313935,-116.48763487856868,Barren,-2.0,79.14,6.31,488.14,6,1034.38,0.57
2022-01-01 14:05:00,Station_17,31.381893193678643,-122.7696924732567,Forest,-2.34,33.24,9.34,324.32,1,983.78,0.83
2022-01-01 14:10:00,Station_17,48.166292378132866,-100.53136614894484,Forest,8.56,75.31,4.72,126.72,2,993.14,0.8
2022-01-01 14:15:00,Station_17,49.212616503723794,-110.55320552454026,Water,15.25,45.07,4.79,558.32,9,1010.94,0.81
2022-01-01 14:20:00,Station_17,47.925730732958,-115.45337768399749,Water,-4.22,40.43,8.83,161.01,0,1040.49,0.74
2022-01-01 14:25:00,Station_17,40.34057283618588,-117.21113500159966,Agricultural,9.43,75.41,4.25,877.53,1,1037.58,0.17
2022-01-01 14:30:00,Station_17,43.95841796114297,-60.92671125354529,Urban,12.61,89.81,10.26,756.31,10,1047.24,0.67
2022-01-01 14:35:00,Station_17,48.7045019911874,-74.53800217399369,Agricultural,33.78,61.54,6.36,996.2,2,991.65,0.64
2022-01-01 14:40:00,Station_17,37.13135656156361,-114.80296179317274,Water,34.53,75.43,9.2,628.79,8,1011.78,0.69
2022-01-01 14:45:00,Station_17,25.735380339892476,-93.56503560351615,Water,14.75,63.74,4.87,750.85,6,995.06,0.15
2022-01-01 14:50:00,Station_17,40.43193627769664,-100.60773915545879,Urban,22.84,75.29,5.42,229.96,8,996.22,0.47
2022-01-01 14:55:00,Station_17,46.95509088133201,-122.82414084540189,Agricultural,7.01,59.86,2.89,276.54,1,1042.76,0.37
2022-01-01 15:00:00,Station_17,39.18915134899906,-103.45089539301159,Forest,-3.56,72.42,7.07,934.34,2,1020.73,0.8
2022-01-01 15:05:00,Station_17,48.727900624799645,-66.79732480729722,Forest,6.3,82.05,12.94,138.5,3,1009.23,0.83
2022-01-01 15:10:00,Station_17,33.76794925992456,-98.05509933507992,Urban,24.6,37.23,0.43,996.87,4,1025.06,0.82
2022-01-01 15:15:00,Station_17,28.748812978974275,-85.94366728338278,Water,-2.14,53.46,2.66,955.44,4,1023.85,0.54
2022-01-01 15:20:00,Station_17,25.794678736138792,-98.90658321593295,Water,-7.14,67.48,7.98,827.55,6,982.92,0.34
2022-01-01 15:25:00,Station_17,30.11618845812078,-70.25513791106755,Barren,6.58,46.96,4.16,923.2,6,996.75,0.35
2022-01-01 15:30:00,Station_17,37.32894167319511,-124.52812538739762,Barren,34.45,87.74,5.25,699.36,6,995.94,0.55
2022-01-01 15:35:00,Station_17,37.68238844338627,-79.16288152933296,Water,-5.04,35.62,3.4,938.6,10,1022.9,0.69
2022-01-01 15:40:00,Station_17,27.246819983285747,-62.88737803216666,Forest,2.92,83.83,6.44,538.55,0,982.37,0.75
2022-01-01 15:45:00,Station_17,26.818471413745797,-120.17244771871269,Urban,20.82,49.98,5.94,341.94,6,1038.82,0.41
2022-01-01 15:50:00,Station_17,46.1530366478785,-93.26647922088507,Barren,32.32,58.67,0.83,699.48,4,1015.79,0.74
2022-01-01 15:55:00,Station_17,38.54752886413951,-115.92993419780274,Forest,8.33,35.82,7.57,554.29,8,1030.78,0.29
2022-01-01 16:00:00,Station_17,33.17321268620715,-89.10476662644733,Forest,3.07,88.45,10.58,872.14,6,1019.1,0.11
2022-01-01 16:05:00,Station_17,41.255064237750915,-115.03848551982558,Agricultural,-9.15,71.33,10.18,318.47,0,1030.34,0.31
2022-01-01 16:10:00,Station_17,32.336744048094694,-93.17945869147704,Barren,19.42,56.19,9.29,522.32,10,1035.25,0.8
2022-01-01 16:15:00,Station_17,40.414761336751624,-124.84969630099218,Forest,28.11,30.18,11.36,618.46,0,1039.91,0.5
2022-01-01 16:20:00,Station_17,35.379983542354886,-71.51030999839466,Urban,23.8,59.59,2.95,200.25,8,1048.07,0.3
2022-01-01 16:25:00,Station_17,39.5344042793232,-86.7267719077652,Barren,28.53,86.46,8.18,227.15,3,1018.57,0.85
2022-01-01 16:30:00,Station_17,42.227652411104486,-83.37057282315547,Forest,31.81,77.78,2.26,864.27,7,988.75,0.23
2022-01-01 16:35:00,Station_17,40.51457212986554,-108.69827551750653,Urban,10.22,48.8,11.39,572.23,7,1018.21,0.29
2022-01-01 16:40:00,Station_17,25.25429105582676,-87.70493884155917,Urban,15.66,75.81,0.71,733.12,3,1009.74,0.59
2022-01-01 16:45:00,Station_17,27.454308041281976,-103.10163379589777,Water,23.05,49.6,13.45,893.94,9,1047.39,0.26
2022-01-01 16:50:00,Station_17,26.079450993214515,-67.94855981158119,Agricultural,11.04,47.21,2.34,435.7,10,1002.0,0.74
2022-01-01 16:55:00,Station_17,26.33978913852447,-91.9466666741161,Urban,-8.74,69.34,4.53,433.96,4,997.59,0.38
2022-01-01 17:00:00,Station_17,44.728396934959626,-74.94798531930576,Urban,10.48,57.62,4.94,766.18,3,996.17,0.76
2022-01-01 17:05:00,Station_17,30.693461200661208,-115.08331655074261,Water,31.12,51.44,2.37,291.53,3,1019.6,0.28
2022-01-01 17:10:00,Station_17,36.01505093263161,-78.06883805059047,Agricultural,-2.71,37.03,2.29,252.56,9,1011.65,0.76
2022-01-01 17:15:00,Station_17,36.89652332391518,-80.2673539350818,Water,11.52,57.06,3.46,903.07,2,1031.57,0.47
2022-01-01 17:20:00,Station_17,29.926399047386607,-114.8576644286496,Barren,-7.13,89.71,0.15,542.32,7,1000.88,0.62
2022-01-01 17:25:00,Station_17,30.267542051802984,-79.88302725268557,Agricultural,28.96,35.38,8.61,848.74,5,1046.81,0.33
2022-01-01 17:30:00,Station_17,40.22429745878436,-106.24717558641186,Barren,30.15,49.54,9.59,453.37,2,1020.1,0.52
2022-01-01 17:35:00,Station_17,42.13338129508871,-104.56019422121436,Forest,21.26,32.58,7.25,799.81,9,1026.03,0.89
2022-01-01 17:40:00,Station_17,29.283728122869274,-122.19958419994938,Barren,8.71,62.65,8.92,417.7,1,980.72,0.63
2022-01-01 17:45:00,Station_17,40.693167367355194,-109.2427576376096,Urban,32.79,66.02,9.39,231.24,3,981.78,0.8
2022-01-01 17:50:00,Station_17,43.077292495687104,-94.21609273030352,Forest,24.65,37.28,10.82,684.42,7,1034.88,0.59
2022-01-01 17:55:00,Station_17,38.98361852685221,-65.0302347866521,Barren,10.23,62.51,9.2,924.63,1,1023.73,0.66
2022-01-01 18:00:00,Station_17,45.094795979829456,-91.67801811696245,Urban,17.85,45.23,9.92,175.53,1,1045.96,0.85
2022-01-01 18:05:00,Station_17,25.248498220016117,-103.87827008003228,Water,6.18,33.98,1.2,575.97,0,1001.6,0.23
2022-01-01 18:10:00,Station_17,42.34761298031563,-105.0716090905307,Forest,25.42,61.63,1.48,359.82,6,1021.11,0.55
2022-01-01 18:15:00,Station_17,29.018056621704517,-114.38510812974566,Barren,2.0,75.65,4.9,881.13,6,1037.28,0.51
2022-01-01 18:20:00,Station_17,30.56027678214665,-101.6676885233409,Forest,6.44,56.22,1.56,196.17,7,1021.94,0.65
2022-01-01 18:25:00,Station_17,35.67766389638047,-63.38213928465614,Barren,34.92,38.28,1.52,501.15,4,1005.54,0.24
2022-01-01 18:30:00,Station_17,47.9001353387589,-114.9479285913684,Forest,4.34,63.13,9.97,808.71,0,1024.19,0.45
2022-01-01 18:35:00,Station_17,33.07338420801898,-72.33194889854036,Urban,23.07,30.97,2.95,992.45,0,981.87,0.16
2022-01-01 18:40:00,Station_17,28.120775246579186,-79.44303926647389,Barren,13.21,33.43,8.22,931.48,10,1024.08,0.66
2022-01-01 18:45:00,Station_17,44.819117513723526,-65.74866901307324,Forest,0.03,68.66,9.19,723.88,0,1027.43,0.49
2022-01-01 18:50:00,Station_17,31.87840256444152,-89.3931720175366,Water,-6.78,53.52,8.12,675.03,0,1026.97,0.83
2022-01-01 18:55:00,Station_17,39.48984284028433,-62.790548596558686,Forest,29.14,73.22,0.66,244.84,6,1043.91,0.56
2022-01-01 19:00:00,Station_17,34.07605628519129,-73.27290403824492,Forest,6.34,72.0,6.02,335.02,8,981.59,0.35
2022-01-01 19:05:00,Station_17,25.193784103960272,-124.47513107169065,Urban,-8.63,49.51,8.41,536.99,10,1033.25,0.61
2022-01-01 19:10:00,Station_17,25.593481693561806,-116.00929067249669,Barren,19.58,53.22,14.08,953.0,0,1020.67,0.66
2022-01-01 19:15:00,Station_17,36.873543708461526,-63.36408789068304,Water,25.16,43.53,2.29,418.12,3,1008.79,0.44
2022-01-01 19:20:00,Station_17,37.4578019417917,-60.186641827926735,Barren,33.77,52.5,8.15,800.86,1,1039.13,0.14
2022-01-01 19:25:00,Station_17,42.61110380595888,-89.6152230920469,Agricultural,30.71,32.7,5.22,959.4,4,1025.42,0.25
2022-01-01 19:30:00,Station_17,33.70814546832155,-69.27440821844934,Water,16.37,61.21,5.4,769.81,4,1011.22,0.24
2022-01-01 19:35:00,Station_17,34.857390985073735,-108.79559109765675,Agricultural,17.29,47.3,4.94,503.14,9,1039.63,0.36
2022-01-01 19:40:00,Station_17,38.087617745216185,-78.53058608965466,Barren,-6.06,77.75,10.15,985.25,5,1010.67,0.86
2022-01-01 19:45:00,Station_17,32.7070037277448,-88.09741705643415,Barren,-7.1,55.65,6.47,718.37,9,992.81,0.77
2022-01-01 19:50:00,Station_17,43.39835588701049,-97.40660155960956,Urban,-0.09,42.76,2.22,613.99,10,982.79,0.86
2022-01-01 19:55:00,Station_17,45.3920665014643,-83.09761769842146,Forest,-0.83,68.41,8.17,117.84,3,1026.27,0.22
2022-01-01 20:00:00,Station_17,26.857962733730865,-63.45124038005392,Forest,7.43,42.36,7.67,297.9,5,1029.13,0.67
2022-01-01 20:05:00,Station_17,38.03925323816726,-122.74560787841136,Urban,-6.79,40.07,1.06,864.85,3,987.46,0.88
2022-01-01 20:10:00,Station_17,28.637006608373486,-87.47986168031503,Water,5.99,62.7,12.41,753.86,1,1010.48,0.39
2022-01-01 20:15:00,Station_17,49.86007756781109,-116.68630552059169,Forest,28.99,49.87,11.11,519.13,2,1007.67,0.35
2022-01-01 20:20:00,Station_17,48.193673030220026,-120.85749033685791,Water,-3.53,38.93,13.53,966.98,4,1020.81,0.65
2022-01-01 20:25:00,Station_17,31.17388869804223,-116.84398772577453,Urban,32.5,69.53,0.39,728.1,5,1021.61,0.12
2022-01-01 20:30:00,Station_17,39.86756937965061,-110.9874476306767,Water,-5.41,84.5,0.47,581.27,6,989.4,0.39
2022-01-01 20:35:00,Station_17,47.178119922831044,-121.81871138687337,Agricultural,7.24,55.91,0.72,903.33,2,1008.79,0.64
2022-01-01 20:40:00,Station_17,41.41304484740749,-104.82694196689411,Urban,2.81,36.95,5.96,253.96,4,1006.59,0.31
2022-01-01 20:45:00,Station_17,27.12292268631698,-108.63879935377258,Forest,31.53,76.21,8.27,528.1,8,1044.56,0.84
2022-01-01 20:50:00,Station_17,39.4797349124459,-63.449935643603,Forest,5.49,78.96,1.9,967.72,6,1036.86,0.79
2022-01-01 20:55:00,Station_17,37.81096392187343,-80.61546881806223,Water,-7.19,57.79,13.03,819.51,5,1020.94,0.14
2022-01-01 21:00:00,Station_17,27.662087653795517,-118.96482222003932,Water,25.0,33.18,9.68,154.13,3,1018.01,0.32
2022-01-01 21:05:00,Station_17,31.65030539915616,-90.6865692345907,Forest,17.87,56.36,9.09,938.69,1,993.11,0.34
2022-01-01 21:10:00,Station_17,36.55329383643878,-93.56950394264165,Agricultural,-3.11,63.41,11.09,582.74,5,1040.63,0.6
2022-01-01 21:15:00,Station_17,41.4953334191527,-109.30791759785455,Forest,-9.93,70.03,13.7,619.26,9,992.48,0.79
2022-01-01 21:20:00,Station_17,39.542680105605754,-73.81849354902982,Water,-9.89,74.07,13.89,666.86,0,1029.69,0.31
2022-01-01 21:25:00,Station_17,46.34548501875453,-99.22921525372246,Barren,0.76,60.34,13.46,628.08,5,981.65,0.27
2022-01-01 21:30:00,Station_17,33.24181211710599,-96.13988809050447,Agricultural,23.01,68.77,10.12,819.27,8,1021.73,0.31
2022-01-01 21:35:00,Station_17,33.75061150500071,-86.78743682657375,Urban,32.06,54.0,1.48,494.47,6,984.38,0.41
2022-01-01 21:40:00,Station_17,26.289958980498177,-82.07816490598826,Barren,8.8,59.83,1.51,521.1,2,1034.42,0.15
2022-01-01 21:45:00,Station_17,33.95271845318737,-64.29760793331967,Water,19.32,43.31,14.18,958.36,4,997.3,0.43
2022-01-01 21:50:00,Station_17,26.352020589852803,-78.66881583797124,Forest,17.44,73.06,2.47,338.24,3,1049.95,0.65
2022-01-01 21:55:00,Station_17,42.231893912708486,-84.13959026132669,Urban,12.25,36.96,8.49,953.03,5,996.2,0.13
2022-01-01 22:00:00,Station_17,35.51674043840066,-115.42587372756414,Forest,31.05,46.42,12.73,650.33,3,1042.52,0.31
2022-01-01 22:05:00,Station_17,28.373344272013377,-88.17718194994404,Agricultural,25.35,87.93,6.33,451.99,3,992.35,0.89
2022-01-01 22:10:00,Station_17,46.13185443345134,-62.29136031503195,Agricultural,19.36,32.77,13.69,894.4,1,1002.92,0.59
2022-01-01 22:15:00,Station_17,41.6836925668059,-85.61107171860742,Forest,-1.18,76.58,7.37,568.91,8,1038.15,0.36
2022-01-01 22:20:00,Station_17,39.460682152083756,-121.31499601666923,Forest,27.1,65.29,11.49,573.46,8,1018.03,0.11
2022-01-01 22:25:00,Station_17,48.66380372248965,-122.9767568715109,Urban,12.27,85.36,2.03,753.29,10,986.41,0.58
2022-01-01 22:30:00,Station_17,32.22929519349034,-75.75592124096039,Urban,4.3,81.67,9.08,860.25,3,980.03,0.2
2022-01-01 22:35:00,Station_17,35.097328089763465,-79.06681232715134,Urban,15.89,69.58,12.25,428.85,6,1040.79,0.69
2022-01-01 22:40:00,Station_17,35.81816054027958,-88.7368532186605,Urban,-8.81,31.37,11.91,571.46,5,1028.72,0.43
2022-01-01 22:45:00,Station_17,34.75141957796209,-69.35074684844065,Water,-9.25,33.53,13.79,535.15,8,1045.54,0.22
2022-01-01 22:50:00,Station_17,39.43114019108737,-76.86533916930932,Urban,13.58,31.85,7.28,994.89,0,993.82,0.51
2022-01-01 22:55:00,Station_17,34.968630098850326,-102.91389819073363,Forest,20.06,70.3,14.99,619.13,8,1003.09,0.75
2022-01-01 23:00:00,Station_17,34.479702174672695,-92.5029777874545,Barren,18.07,74.85,2.76,135.14,3,1043.82,0.18
2022-01-01 23:05:00,Station_17,48.47687373394544,-63.35923810357047,Urban,-8.72,75.69,14.84,529.34,8,1034.36,0.43
2022-01-01 23:10:00,Station_17,49.16247654522047,-71.1285817577732,Forest,-7.87,55.42,3.47,827.58,10,996.37,0.69
2022-01-01 23:15:00,Station_17,35.650840430533776,-115.75270571354767,Water,25.65,68.23,5.35,574.91,2,1015.91,0.67
2022-01-01 23:20:00,Station_17,48.02898330132671,-82.0016474342264,Agricultural,11.77,64.37,3.41,701.95,4,1035.27,0.48
2022-01-01 23:25:00,Station_17,28.972212500494933,-106.37828411909044,Barren,34.28,69.68,2.89,577.05,2,993.06,0.78
2022-01-01 23:30:00,Station_17,34.49823703734165,-90.93411804886438,Barren,33.73,71.51,6.85,944.58,4,1039.34,0.9
2022-01-01 23:35:00,Station_17,47.867524381112176,-73.17434685853304,Agricultural,34.62,67.91,11.37,741.75,7,1031.75,0.71
2022-01-01 23:40:00,Station_17,40.30408381611422,-95.12684970462477,Urban,-2.63,33.48,13.65,917.77,6,1022.05,0.45
2022-01-01 23:45:00,Station_17,26.727338426459728,-66.56429857035886,Water,26.17,34.27,12.35,546.32,5,1000.75,0.3
2022-01-01 23:50:00,Station_17,41.69331738250323,-72.80500484504098,Barren,30.76,58.97,9.7,667.45,2,983.77,0.5
2022-01-01 23:55:00,Station_17,36.27683454394405,-91.9169981672608,Water,-3.58,32.02,5.44,939.43,5,1012.77,0.8
2022-01-01 00:00:00,Station_18,37.706273862663025,-117.04407459569127,Forest,3.05,40.39,14.52,372.64,4,1032.99,0.25
2022-01-01 00:05:00,Station_18,32.03477918691837,-96.89242137504408,Agricultural,19.75,49.69,1.05,163.71,0,981.83,0.84
2022-01-01 00:10:00,Station_18,27.218241541855363,-109.36370109704572,Forest,32.26,66.0,11.57,317.09,0,1030.86,0.34
2022-01-01 00:15:00,Station_18,47.435788287751095,-62.2756641744415,Agricultural,31.84,75.07,3.77,709.27,9,1039.63,0.72
2022-01-01 00:20:00,Station_18,27.25507491012924,-85.19220655893939,Barren,34.33,75.08,14.71,492.55,4,1041.01,0.26
2022-01-01 00:25:00,Station_18,36.5722923818444,-86.15337072614658,Barren,8.83,42.29,6.46,946.59,10,1028.12,0.38
2022-01-01 00:30:00,Station_18,29.544108191942946,-89.70133713260181,Agricultural,9.3,50.28,4.38,685.5,8,993.34,0.85
2022-01-01 00:35:00,Station_18,29.02765187181884,-60.15164333050177,Agricultural,29.7,43.5,12.07,430.63,5,1002.02,0.37
2022-01-01 00:40:00,Station_18,33.24144559512928,-122.14167185444875,Water,3.11,48.82,2.57,632.59,6,1047.78,0.25
2022-01-01 00:45:00,Station_18,49.66598838629716,-91.91642015056522,Agricultural,17.13,49.3,13.0,749.94,9,1018.89,0.49
2022-01-01 00:50:00,Station_18,39.97334070493189,-101.80285530932937,Agricultural,13.97,30.95,11.69,227.66,10,1038.46,0.68
2022-01-01 00:55:00,Station_18,30.803881779699005,-117.0089265875279,Agricultural,21.41,43.9,14.36,488.69,9,989.84,0.16
2022-01-01 01:00:00,Station_18,34.732422277165426,-64.35285217652446,Agricultural,-8.41,45.56,0.98,161.82,7,1032.36,0.85
2022-01-01 01:05:00,Station_18,29.983971272125597,-88.29216455661881,Barren,-2.87,78.96,9.56,317.72,10,1029.22,0.26
2022-01-01 01:10:00,Station_18,32.43708796052267,-82.8664013326916,Urban,-2.45,58.3,11.91,389.7,7,1008.44,0.29
2022-01-01 01:15:00,Station_18,45.55544731234781,-62.21204998362601,Agricultural,28.03,85.45,5.4,414.77,1,1045.67,0.86
2022-01-01 01:20:00,Station_18,49.830082803451546,-103.08863172072104,Barren,7.32,62.56,11.78,590.98,2,994.28,0.43
2022-01-01 01:25:00,Station_18,43.03938459599864,-92.99875141404506,Agricultural,6.51,31.18,13.48,527.8,0,1024.38,0.85
2022-01-01 01:30:00,Station_18,45.653697223134195,-121.8466982016387,Urban,5.86,43.21,1.05,934.57,1,1036.97,0.42
2022-01-01 01:35:00,Station_18,35.7196360547469,-107.02792739077245,Forest,11.17,78.17,13.24,679.48,8,1028.8,0.11
2022-01-01 01:40:00,Station_18,49.92108166386084,-113.79040207431841,Water,14.76,50.3,6.61,727.09,10,1016.4,0.1
2022-01-01 01:45:00,Station_18,46.04586825068716,-76.61033261259908,Urban,25.85,88.31,11.84,613.0,8,1001.8,0.67
2022-01-01 01:50:00,Station_18,35.86894905791365,-65.89925190655049,Agricultural,-3.68,72.05,5.8,104.42,4,1046.41,0.83
2022-01-01 01:55:00,Station_18,40.09747509676801,-65.09018544821092,Barren,33.12,60.3,8.38,120.52,8,981.6,0.53
2022-01-01 02:00:00,Station_18,42.46579852085552,-108.06918118059606,Barren,26.86,33.11,4.17,266.28,8,1001.21,0.71
2022-01-01 02:05:00,Station_18,38.53576037231075,-74.18279131972898,Barren,4.63,81.52,3.9,662.87,7,1023.77,0.21
2022-01-01 02:10:00,Station_18,26.091930627674813,-116.4626646387388,Barren,27.69,50.87,14.27,286.9,4,1012.07,0.39
2022-01-01 02:15:00,Station_18,45.85901181768727,-106.05971300107899,Barren,24.84,38.91,9.61,771.71,5,1041.78,0.22
2022-01-01 02:20:00,Station_18,31.92129068870119,-106.64444872853386,Forest,-8.36,37.14,4.04,460.85,7,1036.39,0.42
2022-01-01 02:25:00,Station_18,41.64473723056386,-70.55446592776693,Water,3.0,75.2,8.17,711.58,2,991.88,0.82
2022-01-01 02:30:00,Station_18,48.75040218461648,-71.13394280433688,Agricultural,14.39,70.67,6.52,260.59,1,1036.54,0.68
2022-01-01 02:35:00,Station_18,47.74826428746516,-95.91829487826314,Barren,9.5,55.88,1.05,157.66,9,1004.83,0.17
2022-01-01 02:40:00,Station_18,31.122619332554045,-90.78237852434009,Urban,12.99,55.24,0.87,153.63,1,1047.98,0.55
2022-01-01 02:45:00,Station_18,25.47001447611127,-119.13810968532762,Water,1.39,81.67,14.25,537.82,1,1048.32,0.61
2022-01-01 02:50:00,Station_18,41.58725030858055,-62.40018574971884,Urban,19.4,72.94,8.79,982.13,7,981.59,0.17
2022-01-01 02:55:00,Station_18,38.90719231832851,-72.8529968012562,Urban,23.84,74.86,5.28,481.18,6,1001.19,0.87
2022-01-01 03:00:00,Station_18,38.61963880010606,-62.54792128841893,Forest,20.65,55.45,8.31,201.03,2,1009.48,0.65
2022-01-01 03:05:00,Station_18,41.00537090389668,-106.79706989149167,Barren,18.47,41.84,3.2,936.69,9,1005.85,0.23
2022-01-01 03:10:00,Station_18,32.09752268677914,-83.49925246726323,Agricultural,-9.56,70.62,5.26,178.09,6,989.08,0.77
2022-01-01 03:15:00,Station_18,28.02297947086068,-117.21403902291178,Agricultural,27.55,59.79,0.55,109.87,9,1043.16,0.32
2022-01-01 03:20:00,Station_18,34.45316380059223,-88.38418979331348,Water,22.02,77.67,2.79,359.87,4,1041.44,0.68
2022-01-01 03:25:00,Station_18,33.430899209234205,-66.01545175712351,Barren,34.24,66.3,14.27,112.54,7,1012.71,0.76
2022-01-01 03:30:00,Station_18,42.934715974319616,-86.77164276138147,Water,25.85,34.73,3.13,428.1,10,1017.25,0.32
2022-01-01 03:35:00,Station_18,41.29189333853178,-113.86588848702698,Forest,29.64,70.49,1.43,628.48,2,1009.11,0.69
2022-01-01 03:40:00,Station_18,48.66086115255689,-65.45697546008466,Urban,14.97,37.47,12.37,101.5,6,1037.04,0.25
2022-01-01 03:45:00,Station_18,29.011764974700675,-102.49204370376708,Urban,30.65,84.0,6.14,172.46,7,1015.54,0.34
2022-01-01 03:50:00,Station_18,45.917741786824166,-114.907844602163,Water,8.15,66.03,12.65,504.0,0,986.12,0.19
2022-01-01 03:55:00,Station_18,32.31243473123901,-115.59265657387269,Barren,5.27,50.06,14.5,687.31,6,1042.81,0.56
2022-01-01 04:00:00,Station_18,48.44840581101034,-94.32613953919984,Agricultural,-8.86,82.91,11.59,587.57,0,998.75,0.61
2022-01-01 04:05:00,Station_18,46.37733962334123,-60.01651525211682,Agricultural,13.17,83.22,0.41,501.8,1,1017.3,0.4
2022-01-01 04:10:00,Station_18,30.685287416875955,-118.14294620959157,Barren,-4.86,31.95,13.36,553.46,1,1039.11,0.25
2022-01-01 04:15:00,Station_18,32.99652006767963,-85.35815102970614,Barren,25.47,43.22,4.86,728.32,6,1019.73,0.38
2022-01-01 04:20:00,Station_18,32.40271902100143,-73.40498586843228,Water,22.08,81.31,10.94,175.54,10,1045.19,0.18
2022-01-01 04:25:00,Station_18,35.20771895100158,-89.74329506131332,Urban,-8.35,51.95,0.35,400.75,5,1023.59,0.34
2022-01-01 04:30:00,Station_18,28.050763441506273,-66.49251311578118,Urban,5.18,38.38,11.69,396.26,3,996.39,0.29
2022-01-01 04:35:00,Station_18,37.169934786622505,-109.23512001792882,Water,5.58,52.35,12.11,223.33,10,1006.91,0.51
2022-01-01 04:40:00,Station_18,43.429649470422945,-63.7968994570038,Agricultural,17.05,79.78,12.14,175.94,2,1013.38,0.87
2022-01-01 04:45:00,Station_18,33.41129505584729,-83.21813817528394,Urban,-6.33,72.95,14.74,762.42,10,1026.71,0.23
2022-01-01 04:50:00,Station_18,34.111203360022365,-124.79350084234898,Agricultural,6.66,78.49,4.45,319.68,1,988.58,0.82
2022-01-01 04:55:00,Station_18,32.284483417037485,-85.7166882131593,Agricultural,4.73,30.15,2.89,418.92,3,1018.34,0.77
2022-01-01 05:00:00,Station_18,26.310541989912082,-101.89640286252803,Urban,26.35,89.11,1.75,698.52,7,1015.31,0.17
2022-01-01 05:05:00,Station_18,49.5748314800056,-104.5419582331116,Barren,1.07,79.22,7.62,560.52,2,1004.6,0.73
2022-01-01 05:10:00,Station_18,25.58255212941282,-99.63351317149642,Agricultural,-5.38,35.14,8.64,125.76,0,1030.56,0.39
2022-01-01 05:15:00,Station_18,45.569029098369384,-106.21547957335287,Forest,3.0,37.29,13.1,666.88,4,1008.51,0.75
2022-01-01 05:20:00,Station_18,29.76859811404006,-66.4612118889579,Agricultural,31.93,84.32,9.12,749.83,7,980.13,0.72
2022-01-01 05:25:00,Station_18,33.094234697058134,-79.01187042256845,Forest,-5.09,44.6,14.57,217.3,8,1014.75,0.36
2022-01-01 05:30:00,Station_18,25.846143258254852,-100.94913983347514,Water,14.7,81.92,5.81,984.25,3,986.0,0.76
2022-01-01 05:35:00,Station_18,28.04420952177844,-67.22847759213263,Barren,-5.13,41.43,4.98,981.03,9,1020.98,0.38
2022-01-01 05:40:00,Station_18,38.90530116729874,-85.01570014879837,Water,13.28,49.39,3.71,786.44,6,1000.6,0.71
2022-01-01 05:45:00,Station_18,42.11279115826734,-94.04847507732751,Agricultural,1.78,52.85,12.11,836.62,1,1047.86,0.52
2022-01-01 05:50:00,Station_18,26.94393888521783,-61.0698325216295,Forest,13.93,54.16,14.18,861.41,5,1045.43,0.3
2022-01-01 05:55:00,Station_18,39.392419926735336,-64.74948443294261,Urban,7.48,67.58,14.97,604.31,3,1005.74,0.81
2022-01-01 06:00:00,Station_18,45.21191520804311,-107.5248661410938,Agricultural,12.23,33.49,6.17,494.25,1,1040.73,0.59
2022-01-01 06:05:00,Station_18,28.86737182557972,-81.24080257248994,Water,27.78,75.59,7.01,990.19,5,1020.0,0.89
2022-01-01 06:10:00,Station_18,49.32058168893083,-82.9369789576846,Urban,4.53,69.16,5.98,421.66,0,1029.75,0.7
2022-01-01 06:15:00,Station_18,26.64926647883717,-92.94729130596008,Water,18.07,43.62,3.67,936.38,4,993.4,0.55
2022-01-01 06:20:00,Station_18,33.4692484716216,-81.40195789637343,Agricultural,27.24,45.17,5.64,838.74,6,1013.96,0.39
2022-01-01 06:25:00,Station_18,34.08967726033704,-102.82358365003105,Urban,31.81,66.77,0.36,231.0,7,1021.76,0.85
2022-01-01 06:30:00,Station_18,43.18123541752961,-77.58078699807965,Barren,18.36,80.28,8.56,348.65,2,1030.95,0.75
2022-01-01 06:35:00,Station_18,48.53360743902523,-62.45147903374368,Agricultural,-8.55,76.0,1.57,891.19,3,1043.34,0.62
2022-01-01 06:40:00,Station_18,25.498989311917654,-86.61657781179886,Water,16.35,45.66,4.81,742.63,10,1010.3,0.19
2022-01-01 06:45:00,Station_18,34.85550845610736,-120.77274927011172,Barren,-2.43,55.71,10.59,746.61,8,1003.19,0.26
2022-01-01 06:50:00,Station_18,28.344750991379144,-102.86857698912962,Urban,-0.27,37.58,12.49,515.04,10,1013.36,0.1
2022-01-01 06:55:00,Station_18,42.49409605185611,-99.87972921308148,Forest,3.39,47.56,11.71,879.17,10,1043.5,0.31
2022-01-01 07:00:00,Station_18,41.3930210331838,-106.7063310395366,Urban,32.6,49.31,2.16,360.44,4,1016.92,0.31
2022-01-01 07:05:00,Station_18,28.69874361377834,-61.30163553756224,Forest,-2.5,52.96,6.56,114.54,0,1036.69,0.87
2022-01-01 07:10:00,Station_18,28.638155275930902,-68.77618880938235,Agricultural,2.18,79.68,8.98,791.68,4,998.62,0.15
2022-01-01 07:15:00,Station_18,48.924713592155086,-113.90715353309263,Urban,-2.62,52.36,14.81,236.83,4,999.58,0.42
2022-01-01 07:20:00,Station_18,46.36245376581196,-84.20272038830589,Water,3.62,39.51,14.82,618.21,3,1026.48,0.54
2022-01-01 07:25:00,Station_18,28.871568039609933,-107.21661000760298,Urban,-2.6,89.19,3.55,452.89,3,1028.85,0.83
2022-01-01 07:30:00,Station_18,35.20099566766538,-84.69728097420654,Agricultural,24.41,37.61,10.97,327.02,9,1031.62,0.76
2022-01-01 07:35:00,Station_18,27.139520632478224,-118.82825287829021,Barren,8.49,55.53,10.64,396.09,2,1036.53,0.4
2022-01-01 07:40:00,Station_18,42.6551733672087,-100.81297419333845,Urban,-2.55,70.23,14.33,246.56,0,1043.16,0.78
2022-01-01 07:45:00,Station_18,31.368690263245107,-102.25097239619738,Agricultural,5.49,57.58,2.86,164.94,1,987.92,0.76
2022-01-01 07:50:00,Station_18,48.32843569085412,-72.89577079607163,Agricultural,9.63,42.78,4.95,856.38,2,1006.64,0.67
2022-01-01 07:55:00,Station_18,45.04691422512639,-121.29832163010883,Forest,30.1,39.78,12.27,769.35,2,1030.98,0.6
2022-01-01 08:00:00,Station_18,26.29231147115647,-99.15192981626952,Barren,29.89,53.77,1.26,693.17,0,1046.18,0.24
2022-01-01 08:05:00,Station_18,49.903510796676024,-91.9432544746912,Forest,9.52,44.87,5.66,175.12,4,997.34,0.47
2022-01-01 08:10:00,Station_18,32.50846461320019,-60.38217094022612,Forest,18.53,81.22,12.33,303.26,10,987.13,0.28
2022-01-01 08:15:00,Station_18,40.12798770594036,-98.05716146300331,Agricultural,10.0,85.36,14.69,766.85,10,1002.82,0.84
2022-01-01 08:20:00,Station_18,39.28064263413531,-99.73801415886294,Urban,1.24,69.5,14.85,467.08,0,990.48,0.86
2022-01-01 08:25:00,Station_18,27.829711323526293,-109.55576081869049,Water,0.44,65.41,8.83,213.13,4,1010.39,0.63
2022-01-01 08:30:00,Station_18,33.54470000821883,-81.0843355345485,Water,-4.65,55.77,10.75,238.06,2,1043.99,0.18
2022-01-01 08:35:00,Station_18,30.80576385247557,-68.96201160946237,Water,16.71,40.24,2.25,452.15,4,1005.35,0.85
2022-01-01 08:40:00,Station_18,28.708386922328962,-80.41698672300663,Agricultural,31.42,73.87,3.83,763.22,1,1000.57,0.8
2022-01-01 08:45:00,Station_18,38.570833937564785,-77.29199136043032,Forest,3.46,89.89,5.24,958.27,10,981.9,0.11
2022-01-01 08:50:00,Station_18,41.88811999933621,-79.28696314125254,Barren,-5.96,81.19,13.43,774.92,1,991.44,0.1
2022-01-01 08:55:00,Station_18,33.435991395819826,-100.25599907421709,Barren,15.16,86.54,9.86,322.61,4,999.24,0.23
2022-01-01 09:00:00,Station_18,45.378454966918426,-116.37481738777991,Agricultural,21.09,41.69,5.45,250.41,10,1048.95,0.61
2022-01-01 09:05:00,Station_18,39.368387883753044,-96.7661656905188,Barren,16.51,50.62,3.63,492.9,6,985.43,0.46
2022-01-01 09:10:00,Station_18,45.00886844239079,-63.8554754983871,Urban,-6.95,62.69,3.49,463.22,0,1045.74,0.52
2022-01-01 09:15:00,Station_18,25.252378919761686,-100.36698494451224,Agricultural,23.84,39.42,7.87,496.58,0,1015.22,0.87
2022-01-01 09:20:00,Station_18,49.12333990568316,-83.55636477616883,Agricultural,22.31,63.22,2.33,931.64,8,1048.52,0.12
2022-01-01 09:25:00,Station_18,34.93041046596567,-75.07161197036567,Water,26.63,49.36,9.47,855.17,1,1017.71,0.73
2022-01-01 09:30:00,Station_18,41.16084549046569,-107.47003737172095,Barren,31.37,69.85,2.86,696.36,3,1019.08,0.39
2022-01-01 09:35:00,Station_18,42.6342407639291,-123.97566374386524,Forest,8.86,31.93,7.52,768.19,5,1025.65,0.75
2022-01-01 09:40:00,Station_18,49.77049458940016,-96.31590136218087,Barren,27.06,45.03,10.75,305.52,2,1028.82,0.4
2022-01-01 09:45:00,Station_18,27.992400775021608,-92.73110330640827,Urban,3.15,34.87,4.12,382.74,7,1038.46,0.17
2022-01-01 09:50:00,Station_18,47.479220540853106,-121.25558636815201,Urban,32.17,62.76,11.1,974.9,8,1038.61,0.62
2022-01-01 09:55:00,Station_18,33.684011799527795,-94.49141574212544,Urban,16.43,33.39,1.32,469.62,10,1016.81,0.41
2022-01-01 10:00:00,Station_18,25.070763833751965,-107.63727772525131,Barren,-1.51,69.53,5.79,489.53,1,990.46,0.56
2022-01-01 10:05:00,Station_18,41.69826220745156,-86.10360343390165,Water,15.14,67.68,9.26,511.33,0,998.92,0.23
2022-01-01 10:10:00,Station_18,32.67531113721479,-116.98144171282343,Barren,22.81,47.42,5.24,610.74,5,993.91,0.61
2022-01-01 10:15:00,Station_18,30.818457971823523,-93.99578226179247,Barren,20.25,55.92,14.46,134.92,3,998.29,0.73
2022-01-01 10:20:00,Station_18,25.31180797638658,-119.74737258826146,Forest,9.5,68.39,5.1,800.47,7,1010.3,0.6
2022-01-01 10:25:00,Station_18,42.358777426083826,-79.6542929621377,Agricultural,22.98,64.87,2.16,795.09,2,1029.82,0.85
2022-01-01 10:30:00,Station_18,31.443080742619394,-87.70692170624673,Barren,25.35,45.08,5.5,866.81,0,1038.48,0.39
2022-01-01 10:35:00,Station_18,35.520396130691836,-79.70167501167775,Urban,34.25,57.81,13.09,601.43,4,1030.58,0.35
2022-01-01 10:40:00,Station_18,45.32418427647774,-119.6370595948917,Barren,-1.61,78.08,0.07,827.2,9,1035.6,0.81
2022-01-01 10:45:00,Station_18,35.81266808462871,-78.37381473714979,Forest,6.44,78.65,14.73,438.71,0,1042.5,0.4
2022-01-01 10:50:00,Station_18,35.00820905778364,-65.31331073195318,Urban,2.85,88.08,12.82,934.62,10,1036.31,0.34
2022-01-01 10:55:00,Station_18,34.639183991720714,-99.85455766099575,Water,24.92,40.13,7.43,583.98,9,1018.69,0.67
2022-01-01 11:00:00,Station_18,27.391964091139627,-124.12984843434846,Barren,34.8,71.78,8.7,838.13,4,1023.59,0.74
2022-01-01 11:05:00,Station_18,49.991694818248504,-109.92103696819923,Forest,4.64,73.48,9.32,439.12,9,1048.65,0.88
2022-01-01 11:10:00,Station_18,46.58395239232557,-94.27649447115036,Water,32.58,51.9,14.16,617.82,1,1003.69,0.61
2022-01-01 11:15:00,Station_18,48.63773936808605,-111.36795666502383,Water,8.38,37.15,10.19,402.15,7,985.75,0.42
2022-01-01 11:20:00,Station_18,36.61729975284293,-112.45249440219087,Forest,8.14,36.01,13.4,689.25,7,1048.54,0.15
2022-01-01 11:25:00,Station_18,35.62814998547657,-116.32794647406371,Forest,14.57,87.22,10.67,682.66,1,1021.62,0.6
2022-01-01 11:30:00,Station_18,29.12872756796199,-123.47806107439843,Forest,25.0,52.83,12.62,268.16,1,1038.07,0.72
2022-01-01 11:35:00,Station_18,32.522574547487096,-119.62909922408294,Forest,9.49,57.06,5.59,616.42,2,980.28,0.59
2022-01-01 11:40:00,Station_18,37.08990333430112,-115.50426635504897,Water,14.17,37.05,12.83,938.33,10,997.89,0.43
2022-01-01 11:45:00,Station_18,32.05631843256939,-124.0766484791059,Forest,27.91,88.24,7.31,297.22,6,1043.5,0.89
2022-01-01 11:50:00,Station_18,27.379236327631386,-65.0681889607693,Urban,-4.4,82.45,9.36,472.68,6,1001.14,0.4
2022-01-01 11:55:00,Station_18,44.805231271008545,-87.68721965251757,Agricultural,-0.29,32.01,8.04,464.45,3,985.38,0.57
2022-01-01 12:00:00,Station_18,36.505277174884704,-101.09281333470128,Agricultural,-9.12,55.96,1.61,398.69,10,1024.79,0.65
2022-01-01 12:05:00,Station_18,36.33875893165767,-111.83154203239576,Barren,17.32,57.8,9.72,851.36,9,992.37,0.49
2022-01-01 12:10:00,Station_18,25.634070700890447,-108.50117096803547,Forest,16.06,43.64,14.0,591.42,8,1025.0,0.88
2022-01-01 12:15:00,Station_18,29.553485197858905,-111.68610711717399,Barren,32.45,80.45,7.08,627.43,1,1041.92,0.41
2022-01-01 12:20:00,Station_18,29.784264270875696,-67.3989977734701,Forest,6.46,65.91,9.75,784.62,10,1045.56,0.48
2022-01-01 12:25:00,Station_18,28.935424585945384,-64.00912815163034,Barren,14.59,86.29,8.1,351.69,8,999.88,0.16
2022-01-01 12:30:00,Station_18,47.43236496885016,-75.43391223768533,Forest,4.65,50.33,7.94,143.56,6,1026.41,0.76
2022-01-01 12:35:00,Station_18,41.45107921253698,-72.6702715065397,Forest,5.85,65.46,0.91,267.04,1,1013.42,0.19
2022-01-01 12:40:00,Station_18,25.004622758180645,-109.48466473126967,Water,33.55,56.24,2.81,133.44,1,1012.64,0.12
2022-01-01 12:45:00,Station_18,38.211720024320705,-91.08373281975742,Urban,21.9,88.75,6.45,697.81,6,1010.94,0.44
2022-01-01 12:50:00,Station_18,27.64412875790154,-120.7675320376544,Water,34.6,84.28,12.22,145.56,8,1033.91,0.48
2022-01-01 12:55:00,Station_18,29.775191119670705,-102.21164383820116,Water,17.17,88.25,8.13,590.34,0,1025.59,0.42
2022-01-01 13:00:00,Station_18,30.959971863988383,-100.5756698926303,Barren,30.69,63.45,8.54,845.36,3,1038.85,0.76
2022-01-01 13:05:00,Station_18,49.871909768691324,-102.20612979950474,Agricultural,11.62,61.09,13.99,884.34,3,1045.77,0.36
2022-01-01 13:10:00,Station_18,42.318842347358256,-84.0921595486945,Agricultural,11.26,66.95,5.22,766.81,5,1027.58,0.18
2022-01-01 13:15:00,Station_18,33.14591688204673,-93.51613243912064,Urban,1.5,76.46,8.37,186.77,7,1047.03,0.5
2022-01-01 13:20:00,Station_18,41.953453944115935,-68.06060067955241,Agricultural,0.62,37.8,6.17,730.82,6,991.56,0.49
2022-01-01 13:25:00,Station_18,31.597220048474693,-118.72222178664867,Barren,26.98,44.61,9.25,690.12,7,1013.78,0.12
2022-01-01 13:30:00,Station_18,39.38494690210139,-89.61883795000404,Urban,0.79,33.41,13.64,216.9,10,1009.5,0.34
2022-01-01 13:35:00,Station_18,25.574132654617983,-105.29118292072013,Forest,-5.08,44.06,1.39,549.31,3,1000.66,0.77
2022-01-01 13:40:00,Station_18,27.608649042242323,-61.74586388574023,Agricultural,29.62,79.04,6.37,753.7,9,1021.88,0.87
2022-01-01 13:45:00,Station_18,37.949130550537646,-95.47817905076984,Urban,4.26,83.52,3.12,671.69,3,1017.73,0.68
2022-01-01 13:50:00,Station_18,45.731047361262796,-90.28996989936701,Urban,31.76,80.69,8.61,386.57,3,1005.08,0.69
2022-01-01 13:55:00,Station_18,33.52200957429788,-63.63025992690339,Barren,6.57,31.7,13.58,918.74,1,1047.28,0.51
2022-01-01 14:00:00,Station_18,28.799427392304455,-70.32040175256584,Barren,27.0,36.42,1.5,979.11,4,1045.34,0.73
2022-01-01 14:05:00,Station_18,34.479995438112105,-110.0121204236016,Barren,9.65,59.72,5.14,586.68,6,992.29,0.83
2022-01-01 14:10:00,Station_18,49.62133790647522,-79.03393175612314,Forest,32.58,87.36,10.8,992.07,3,1024.36,0.71
2022-01-01 14:15:00,Station_18,29.18171250899148,-87.81036746967342,Agricultural,8.02,66.11,14.24,144.6,3,1000.63,0.3
2022-01-01 14:20:00,Station_18,42.34200969610143,-106.34090889916456,Forest,8.08,70.65,8.33,581.23,6,991.52,0.17
2022-01-01 14:25:00,Station_18,36.50603616505065,-85.75348287828683,Barren,14.6,40.38,0.66,204.95,3,1012.54,0.46
2022-01-01 14:30:00,Station_18,43.91029965258471,-79.59593587000037,Agricultural,28.36,49.7,7.51,583.8,8,1018.12,0.41
2022-01-01 14:35:00,Station_18,42.025603907690126,-87.71781870376,Urban,7.38,88.0,6.83,261.78,3,1009.66,0.82
2022-01-01 14:40:00,Station_18,38.32245234689909,-67.29039639361129,Forest,16.11,51.1,3.08,194.48,5,980.88,0.81
2022-01-01 14:45:00,Station_18,25.359928316147304,-81.53751589538962,Urban,19.66,56.76,0.19,689.89,10,1041.32,0.75
2022-01-01 14:50:00,Station_18,33.517317757125134,-97.74032632694872,Water,11.34,89.36,4.06,239.06,3,1004.8,0.14
2022-01-01 14:55:00,Station_18,46.586167213700875,-91.32617182734461,Agricultural,-8.72,80.71,13.53,723.63,7,1018.41,0.23
2022-01-01 15:00:00,Station_18,31.17506113621004,-123.80912086510052,Water,2.87,44.44,11.46,544.53,0,1035.44,0.73
2022-01-01 15:05:00,Station_18,32.22217127118619,-91.62462712964853,Forest,11.27,33.32,0.73,270.52,6,1043.98,0.87
2022-01-01 15:10:00,Station_18,35.46368339982486,-93.42280754326123,Urban,-0.29,62.22,13.6,127.71,8,1007.92,0.69
2022-01-01 15:15:00,Station_18,35.25050421261812,-112.65568809573243,Water,13.81,77.17,0.91,374.45,8,1016.5,0.59
2022-01-01 15:20:00,Station_18,49.809284302284865,-96.23476935305393,Agricultural,25.01,84.78,2.18,545.97,2,1045.36,0.41
2022-01-01 15:25:00,Station_18,28.56832202988144,-70.72227481106582,Water,17.18,86.45,4.1,735.56,6,1007.5,0.49
2022-01-01 15:30:00,Station_18,29.697194478001663,-120.06243358076959,Water,-2.18,62.25,3.71,597.03,0,1027.95,0.12
2022-01-01 15:35:00,Station_18,35.54329958644681,-102.54526474030904,Water,-2.63,32.92,4.49,101.4,5,1037.38,0.42
2022-01-01 15:40:00,Station_18,36.856109963606826,-117.96761449936359,Forest,-9.74,36.46,6.57,833.31,8,1049.29,0.12
2022-01-01 15:45:00,Station_18,40.19080840287255,-74.50924347072893,Barren,31.47,44.91,4.54,894.35,10,1045.66,0.14
2022-01-01 15:50:00,Station_18,32.40738149129494,-67.26294722114073,Barren,7.13,86.88,9.97,736.1,6,993.86,0.31
2022-01-01 15:55:00,Station_18,49.94088298702401,-124.1222423397161,Water,29.18,39.24,10.13,402.77,0,1033.33,0.81
2022-01-01 16:00:00,Station_18,37.82961530934509,-86.76138236247641,Agricultural,10.17,46.25,6.64,858.85,8,1014.45,0.5
2022-01-01 16:05:00,Station_18,36.61104686516283,-114.54358391177223,Forest,23.09,74.16,3.13,529.83,6,1000.72,0.76
2022-01-01 16:10:00,Station_18,44.41027263151163,-68.02856925753667,Barren,14.94,70.6,1.67,359.79,1,986.55,0.37
2022-01-01 16:15:00,Station_18,42.340252834547016,-108.25436572060968,Urban,-8.02,86.72,7.73,838.49,1,987.6,0.13
2022-01-01 16:20:00,Station_18,38.137624285889885,-72.35591191747875,Agricultural,12.68,63.58,8.8,734.41,6,982.29,0.48
2022-01-01 16:25:00,Station_18,39.38944666076024,-72.0886390612165,Urban,18.12,79.79,7.56,907.31,10,1016.62,0.76
2022-01-01 16:30:00,Station_18,37.360696291185874,-90.53563962269551,Agricultural,18.75,81.68,9.21,232.98,9,987.77,0.18
2022-01-01 16:35:00,Station_18,42.114684223411246,-105.87279991080356,Forest,2.4,56.12,8.68,619.95,3,1037.8,0.52
2022-01-01 16:40:00,Station_18,29.320553539408294,-100.68212980855078,Urban,25.86,55.07,12.4,148.13,2,991.02,0.53
2022-01-01 16:45:00,Station_18,30.70934900848004,-116.12181108947706,Water,29.42,39.44,10.95,892.0,9,1017.76,0.57
2022-01-01 16:50:00,Station_18,48.08396540762044,-94.05523077396838,Agricultural,12.86,45.17,4.06,145.68,9,1024.13,0.18
2022-01-01 16:55:00,Station_18,46.05434146174774,-104.24698098356001,Agricultural,25.02,75.44,4.25,484.78,8,989.14,0.9
2022-01-01 17:00:00,Station_18,44.409729062033115,-94.391136490095,Forest,22.22,54.74,4.66,620.13,4,1029.83,0.66
2022-01-01 17:05:00,Station_18,47.398782506143235,-91.86032777860677,Water,2.17,75.26,14.35,297.99,4,1014.02,0.25
2022-01-01 17:10:00,Station_18,48.157558587938325,-88.13815959642179,Water,23.34,67.92,9.58,802.86,8,1025.21,0.85
2022-01-01 17:15:00,Station_18,31.522989131882277,-86.78496618526773,Water,4.67,35.45,5.98,924.26,9,999.3,0.25
2022-01-01 17:20:00,Station_18,27.22763833802395,-66.91961576856016,Forest,18.35,35.37,6.46,423.75,7,993.46,0.42
2022-01-01 17:25:00,Station_18,49.3127893501257,-94.91253951270822,Urban,7.16,78.35,5.69,462.36,5,984.14,0.28
2022-01-01 17:30:00,Station_18,46.897060757023624,-63.98994256474452,Urban,10.87,67.9,5.39,302.87,0,1033.32,0.43
2022-01-01 17:35:00,Station_18,46.444878811390716,-79.20846676152169,Forest,5.68,79.44,10.35,330.9,2,1018.28,0.14
2022-01-01 17:40:00,Station_18,37.3400777932074,-70.252316839961,Barren,-4.38,73.81,13.7,369.51,1,1013.68,0.66
2022-01-01 17:45:00,Station_18,33.25331128464546,-78.98916357611267,Forest,1.83,54.71,4.01,787.5,4,1034.16,0.48
2022-01-01 17:50:00,Station_18,39.55953896572142,-122.63252747016838,Agricultural,6.81,42.35,0.09,842.74,6,988.73,0.74
2022-01-01 17:55:00,Station_18,40.362111007711974,-124.62266524062431,Barren,27.11,36.19,9.69,765.57,0,1005.76,0.78
2022-01-01 18:00:00,Station_18,41.41536441393096,-73.07440224372431,Forest,-7.12,78.6,4.31,269.13,2,989.09,0.34
2022-01-01 18:05:00,Station_18,46.377802411445955,-71.87417007506502,Forest,-0.96,56.53,5.96,686.33,4,980.9,0.28
2022-01-01 18:10:00,Station_18,38.223041229449194,-92.7582555884126,Urban,21.45,52.14,3.44,176.96,10,997.13,0.77
2022-01-01 18:15:00,Station_18,31.761450887584214,-84.45167901755718,Barren,30.29,57.44,7.01,248.75,0,996.13,0.45
2022-01-01 18:20:00,Station_18,31.469819591200533,-94.53448767109644,Agricultural,8.62,60.55,14.41,996.79,3,997.73,0.2
2022-01-01 18:25:00,Station_18,28.851384876579356,-75.49091886809381,Urban,-5.08,33.98,9.53,677.11,0,1013.36,0.77
2022-01-01 18:30:00,Station_18,43.340424480167215,-112.36424319064895,Agricultural,13.53,51.76,11.53,372.04,7,988.23,0.56
2022-01-01 18:35:00,Station_18,44.53818082835115,-108.57009957170514,Forest,3.06,85.69,2.92,491.18,9,1008.62,0.43
2022-01-01 18:40:00,Station_18,29.301719893605586,-63.86935820887144,Water,7.13,63.95,3.25,739.61,5,999.89,0.29
2022-01-01 18:45:00,Station_18,44.1680365545445,-69.80499971890794,Forest,6.96,37.61,12.8,736.12,3,1042.24,0.65
2022-01-01 18:50:00,Station_18,31.79920704470275,-109.45120404926007,Barren,2.84,34.48,1.0,725.07,2,1002.28,0.12
2022-01-01 18:55:00,Station_18,46.10942824756248,-118.08889979203802,Urban,7.68,47.06,7.01,468.29,5,997.99,0.69
2022-01-01 19:00:00,Station_18,32.557173668746415,-94.25439232485796,Forest,23.79,88.75,9.42,308.33,2,1038.15,0.66
2022-01-01 19:05:00,Station_18,37.88287290855991,-75.66793081261488,Forest,10.87,51.7,8.82,797.07,2,993.05,0.58
2022-01-01 19:10:00,Station_18,37.92600148869572,-84.9827630257078,Forest,16.46,68.65,4.01,103.36,6,1036.7,0.62
2022-01-01 19:15:00,Station_18,40.57801328520493,-75.57481430635536,Water,19.39,36.82,4.93,904.55,7,983.02,0.69
2022-01-01 19:20:00,Station_18,31.85380416060145,-96.43766879232066,Agricultural,-3.02,69.84,9.35,180.78,6,1015.79,0.51
2022-01-01 19:25:00,Station_18,25.074819463546056,-92.66959505798776,Forest,5.55,69.24,10.05,141.27,0,1034.67,0.47
2022-01-01 19:30:00,Station_18,47.43262257665296,-69.18397879013509,Barren,-6.69,80.61,14.34,590.57,2,987.04,0.56
2022-01-01 19:35:00,Station_18,39.30935580317031,-60.392718716464,Forest,12.95,39.52,0.06,631.31,1,1002.66,0.32
2022-01-01 19:40:00,Station_18,27.752297620638736,-78.1818490853517,Agricultural,32.79,86.61,0.45,539.1,3,1014.94,0.87
2022-01-01 19:45:00,Station_18,43.49562983688862,-82.93365838527701,Forest,32.89,80.69,11.16,443.59,9,982.5,0.56
2022-01-01 19:50:00,Station_18,31.181130529053235,-71.52548966673089,Urban,16.22,60.09,14.65,780.95,4,1012.01,0.15
2022-01-01 19:55:00,Station_18,34.36509014799256,-88.41914526112001,Water,6.64,68.0,0.56,462.93,1,1039.01,0.37
2022-01-01 20:00:00,Station_18,38.98437954969547,-121.44496492149715,Water,-4.95,84.05,13.36,876.87,6,988.72,0.45
2022-01-01 20:05:00,Station_18,26.251274196555418,-74.58149166376245,Agricultural,31.37,47.05,5.14,716.33,2,997.72,0.12
2022-01-01 20:10:00,Station_18,33.50795557942598,-110.99236893376313,Forest,-0.58,73.66,14.73,152.58,3,1044.27,0.53
2022-01-01 20:15:00,Station_18,43.11333365217148,-116.11850665447717,Barren,5.25,60.99,2.74,980.66,7,1027.76,0.73
2022-01-01 20:20:00,Station_18,32.447778565392234,-109.16261692043336,Urban,2.91,47.26,5.44,878.22,4,981.47,0.31
2022-01-01 20:25:00,Station_18,31.15758600593579,-116.28646714958273,Urban,-3.2,31.71,6.77,199.03,0,1018.5,0.78
2022-01-01 20:30:00,Station_18,35.78975595951401,-71.15389111820387,Urban,-6.66,64.87,8.8,598.45,7,1001.65,0.53
2022-01-01 20:35:00,Station_18,45.107945035717634,-71.14520243626683,Water,23.75,66.95,5.97,975.84,0,982.75,0.78
2022-01-01 20:40:00,Station_18,34.877684472607115,-77.22729561970102,Agricultural,10.42,74.47,3.56,433.1,6,1015.59,0.76
2022-01-01 20:45:00,Station_18,34.66151248640319,-79.15433316546611,Forest,16.12,41.56,2.19,702.36,7,998.84,0.23
2022-01-01 20:50:00,Station_18,34.82280321200899,-104.85706203204983,Forest,7.94,70.44,7.14,683.51,5,1006.82,0.21
2022-01-01 20:55:00,Station_18,32.34278683274272,-73.50059757038767,Water,14.24,63.99,1.72,147.39,10,986.64,0.62
2022-01-01 21:00:00,Station_18,38.671073787580525,-97.03513952478437,Barren,0.76,71.68,12.93,156.59,7,990.76,0.7
2022-01-01 21:05:00,Station_18,39.59317734013419,-86.94460847533811,Urban,4.93,68.94,6.53,577.13,10,1032.47,0.9
2022-01-01 21:10:00,Station_18,33.18134629857751,-112.08672967349601,Water,11.14,74.95,9.53,216.08,4,1035.22,0.28
2022-01-01 21:15:00,Station_18,29.78483085682769,-62.48110697020139,Forest,-2.78,65.96,3.55,150.1,6,1033.82,0.4
2022-01-01 21:20:00,Station_18,28.76219229798348,-82.88924463330525,Water,6.14,50.02,4.74,630.29,0,1026.44,0.73
2022-01-01 21:25:00,Station_18,38.907607210612284,-63.456799419429984,Agricultural,29.8,72.53,1.53,890.38,6,1009.71,0.58
2022-01-01 21:30:00,Station_18,44.07417695663128,-97.19575446621305,Urban,-4.32,64.92,13.03,834.38,5,1025.09,0.88
2022-01-01 21:35:00,Station_18,40.22607865983609,-121.41643369130055,Water,21.98,73.96,8.71,151.09,7,981.07,0.11
2022-01-01 21:40:00,Station_18,43.658985955915284,-91.66930748000055,Urban,7.22,51.8,3.75,262.69,8,1000.69,0.11
2022-01-01 21:45:00,Station_18,45.81371456248966,-115.08197038415399,Urban,31.92,71.09,8.85,281.45,1,1007.43,0.48
2022-01-01 21:50:00,Station_18,49.356019351879425,-87.9600379932034,Urban,21.17,52.13,1.52,436.83,1,982.66,0.58
2022-01-01 21:55:00,Station_18,43.75931382974548,-86.65542641826141,Urban,2.61,40.36,9.42,639.75,8,1029.25,0.63
2022-01-01 22:00:00,Station_18,35.23997880701215,-102.71991030606853,Barren,7.82,88.98,0.86,164.41,4,1048.06,0.16
2022-01-01 22:05:00,Station_18,44.560898286515624,-103.21833522132474,Forest,-0.69,60.44,6.27,511.82,2,983.15,0.63
2022-01-01 22:10:00,Station_18,42.96772705068601,-89.11265261724027,Water,28.0,35.66,13.04,846.05,5,1038.08,0.23
2022-01-01 22:15:00,Station_18,41.0308859288284,-70.91642521162044,Agricultural,13.75,46.84,7.6,218.58,3,1023.49,0.39
2022-01-01 22:20:00,Station_18,39.28906165919754,-105.82364998712012,Barren,19.04,34.59,1.84,369.32,0,1004.0,0.42
2022-01-01 22:25:00,Station_18,38.72933113632969,-97.40796968168682,Urban,18.29,81.32,14.7,285.9,9,990.97,0.75
2022-01-01 22:30:00,Station_18,45.3836326075579,-108.98772706972252,Urban,28.02,89.71,0.54,166.25,3,1021.02,0.18
2022-01-01 22:35:00,Station_18,48.19099769697442,-110.05890925330027,Forest,13.2,59.14,9.16,603.35,3,1036.56,0.11
2022-01-01 22:40:00,Station_18,32.85738675781654,-96.20981402129917,Agricultural,13.46,44.33,13.25,410.48,3,1005.41,0.9
2022-01-01 22:45:00,Station_18,47.002127488941255,-97.5117577113276,Forest,15.86,65.54,3.24,313.73,2,1020.29,0.37
2022-01-01 22:50:00,Station_18,31.611145037758128,-115.08537415838714,Urban,19.29,71.66,10.35,330.34,6,1041.6,0.42
2022-01-01 22:55:00,Station_18,46.56334218508604,-101.96015467094742,Urban,17.66,84.89,13.26,643.69,9,994.43,0.6
2022-01-01 23:00:00,Station_18,46.71341467648655,-108.24935736478085,Barren,9.64,58.88,12.96,444.97,2,1047.68,0.55
2022-01-01 23:05:00,Station_18,25.321970361052777,-61.979468377970996,Water,6.06,30.76,10.83,832.62,3,1029.73,0.11
2022-01-01 23:10:00,Station_18,26.1593172503392,-85.32334805774946,Water,32.64,71.15,11.74,748.5,7,1025.51,0.33
2022-01-01 23:15:00,Station_18,27.586119866706703,-115.32907176736994,Forest,6.74,30.07,4.88,646.28,3,1041.7,0.9
2022-01-01 23:20:00,Station_18,34.33614024789794,-67.1655991976082,Urban,-5.54,55.33,7.38,348.19,10,1029.01,0.86
2022-01-01 23:25:00,Station_18,45.26217653331567,-79.26015587185307,Urban,-1.05,83.12,1.5,490.05,0,995.34,0.34
2022-01-01 23:30:00,Station_18,48.88371142527524,-92.90181382376261,Water,-3.99,45.77,9.21,196.96,3,1016.52,0.21
2022-01-01 23:35:00,Station_18,28.06335639264144,-112.91765741036492,Urban,34.82,41.36,4.01,212.99,6,995.68,0.24
2022-01-01 23:40:00,Station_18,47.12712405147661,-60.161472640784226,Urban,17.64,59.5,2.12,750.37,0,1021.03,0.45
2022-01-01 23:45:00,Station_18,49.99890238609678,-108.16953887221368,Agricultural,-9.26,51.16,7.16,429.41,10,1007.66,0.59
2022-01-01 23:50:00,Station_18,46.24485370909038,-80.32902198617131,Agricultural,9.0,68.34,3.24,466.19,7,995.52,0.68
2022-01-01 23:55:00,Station_18,34.028105610861914,-89.3031333360253,Barren,32.93,30.97,12.55,887.97,9,1023.85,0.57
2022-01-01 00:00:00,Station_19,28.7017638092583,-110.90417355135611,Forest,23.0,30.7,4.19,575.68,6,1022.9,0.15
2022-01-01 00:05:00,Station_19,39.454494865220816,-98.46846921167202,Barren,15.55,60.18,14.14,824.32,6,1031.99,0.41
2022-01-01 00:10:00,Station_19,35.38485565141309,-100.87467064811915,Forest,-0.2,79.41,14.88,250.85,1,1025.96,0.85
2022-01-01 00:15:00,Station_19,42.84200713998012,-78.71134480838649,Forest,-4.69,74.44,9.7,718.49,7,1046.78,0.52
2022-01-01 00:20:00,Station_19,45.4137876661009,-112.388306797796,Urban,27.24,80.79,13.93,974.52,4,1049.38,0.86
2022-01-01 00:25:00,Station_19,49.53921578460169,-81.62001161858493,Forest,4.64,53.52,9.04,527.9,0,1044.45,0.41
2022-01-01 00:30:00,Station_19,27.108851619906787,-60.8412017924133,Agricultural,23.51,64.8,8.61,648.32,3,1030.93,0.81
2022-01-01 00:35:00,Station_19,26.154095776604397,-71.20448144124529,Agricultural,28.66,68.77,2.59,400.7,3,1004.31,0.44
2022-01-01 00:40:00,Station_19,29.52115903987949,-60.0418292756365,Agricultural,34.39,67.34,14.22,667.34,8,984.15,0.69
2022-01-01 00:45:00,Station_19,49.79823437817262,-83.98546546374237,Barren,2.61,49.18,14.78,849.23,9,1049.74,0.14
2022-01-01 00:50:00,Station_19,36.95974894283704,-105.51168540009786,Forest,-4.86,35.05,1.88,938.09,8,1030.45,0.15
2022-01-01 00:55:00,Station_19,33.63440283162875,-106.94779140016374,Agricultural,-2.55,82.0,9.97,110.1,2,1047.91,0.85
2022-01-01 01:00:00,Station_19,32.721335413891026,-78.3498307158468,Water,1.73,89.49,1.65,909.02,8,1002.99,0.17
2022-01-01 01:05:00,Station_19,28.952985078974123,-122.78337295235359,Water,9.23,41.5,6.36,962.11,3,982.62,0.86
2022-01-01 01:10:00,Station_19,40.29308854932285,-65.36777811402388,Urban,25.41,52.65,0.01,723.48,9,995.51,0.66
2022-01-01 01:15:00,Station_19,29.196283008783112,-108.10594267727267,Urban,6.03,45.85,14.34,739.83,6,981.51,0.55
2022-01-01 01:20:00,Station_19,30.025165069874248,-60.151896658336426,Barren,0.75,83.7,5.13,442.22,6,1044.93,0.82
2022-01-01 01:25:00,Station_19,30.972150729187796,-116.5753006003637,Agricultural,3.03,42.62,3.68,656.71,3,999.03,0.82
2022-01-01 01:30:00,Station_19,26.282378774286443,-103.52438057368434,Water,-0.75,59.79,10.08,155.49,8,994.46,0.11
2022-01-01 01:35:00,Station_19,42.27112458269568,-68.70360350323534,Forest,24.09,77.51,11.04,610.86,8,1007.06,0.32
2022-01-01 01:40:00,Station_19,44.70040386696705,-76.33129369513199,Agricultural,26.87,47.02,8.43,243.97,10,1041.66,0.76
2022-01-01 01:45:00,Station_19,25.893416466564908,-118.33688979645017,Urban,27.29,33.23,10.6,874.35,7,1031.05,0.76
2022-01-01 01:50:00,Station_19,32.523770926468714,-123.84563994197312,Agricultural,-0.84,78.22,3.92,693.22,9,988.53,0.27
2022-01-01 01:55:00,Station_19,30.960282265340954,-90.52240184683427,Forest,31.19,83.71,7.11,272.91,7,1046.48,0.48
2022-01-01 02:00:00,Station_19,33.22441362546836,-87.76438203764585,Urban,21.11,84.01,9.66,981.56,3,993.87,0.66
2022-01-01 02:05:00,Station_19,25.354301854820715,-98.2453296330317,Water,25.93,39.88,0.93,427.19,1,1002.83,0.56
2022-01-01 02:10:00,Station_19,35.87767572955477,-110.71784804980302,Forest,23.46,50.71,11.92,535.84,1,1024.95,0.52
2022-01-01 02:15:00,Station_19,25.379097193032376,-113.93448242000623,Agricultural,-8.76,38.62,11.24,104.1,7,982.04,0.49
2022-01-01 02:20:00,Station_19,26.106058906570674,-95.7146530976293,Urban,-4.49,42.09,3.19,751.72,5,1023.76,0.25
2022-01-01 02:25:00,Station_19,27.865011231168843,-112.96662932900081,Barren,31.64,63.93,14.05,116.13,10,1005.83,0.82
2022-01-01 02:30:00,Station_19,27.73407833569225,-63.87259405574102,Urban,16.44,35.56,7.49,359.97,9,1009.6,0.68
2022-01-01 02:35:00,Station_19,33.1651145132826,-82.82194844337538,Forest,7.92,78.17,8.75,494.27,2,1030.24,0.23
2022-01-01 02:40:00,Station_19,29.988189041412248,-83.88656048558069,Water,-4.98,37.13,4.35,806.17,4,1023.58,0.33
2022-01-01 02:45:00,Station_19,43.33218132817052,-89.11800335527104,Urban,-4.66,80.09,14.65,522.86,5,1005.77,0.33
2022-01-01 02:50:00,Station_19,49.46204416201742,-69.11810992285803,Barren,11.16,83.42,13.45,555.33,9,1002.4,0.31
2022-01-01 02:55:00,Station_19,25.553543427965135,-94.33891575227582,Water,-2.77,52.02,3.95,377.21,10,1026.08,0.38
2022-01-01 03:00:00,Station_19,30.622846894110673,-124.10845973015594,Urban,21.59,50.5,13.2,854.6,3,1048.66,0.15
2022-01-01 03:05:00,Station_19,46.93478700530366,-119.2910157069031,Barren,18.32,52.15,0.45,124.63,5,1025.45,0.79
2022-01-01 03:10:00,Station_19,34.456986725795836,-103.25988762393747,Forest,14.38,42.8,11.68,903.2,3,1011.12,0.17
2022-01-01 03:15:00,Station_19,31.15302634442822,-112.57628821943784,Forest,30.04,59.58,12.08,472.13,8,988.11,0.47
2022-01-01 03:20:00,Station_19,43.17708113534251,-104.82828747514654,Water,14.57,75.69,2.86,899.91,1,1028.85,0.81
2022-01-01 03:25:00,Station_19,39.30175480858797,-105.0016549267458,Agricultural,25.81,43.86,5.75,880.35,7,1004.22,0.51
2022-01-01 03:30:00,Station_19,25.29120308127237,-93.98637561169015,Urban,26.87,87.01,9.51,429.18,2,1045.03,0.23
2022-01-01 03:35:00,Station_19,49.08842508592919,-81.38720087760672,Agricultural,-1.78,76.96,1.97,882.57,1,985.96,0.53
2022-01-01 03:40:00,Station_19,25.55876111993799,-113.86267226320194,Forest,-4.56,66.45,10.91,631.88,1,992.48,0.51
2022-01-01 03:45:00,Station_19,43.51746434641983,-122.96610511771358,Water,15.17,41.9,11.21,332.18,5,1013.74,0.13
2022-01-01 03:50:00,Station_19,37.90093487139772,-94.4774226089504,Urban,-2.39,88.24,8.36,618.41,9,1035.79,0.18
2022-01-01 03:55:00,Station_19,41.3562634096928,-84.031226802994,Urban,15.08,60.23,11.16,600.73,5,985.45,0.37
2022-01-01 04:00:00,Station_19,40.12190866822971,-80.36040966456854,Water,18.27,84.67,2.51,162.6,10,1013.3,0.71
2022-01-01 04:05:00,Station_19,44.920144771042075,-116.72941292011721,Urban,13.64,75.06,9.3,844.25,4,1011.72,0.62
2022-01-01 04:10:00,Station_19,40.23298379112052,-111.64233564457946,Forest,-4.69,49.06,4.38,408.62,9,986.59,0.29
2022-01-01 04:15:00,Station_19,38.8522536367259,-110.90679139756837,Water,7.24,49.44,2.74,264.92,7,1002.54,0.74
2022-01-01 04:20:00,Station_19,35.589183817726074,-82.13161375851176,Barren,13.77,89.91,8.38,567.67,0,1047.03,0.83
2022-01-01 04:25:00,Station_19,44.86195554045548,-62.128359140770094,Water,-6.92,84.03,3.9,341.56,1,983.74,0.54
2022-01-01 04:30:00,Station_19,39.69404471450575,-69.46801667160838,Forest,-3.05,66.31,10.51,339.4,6,1046.15,0.74
2022-01-01 04:35:00,Station_19,33.47114736725494,-83.55823216295744,Urban,-3.89,34.7,2.73,740.76,0,1046.13,0.16
2022-01-01 04:40:00,Station_19,30.083178058446453,-66.49466725134373,Water,27.16,71.92,1.4,224.76,0,991.76,0.46
2022-01-01 04:45:00,Station_19,46.100293177145794,-78.64146166987419,Agricultural,15.2,38.56,7.1,988.71,0,1041.12,0.54
2022-01-01 04:50:00,Station_19,44.86561519113293,-66.78125142074862,Agricultural,32.39,63.59,10.69,498.34,2,1039.7,0.34
2022-01-01 04:55:00,Station_19,47.395677266246054,-114.95052064626508,Barren,11.59,63.73,6.3,670.91,2,986.39,0.77
2022-01-01 05:00:00,Station_19,27.241184585907284,-111.25125095946433,Barren,-5.05,57.1,11.15,193.98,2,1029.37,0.64
2022-01-01 05:05:00,Station_19,29.32677673939716,-106.8476862240504,Water,10.72,59.08,2.29,293.37,1,992.01,0.5
2022-01-01 05:10:00,Station_19,46.42999096827863,-96.5655335321271,Water,19.28,43.33,6.13,994.29,7,983.37,0.74
2022-01-01 05:15:00,Station_19,46.86029019890488,-111.65268035610289,Barren,4.56,45.41,7.03,354.27,5,1010.47,0.2
2022-01-01 05:20:00,Station_19,27.042776714800183,-89.10849342236907,Barren,13.5,77.78,14.27,268.81,9,1042.2,0.21
2022-01-01 05:25:00,Station_19,46.35387915360921,-78.0256435480576,Water,0.47,52.17,0.42,179.26,5,1019.77,0.88
2022-01-01 05:30:00,Station_19,26.45638548392518,-81.01723941805855,Agricultural,19.25,77.05,3.16,530.05,5,1023.84,0.24
2022-01-01 05:35:00,Station_19,32.924097781252485,-84.51907717862895,Forest,29.4,76.48,13.48,355.66,0,1041.09,0.18
2022-01-01 05:40:00,Station_19,40.6554838656905,-124.60592461153333,Water,33.51,71.94,5.06,387.68,5,1019.62,0.89
2022-01-01 05:45:00,Station_19,43.556163903430416,-85.8781456562344,Water,-9.37,57.08,5.01,662.08,6,1000.3,0.43
2022-01-01 05:50:00,Station_19,45.349474685339764,-83.00777372260757,Barren,20.23,65.27,5.3,256.67,10,1046.67,0.51
2022-01-01 05:55:00,Station_19,42.25874401530851,-74.18942679269041,Urban,-1.35,56.42,1.25,282.19,4,1032.34,0.59
2022-01-01 06:00:00,Station_19,46.44881718397756,-83.30632109713613,Water,7.96,72.39,5.08,314.58,4,1030.63,0.44
2022-01-01 06:05:00,Station_19,27.37884332288352,-62.65188585061434,Water,-6.38,68.17,10.95,692.96,7,988.07,0.47
2022-01-01 06:10:00,Station_19,30.72865615991204,-124.84035160292211,Forest,24.69,60.6,3.11,483.71,10,1023.64,0.28
2022-01-01 06:15:00,Station_19,25.478969352341522,-100.67718288363439,Urban,-6.31,75.21,10.03,829.41,2,983.71,0.61
2022-01-01 06:20:00,Station_19,38.967982866725436,-77.20582032667153,Urban,-7.53,75.35,14.9,911.46,5,1034.73,0.42
2022-01-01 06:25:00,Station_19,33.39825899160756,-75.33692064254097,Urban,-7.32,44.19,3.89,614.35,6,998.16,0.48
2022-01-01 06:30:00,Station_19,27.041710249968794,-79.75422615082658,Forest,20.01,65.61,9.04,738.33,5,1029.13,0.74
2022-01-01 06:35:00,Station_19,49.31932445215432,-86.87088574158878,Forest,-6.96,85.95,0.24,232.03,5,984.69,0.55
2022-01-01 06:40:00,Station_19,37.81484145204837,-82.88952749986271,Water,18.37,47.94,14.81,409.43,8,1044.43,0.43
2022-01-01 06:45:00,Station_19,43.2122522529853,-94.2586011930466,Barren,-3.18,61.89,4.55,967.07,6,1043.99,0.32
2022-01-01 06:50:00,Station_19,32.2441998873815,-67.40910067557354,Forest,13.24,44.48,3.24,331.8,10,1021.16,0.77
2022-01-01 06:55:00,Station_19,42.723010298284144,-73.81534269679008,Agricultural,26.8,42.35,5.45,777.99,0,1048.16,0.4
2022-01-01 07:00:00,Station_19,31.607566287914267,-110.31962884595457,Urban,-3.28,75.15,5.57,704.16,6,1022.92,0.15
2022-01-01 07:05:00,Station_19,30.726054787240038,-71.14132868355503,Forest,28.37,35.36,10.22,735.0,5,1043.14,0.46
2022-01-01 07:10:00,Station_19,30.50918692738663,-102.46066004514796,Forest,-1.38,35.62,7.12,587.02,9,1027.92,0.39
2022-01-01 07:15:00,Station_19,32.06462239720186,-63.500392865063176,Agricultural,11.04,71.48,12.83,406.66,10,983.37,0.63
2022-01-01 07:20:00,Station_19,48.6304136320955,-101.57857349496558,Water,7.88,55.58,13.87,780.61,7,1009.53,0.62
2022-01-01 07:25:00,Station_19,47.06638875397888,-79.06700411787511,Agricultural,-1.18,77.46,10.81,560.72,8,1022.53,0.63
2022-01-01 07:30:00,Station_19,27.038659438383714,-107.4095850037308,Forest,9.66,62.38,13.31,172.25,0,1047.7,0.5
2022-01-01 07:35:00,Station_19,34.46046136967643,-101.74672746025632,Agricultural,-1.17,49.18,11.35,595.33,0,1020.96,0.57
2022-01-01 07:40:00,Station_19,32.82878472248528,-63.667826766779626,Agricultural,12.26,57.54,0.09,483.07,3,998.79,0.32
2022-01-01 07:45:00,Station_19,28.307502437091713,-64.08612073061487,Water,-7.09,86.18,6.27,349.61,3,1020.64,0.35
2022-01-01 07:50:00,Station_19,30.288985652035223,-77.88804613719407,Forest,2.17,78.64,2.95,162.58,7,987.84,0.33
2022-01-01 07:55:00,Station_19,32.937693078192225,-61.55124549495957,Agricultural,2.72,68.5,4.48,983.73,7,985.49,0.4
2022-01-01 08:00:00,Station_19,33.32621428724714,-94.68121771172531,Barren,14.81,74.89,5.22,361.02,0,991.44,0.53
2022-01-01 08:05:00,Station_19,40.46801623937372,-121.66498088651333,Urban,1.34,88.96,9.83,589.17,9,1010.27,0.78
2022-01-01 08:10:00,Station_19,37.277270840477,-94.56860878730717,Agricultural,-8.33,37.53,3.35,669.27,2,1023.57,0.33
2022-01-01 08:15:00,Station_19,35.91319522604725,-77.87003349411484,Barren,-8.2,58.19,6.68,728.64,3,1047.84,0.12
2022-01-01 08:20:00,Station_19,33.840638722347826,-86.1919930191318,Water,3.82,66.43,3.16,603.05,3,1009.88,0.17
2022-01-01 08:25:00,Station_19,47.70324235798347,-96.96945292539027,Water,31.78,38.25,10.72,294.12,10,1001.7,0.31
2022-01-01 08:30:00,Station_19,44.24109757557038,-115.14046619595653,Forest,32.43,33.3,11.88,426.75,10,987.74,0.74
2022-01-01 08:35:00,Station_19,35.484890238199526,-105.44751711834776,Agricultural,-5.89,49.65,4.42,157.81,8,988.6,0.76
2022-01-01 08:40:00,Station_19,49.65563202765746,-111.60929918343263,Barren,-7.81,69.62,6.26,237.53,8,1031.0,0.89
2022-01-01 08:45:00,Station_19,34.3204504152173,-69.30836494691499,Forest,25.08,35.0,3.39,727.2,0,988.6,0.58
2022-01-01 08:50:00,Station_19,36.70937218700916,-60.41981029713631,Forest,21.98,69.68,8.15,320.22,5,1011.28,0.57
2022-01-01 08:55:00,Station_19,36.174758513154565,-97.63037075358736,Forest,1.76,79.55,7.38,391.5,9,998.99,0.49
2022-01-01 09:00:00,Station_19,32.52625462786597,-108.20112053552866,Forest,2.42,61.9,5.67,267.66,3,990.32,0.82
2022-01-01 09:05:00,Station_19,48.51737389144809,-74.4165339315831,Water,15.48,44.38,2.76,645.49,3,1034.27,0.27
2022-01-01 09:10:00,Station_19,34.91850424616902,-116.23411182145315,Water,22.65,34.99,6.32,633.72,2,1006.52,0.59
2022-01-01 09:15:00,Station_19,37.10592998136184,-111.84378088511107,Barren,20.16,65.79,14.79,674.86,7,990.65,0.72
2022-01-01 09:20:00,Station_19,49.46287740794634,-72.12784204333343,Urban,0.13,69.65,6.45,623.84,5,1044.45,0.54
2022-01-01 09:25:00,Station_19,38.52719558346532,-117.51346447097578,Urban,17.06,34.88,8.26,188.57,5,1030.1,0.63
2022-01-01 09:30:00,Station_19,45.67994274900512,-100.41797663085762,Agricultural,25.25,49.9,14.67,829.51,8,1020.56,0.32
2022-01-01 09:35:00,Station_19,30.328323539332686,-124.48919136988104,Urban,18.51,52.78,7.13,703.74,8,1038.74,0.16
2022-01-01 09:40:00,Station_19,48.83658129285082,-101.49625073520221,Urban,34.39,61.7,11.27,117.52,1,1004.73,0.29
2022-01-01 09:45:00,Station_19,36.09478988039178,-93.50945811574239,Forest,-0.84,30.93,13.09,840.38,3,1026.09,0.2
2022-01-01 09:50:00,Station_19,28.003011944855434,-60.57233404278655,Urban,8.19,59.61,4.19,593.94,5,1001.63,0.78
2022-01-01 09:55:00,Station_19,39.349028965634744,-116.98542111187349,Barren,20.97,76.61,5.74,889.87,5,1031.9,0.51
2022-01-01 10:00:00,Station_19,43.81078637878154,-114.52418262582633,Barren,29.91,88.78,7.01,209.18,0,1040.85,0.18
2022-01-01 10:05:00,Station_19,26.081470743688406,-76.15913363308778,Barren,10.47,88.91,2.48,837.25,5,1002.87,0.74
2022-01-01 10:10:00,Station_19,31.772760686547965,-120.94548112156055,Water,-6.1,82.56,13.75,500.96,4,1017.48,0.67
2022-01-01 10:15:00,Station_19,26.250281821231933,-117.46418382316585,Agricultural,19.75,65.86,2.6,916.02,0,985.63,0.49
2022-01-01 10:20:00,Station_19,39.78095437726786,-97.50493657636224,Agricultural,-2.27,32.21,6.45,387.38,5,1046.69,0.76
2022-01-01 10:25:00,Station_19,27.76568697380407,-71.6680174514977,Water,-0.12,84.11,1.21,776.83,10,983.54,0.29
2022-01-01 10:30:00,Station_19,48.58170253556421,-107.09074228491096,Forest,22.29,73.61,13.99,249.73,9,1005.62,0.35
2022-01-01 10:35:00,Station_19,26.883308402002747,-112.14468421743615,Forest,12.51,47.89,11.75,316.57,7,1037.12,0.22
2022-01-01 10:40:00,Station_19,33.16645371158172,-67.3422147823622,Forest,33.36,83.37,11.17,111.06,3,989.14,0.31
2022-01-01 10:45:00,Station_19,34.81898390225312,-95.38031854971649,Agricultural,26.82,40.59,7.77,416.7,2,1003.29,0.57
2022-01-01 10:50:00,Station_19,26.625830107262804,-91.41261041020337,Forest,23.41,44.1,3.21,592.94,3,1012.98,0.17
2022-01-01 10:55:00,Station_19,34.20342300268296,-63.9180332482002,Agricultural,18.75,52.91,1.02,481.44,10,1042.17,0.65
2022-01-01 11:00:00,Station_19,45.4117865533143,-61.762152732611376,Urban,13.68,39.73,14.81,754.11,5,1036.84,0.28
2022-01-01 11:05:00,Station_19,25.595012222789425,-101.49824322460873,Forest,9.66,39.39,11.63,851.71,2,1001.76,0.37
2022-01-01 11:10:00,Station_19,32.16952041121752,-99.02114187270638,Urban,19.61,59.2,8.86,744.66,0,1016.39,0.83
2022-01-01 11:15:00,Station_19,49.39598679026378,-73.1269215325478,Forest,21.31,83.14,1.05,457.98,8,1041.03,0.59
2022-01-01 11:20:00,Station_19,31.53425043139729,-77.50464795544194,Barren,9.09,39.44,4.55,523.53,3,1012.28,0.27
2022-01-01 11:25:00,Station_19,39.58918309043678,-105.44067809995448,Agricultural,-1.6,74.41,4.72,725.46,3,980.22,0.16
2022-01-01 11:30:00,Station_19,37.610689878876386,-88.54917248628799,Water,13.61,39.69,10.54,187.68,10,1015.35,0.57
2022-01-01 11:35:00,Station_19,28.952613899640138,-122.19613454678239,Agricultural,-3.41,61.38,4.45,226.71,10,1040.8,0.4
2022-01-01 11:40:00,Station_19,46.34054947860042,-104.32138438087125,Water,0.57,80.36,3.33,736.99,8,991.95,0.59
2022-01-01 11:45:00,Station_19,33.29987210670451,-97.36673846524295,Barren,-2.29,57.64,10.31,564.49,2,1009.48,0.15
2022-01-01 11:50:00,Station_19,27.13448665025794,-97.20329189368218,Water,-4.44,42.61,7.64,452.34,3,1014.36,0.84
2022-01-01 11:55:00,Station_19,31.016102167541785,-86.50264939065755,Water,-5.34,62.4,11.01,452.47,2,998.23,0.36
2022-01-01 12:00:00,Station_19,44.82560638792593,-76.05819971334203,Urban,11.22,56.54,3.36,659.19,8,1041.5,0.19
2022-01-01 12:05:00,Station_19,25.251424475419206,-116.91324199658884,Forest,6.04,86.68,9.98,933.23,2,1033.95,0.68
2022-01-01 12:10:00,Station_19,42.258886369354514,-111.15449219384813,Urban,26.3,63.45,4.7,721.26,8,1034.41,0.38
2022-01-01 12:15:00,Station_19,39.47092458403207,-100.95888371493653,Forest,-9.26,87.33,13.26,106.39,7,1012.92,0.49
2022-01-01 12:20:00,Station_19,31.18538698775854,-105.64447615972495,Forest,-6.69,75.92,7.31,312.19,5,991.02,0.29
2022-01-01 12:25:00,Station_19,33.4618920324902,-107.13825401359195,Urban,21.5,34.73,5.19,724.35,8,1021.84,0.52
2022-01-01 12:30:00,Station_19,44.33688882080816,-121.46155370876063,Forest,-6.31,68.87,12.86,631.64,5,1028.39,0.55
2022-01-01 12:35:00,Station_19,34.59573259393004,-122.48165707927546,Forest,34.51,50.57,2.42,575.25,1,1021.35,0.5
2022-01-01 12:40:00,Station_19,30.756112013502545,-64.0438505242905,Urban,-9.75,41.48,1.83,518.5,0,998.2,0.8
2022-01-01 12:45:00,Station_19,39.87217248620443,-62.677646118658366,Barren,6.5,46.75,10.5,104.82,1,1023.89,0.57
2022-01-01 12:50:00,Station_19,36.21580283062987,-68.77855176204304,Water,22.45,77.56,1.38,657.15,3,1038.27,0.87
2022-01-01 12:55:00,Station_19,41.145105632432674,-105.23138409258293,Urban,4.44,78.83,4.85,586.8,3,1010.38,0.23
2022-01-01 13:00:00,Station_19,33.49416611938018,-111.80733034415056,Agricultural,-7.6,68.73,13.2,496.48,0,1044.35,0.58
2022-01-01 13:05:00,Station_19,40.07019714991544,-124.2365942789415,Agricultural,29.16,40.62,4.63,561.01,0,987.11,0.79
2022-01-01 13:10:00,Station_19,44.54015136060342,-112.86958951286934,Agricultural,2.51,33.05,4.88,157.07,4,1041.22,0.75
2022-01-01 13:15:00,Station_19,31.73810832444758,-87.35703511007961,Barren,-2.41,49.24,1.5,261.82,8,994.1,0.42
2022-01-01 13:20:00,Station_19,42.304970734909205,-65.9038925401662,Agricultural,26.62,83.17,1.21,377.91,1,1010.94,0.75
2022-01-01 13:25:00,Station_19,47.724371181791206,-74.38174929895709,Barren,-8.67,30.3,11.73,880.15,4,998.09,0.16
2022-01-01 13:30:00,Station_19,38.13309058014663,-99.89333393358258,Water,12.61,73.71,11.44,273.75,0,1021.38,0.78
2022-01-01 13:35:00,Station_19,47.498236873496666,-94.47814480032922,Barren,2.43,59.72,3.6,413.13,6,1015.73,0.45
2022-01-01 13:40:00,Station_19,36.36532413278491,-116.88028943870395,Water,1.98,39.57,4.75,679.32,5,988.67,0.61
2022-01-01 13:45:00,Station_19,30.636467682817155,-69.33137715539328,Barren,-8.74,59.58,3.41,843.56,2,1048.54,0.41
2022-01-01 13:50:00,Station_19,32.64969913326686,-117.45469430564327,Urban,28.33,62.14,7.08,980.85,10,1014.21,0.5
2022-01-01 13:55:00,Station_19,48.91461280267289,-117.38676508762586,Water,9.82,47.88,11.81,311.4,9,981.71,0.35
2022-01-01 14:00:00,Station_19,45.94092285714688,-82.33930479328487,Agricultural,-0.64,87.91,5.74,513.24,2,1006.41,0.47
2022-01-01 14:05:00,Station_19,30.624514591387687,-78.23243269381555,Water,5.82,55.86,12.19,705.98,4,1003.13,0.9
2022-01-01 14:10:00,Station_19,32.61988903677759,-91.64774209063182,Agricultural,-4.21,33.27,12.73,399.54,5,987.62,0.49
2022-01-01 14:15:00,Station_19,39.70425548350936,-78.61958850014818,Urban,20.86,63.38,12.85,824.25,2,1043.51,0.21
2022-01-01 14:20:00,Station_19,34.73376896974181,-92.30512571741292,Barren,25.04,44.96,14.34,471.46,4,1020.87,0.59
2022-01-01 14:25:00,Station_19,34.391792154473556,-78.11601565424459,Urban,1.08,83.29,0.23,517.25,7,1039.01,0.71
2022-01-01 14:30:00,Station_19,47.08552825632731,-60.480068191231,Agricultural,8.12,78.98,9.69,504.69,1,984.25,0.59
2022-01-01 14:35:00,Station_19,38.14040766016975,-96.64041951720543,Barren,1.18,41.44,13.36,380.51,10,985.74,0.54
2022-01-01 14:40:00,Station_19,30.179619768065017,-97.12041892275631,Forest,1.77,84.49,1.77,506.8,1,997.37,0.3
2022-01-01 14:45:00,Station_19,29.0944812565104,-74.1108195959041,Barren,16.53,61.71,11.57,517.64,7,991.36,0.12
2022-01-01 14:50:00,Station_19,37.41709354903308,-112.58042522096201,Water,-3.62,48.32,8.5,822.56,7,1027.19,0.62
2022-01-01 14:55:00,Station_19,35.5550721507455,-93.26444274574436,Barren,34.15,32.87,6.07,268.61,10,1042.78,0.22
2022-01-01 15:00:00,Station_19,36.926341533779556,-101.47272116315919,Urban,25.22,83.14,4.32,124.36,5,986.37,0.37
2022-01-01 15:05:00,Station_19,38.04581933373297,-121.48626701012029,Water,-8.97,74.32,2.75,782.71,1,998.62,0.82
2022-01-01 15:10:00,Station_19,29.19419357316024,-123.38309284547887,Agricultural,23.19,85.95,10.67,790.59,5,1014.82,0.26
2022-01-01 15:15:00,Station_19,29.727837693193596,-90.18754465452258,Barren,26.86,89.75,9.0,118.33,1,1024.83,0.86
2022-01-01 15:20:00,Station_19,35.33453116433748,-84.12541346440209,Urban,-0.19,69.5,1.24,978.9,4,1023.7,0.25
2022-01-01 15:25:00,Station_19,28.632971164737498,-112.77796661408726,Forest,29.57,39.83,9.83,244.87,6,985.02,0.89
2022-01-01 15:30:00,Station_19,31.78911955613819,-67.13037984006841,Forest,34.31,72.26,1.81,112.93,5,1000.69,0.33
2022-01-01 15:35:00,Station_19,49.79259186604411,-83.18398907553564,Water,25.64,46.71,2.13,101.84,9,1015.31,0.88
2022-01-01 15:40:00,Station_19,35.378670222784876,-82.17419312894697,Water,-2.1,60.58,2.13,485.21,5,1042.94,0.86
2022-01-01 15:45:00,Station_19,40.72170015490133,-66.3491084084079,Forest,9.91,37.58,11.26,330.29,8,1010.87,0.19
2022-01-01 15:50:00,Station_19,44.204035833244205,-112.57589334731952,Agricultural,1.41,30.64,5.96,390.29,5,985.97,0.66
2022-01-01 15:55:00,Station_19,43.24967624502182,-103.25722538644777,Forest,-0.42,77.34,11.58,994.8,2,1048.12,0.58
2022-01-01 16:00:00,Station_19,37.09278754829869,-103.59303519885334,Barren,15.49,38.53,3.09,683.66,4,1012.89,0.47
2022-01-01 16:05:00,Station_19,25.5155234043343,-86.44772293840327,Agricultural,18.07,61.75,2.78,832.4,2,1036.54,0.71
2022-01-01 16:10:00,Station_19,45.38618908718452,-80.78620096993349,Urban,6.44,64.36,5.78,373.35,4,1044.93,0.15
2022-01-01 16:15:00,Station_19,25.6324219615682,-61.663368750272,Forest,20.59,72.65,10.94,110.84,6,983.4,0.55
2022-01-01 16:20:00,Station_19,45.00585505889604,-119.07742865185331,Forest,-0.69,32.28,6.23,310.47,0,1042.54,0.47
2022-01-01 16:25:00,Station_19,46.921571017830544,-118.03484904123826,Barren,32.69,72.48,6.68,864.92,2,1041.54,0.15
2022-01-01 16:30:00,Station_19,48.78295215225913,-118.6247280365306,Agricultural,0.67,56.62,1.05,505.27,2,981.19,0.4
2022-01-01 16:35:00,Station_19,33.54911602490105,-72.88219534398014,Barren,23.02,34.48,6.44,702.02,10,987.32,0.84
2022-01-01 16:40:00,Station_19,28.402002019617314,-78.04515223056788,Agricultural,17.51,62.78,14.41,106.84,8,1034.24,0.34
2022-01-01 16:45:00,Station_19,31.034182996440443,-61.107966185175634,Agricultural,-7.05,57.92,4.6,516.68,7,981.85,0.47
2022-01-01 16:50:00,Station_19,39.63739930462742,-100.46498731555276,Urban,5.82,81.59,8.51,271.21,1,1022.96,0.89
2022-01-01 16:55:00,Station_19,41.8978251865597,-83.88301949860828,Agricultural,10.35,47.2,2.78,169.35,9,1043.49,0.53
2022-01-01 17:00:00,Station_19,40.730987574333994,-75.74849138984322,Urban,-5.63,85.81,4.95,320.87,0,983.03,0.52
2022-01-01 17:05:00,Station_19,25.643669681451183,-98.30753149916208,Urban,29.9,73.08,0.59,545.87,2,996.05,0.46
2022-01-01 17:10:00,Station_19,40.853866981102485,-65.96752523767992,Agricultural,28.28,82.23,8.94,520.03,6,993.79,0.41
2022-01-01 17:15:00,Station_19,28.660425777342013,-120.40123854220121,Barren,3.54,81.03,7.91,779.39,2,1005.07,0.29
2022-01-01 17:20:00,Station_19,35.91966839875928,-86.21681813030683,Agricultural,8.19,76.28,5.92,932.18,4,1000.89,0.81
2022-01-01 17:25:00,Station_19,28.913651064301213,-69.71079425688413,Water,19.46,75.31,7.23,115.63,2,1045.77,0.46
2022-01-01 17:30:00,Station_19,38.667911233432655,-70.03123343878786,Agricultural,16.26,81.22,3.72,898.89,2,990.38,0.33
2022-01-01 17:35:00,Station_19,44.89994591060477,-85.01425939051015,Barren,32.13,60.09,5.65,794.13,0,1037.77,0.78
2022-01-01 17:40:00,Station_19,30.149760464095017,-71.09469576307504,Water,-3.88,77.91,0.34,289.72,5,994.37,0.31
2022-01-01 17:45:00,Station_19,40.055612988382144,-113.68399902382592,Urban,21.11,35.51,2.73,672.85,8,989.85,0.78
2022-01-01 17:50:00,Station_19,49.73776605809374,-74.20772937516817,Barren,19.83,35.12,0.92,215.76,1,1041.49,0.76
2022-01-01 17:55:00,Station_19,43.04216670276483,-114.35860004627223,Agricultural,18.38,66.36,11.3,627.62,8,1001.81,0.71
2022-01-01 18:00:00,Station_19,44.1186027629151,-83.85531309276467,Forest,-1.44,68.33,12.23,681.39,4,1033.14,0.49
2022-01-01 18:05:00,Station_19,31.51297864397556,-103.17314926958177,Agricultural,28.13,88.06,10.57,579.93,1,1021.31,0.21
2022-01-01 18:10:00,Station_19,48.19864896568406,-61.93985936703291,Water,-2.82,64.51,0.42,966.87,5,1002.87,0.16
2022-01-01 18:15:00,Station_19,35.88922266648754,-82.48275225449984,Water,29.93,58.71,7.12,326.12,0,1003.23,0.56
2022-01-01 18:20:00,Station_19,46.803623015834134,-112.69267926342249,Forest,1.28,49.94,7.98,717.69,3,1000.49,0.62
2022-01-01 18:25:00,Station_19,26.31046500010814,-73.29568463232127,Barren,20.62,36.61,8.09,386.22,2,1041.89,0.55
2022-01-01 18:30:00,Station_19,42.55974864603559,-78.87125804015403,Urban,4.74,71.25,7.56,462.01,6,1032.13,0.35
2022-01-01 18:35:00,Station_19,42.637633688089174,-67.88436192792136,Urban,14.75,76.2,4.35,361.57,1,995.3,0.76
2022-01-01 18:40:00,Station_19,37.804124504956405,-99.82920420990249,Forest,16.08,73.81,10.87,344.9,5,1001.78,0.27
2022-01-01 18:45:00,Station_19,33.26826584802187,-77.68764107999722,Barren,32.33,48.76,13.57,910.53,7,1003.99,0.77
2022-01-01 18:50:00,Station_19,26.65342390112106,-118.53136122416768,Agricultural,-4.0,72.35,14.98,621.88,10,1020.77,0.49
2022-01-01 18:55:00,Station_19,43.54406003115242,-71.71686724168191,Forest,12.33,72.76,7.14,666.64,10,1010.48,0.24
2022-01-01 19:00:00,Station_19,28.931920749893983,-86.75549390532137,Agricultural,7.14,56.95,6.03,697.55,2,1042.06,0.21
2022-01-01 19:05:00,Station_19,37.25827023013724,-83.1421141439107,Forest,1.83,69.93,5.02,501.46,5,1049.63,0.87
2022-01-01 19:10:00,Station_19,27.56993011875729,-108.43441486723086,Barren,-2.48,54.94,3.75,510.94,7,1032.69,0.77
2022-01-01 19:15:00,Station_19,26.01925105810567,-93.71003069553682,Water,-1.07,33.31,5.02,574.73,6,988.82,0.54
2022-01-01 19:20:00,Station_19,38.86308500875259,-100.63799503855856,Urban,-6.94,83.33,4.8,952.19,10,983.53,0.51
2022-01-01 19:25:00,Station_19,46.24096700004815,-124.20168716652744,Urban,1.83,69.51,4.41,825.44,8,1026.46,0.74
2022-01-01 19:30:00,Station_19,37.773723054391255,-96.88942115806704,Forest,4.67,49.3,14.33,747.32,1,995.25,0.45
2022-01-01 19:35:00,Station_19,33.59233854284183,-88.73230824957838,Forest,34.38,49.82,9.45,828.53,2,1021.49,0.87
2022-01-01 19:40:00,Station_19,34.90277055481635,-82.13858577480663,Barren,5.9,40.96,7.56,825.5,2,1005.77,0.56
2022-01-01 19:45:00,Station_19,30.893977647557527,-70.1504554053638,Forest,15.07,44.71,7.19,367.6,6,980.79,0.23
2022-01-01 19:50:00,Station_19,34.486720680199795,-75.73594309231572,Barren,25.02,63.83,10.81,760.31,1,1014.28,0.39
2022-01-01 19:55:00,Station_19,48.746854238626206,-96.32891550447587,Urban,34.0,30.9,14.76,591.13,2,1014.7,0.23
2022-01-01 20:00:00,Station_19,28.44951941779156,-111.62374138767885,Agricultural,7.31,41.3,1.2,233.51,9,1006.68,0.26
2022-01-01 20:05:00,Station_19,45.097750945979385,-97.16060570549817,Barren,22.47,55.64,0.31,235.39,4,993.06,0.15
2022-01-01 20:10:00,Station_19,47.2801689321505,-96.68538403942956,Water,27.78,84.39,2.42,595.92,3,1038.32,0.41
2022-01-01 20:15:00,Station_19,34.57891163230386,-121.67586621614498,Urban,21.2,58.95,9.67,897.67,1,1019.55,0.24
2022-01-01 20:20:00,Station_19,28.194136088057423,-106.13672367029505,Urban,18.37,48.56,9.63,604.22,4,994.71,0.34
2022-01-01 20:25:00,Station_19,30.44844233408252,-96.8155387995679,Water,-3.87,83.21,3.85,973.97,5,993.64,0.46
2022-01-01 20:30:00,Station_19,47.36785072077556,-116.84585257148275,Forest,32.49,38.11,3.13,752.84,8,999.28,0.8
2022-01-01 20:35:00,Station_19,45.96515120072493,-93.80762799372778,Water,11.41,39.73,12.11,450.84,8,1009.03,0.21
2022-01-01 20:40:00,Station_19,36.422907462195354,-94.09620754642077,Urban,12.67,68.9,12.64,566.87,8,1022.56,0.39
2022-01-01 20:45:00,Station_19,44.581826421548456,-121.96910957367665,Agricultural,17.35,56.01,1.4,784.91,10,984.04,0.31
2022-01-01 20:50:00,Station_19,36.21263153428943,-120.65432112244005,Water,26.39,55.1,5.11,658.56,5,1033.2,0.6
2022-01-01 20:55:00,Station_19,47.90290677689904,-95.8406113281797,Urban,29.06,87.02,1.73,884.59,7,1012.29,0.22
2022-01-01 21:00:00,Station_19,28.568865046597388,-74.82185138008987,Barren,3.87,33.07,4.39,751.21,9,1010.21,0.12
2022-01-01 21:05:00,Station_19,41.3406210087265,-120.77443384180468,Barren,-0.15,52.24,11.08,209.49,4,991.22,0.17
2022-01-01 21:10:00,Station_19,32.4836579193885,-108.44386749095713,Forest,3.38,72.55,5.19,380.23,4,1009.3,0.4
2022-01-01 21:15:00,Station_19,45.185787442063955,-105.31297989724108,Urban,5.79,71.17,11.4,519.92,7,1039.41,0.18
2022-01-01 21:20:00,Station_19,49.61277881993651,-73.34831182546503,Agricultural,28.77,34.61,3.94,399.26,3,996.75,0.18
2022-01-01 21:25:00,Station_19,33.49866681421421,-88.51126476948586,Urban,22.55,79.44,8.73,363.17,0,1046.94,0.45
2022-01-01 21:30:00,Station_19,28.49658815400268,-117.86949077748594,Urban,10.88,38.34,6.32,797.72,7,1037.11,0.82
2022-01-01 21:35:00,Station_19,43.942752963552344,-110.49891782901084,Agricultural,-7.44,42.28,5.72,632.32,9,1040.34,0.66
2022-01-01 21:40:00,Station_19,42.277874052238694,-104.37533245837383,Forest,25.13,33.65,9.1,767.61,10,1007.66,0.81
2022-01-01 21:45:00,Station_19,40.701941992289946,-80.66951091949637,Water,10.29,80.72,4.58,448.97,9,1013.55,0.15
2022-01-01 21:50:00,Station_19,31.61102146383955,-93.55757932375097,Water,24.41,86.48,3.19,802.66,9,1001.1,0.57
2022-01-01 21:55:00,Station_19,40.39818267588117,-86.63025711959571,Water,4.63,40.41,7.99,171.95,5,1027.61,0.57
2022-01-01 22:00:00,Station_19,48.37842920499346,-119.43615595747703,Urban,6.58,62.09,13.94,108.18,10,985.35,0.79
2022-01-01 22:05:00,Station_19,37.48469539913258,-65.87480472356596,Forest,15.55,88.6,10.3,974.57,8,982.09,0.7
2022-01-01 22:10:00,Station_19,28.60356854684742,-108.86042896915691,Agricultural,-7.92,70.79,14.79,584.18,1,982.76,0.23
2022-01-01 22:15:00,Station_19,42.32949011717912,-104.83125778800644,Barren,18.72,52.49,4.71,922.18,6,1037.03,0.12
2022-01-01 22:20:00,Station_19,48.6953861171163,-75.49558400548185,Forest,30.45,80.19,4.61,933.99,8,995.74,0.28
2022-01-01 22:25:00,Station_19,31.718916095544397,-124.49467767772691,Forest,23.11,46.09,5.41,274.49,1,1010.63,0.83
2022-01-01 22:30:00,Station_19,45.79380457313171,-63.96404983349671,Forest,9.27,46.05,0.86,282.31,6,1001.46,0.69
2022-01-01 22:35:00,Station_19,31.77941364182316,-105.4367577910349,Agricultural,20.78,40.04,2.59,138.73,10,983.14,0.5
2022-01-01 22:40:00,Station_19,42.180529178309044,-117.6123668137931,Barren,17.22,40.87,2.06,491.85,3,1039.29,0.71
2022-01-01 22:45:00,Station_19,42.096419913731246,-83.4943771159167,Barren,16.35,46.2,5.55,726.4,6,1015.9,0.31
2022-01-01 22:50:00,Station_19,34.62029723104457,-88.17756709348365,Urban,10.18,70.17,13.11,326.62,4,1009.23,0.2
2022-01-01 22:55:00,Station_19,35.201599446491954,-121.61281902143354,Barren,6.68,73.6,8.88,300.45,0,1032.76,0.46
2022-01-01 23:00:00,Station_19,47.214367925290404,-75.3454195446919,Forest,11.47,55.12,2.88,132.14,9,1029.96,0.5
2022-01-01 23:05:00,Station_19,41.378360013348285,-118.45223193167135,Barren,17.01,72.27,1.14,926.5,1,1034.5,0.24
2022-01-01 23:10:00,Station_19,49.241549865351075,-73.57750639132709,Agricultural,32.33,89.37,1.14,178.55,2,1006.78,0.71
2022-01-01 23:15:00,Station_19,41.84018056567553,-123.11702271060756,Forest,8.83,62.14,9.32,568.61,0,1021.91,0.41
2022-01-01 23:20:00,Station_19,28.02065555459453,-117.0525621519076,Urban,24.78,68.91,14.77,900.06,6,1032.24,0.79
2022-01-01 23:25:00,Station_19,38.32285212175219,-93.7082622493425,Urban,14.24,35.1,1.26,291.5,3,998.46,0.57
2022-01-01 23:30:00,Station_19,27.05387550581716,-91.4192259220022,Water,1.2,68.88,4.95,934.17,4,1019.1,0.73
2022-01-01 23:35:00,Station_19,49.72301313990543,-88.58727530386044,Agricultural,9.04,64.3,12.68,502.18,9,1009.39,0.84
2022-01-01 23:40:00,Station_19,40.22265073337584,-103.22543522343744,Urban,-1.65,64.78,14.93,521.1,0,1015.16,0.61
2022-01-01 23:45:00,Station_19,25.325014464745962,-84.31338933162246,Agricultural,34.85,89.27,5.45,187.89,0,1049.43,0.73
2022-01-01 23:50:00,Station_19,37.18345666671786,-93.27398501369002,Water,-5.15,46.73,14.59,165.5,8,989.44,0.16
2022-01-01 23:55:00,Station_19,40.82570002318625,-94.96025974523036,Water,19.92,47.09,7.9,726.81,6,1028.66,0.52
2022-01-01 00:00:00,Station_20,35.65021206133687,-120.08979922868163,Water,5.23,68.3,5.19,221.49,7,1027.33,0.53
2022-01-01 00:05:00,Station_20,36.02697083894495,-88.69848816128025,Forest,2.54,88.43,10.79,761.48,3,1001.85,0.43
2022-01-01 00:10:00,Station_20,25.36130018139659,-121.6886784451577,Agricultural,-6.5,78.04,7.03,616.63,10,1006.72,0.27
2022-01-01 00:15:00,Station_20,32.878381713706894,-102.11443012432673,Forest,16.48,80.79,0.04,638.01,7,1037.61,0.61
2022-01-01 00:20:00,Station_20,25.919348794045323,-90.47875068065488,Urban,-5.48,77.56,8.42,843.47,1,1035.3,0.19
2022-01-01 00:25:00,Station_20,30.7571775765061,-79.07487669001836,Water,17.32,77.01,4.83,780.43,3,1006.57,0.65
2022-01-01 00:30:00,Station_20,34.67837268334333,-64.19926230640289,Urban,19.75,34.49,2.89,463.78,7,1004.1,0.67
2022-01-01 00:35:00,Station_20,26.013273778532238,-101.56487501769166,Barren,8.72,66.32,7.91,815.34,7,1011.38,0.53
2022-01-01 00:40:00,Station_20,43.80181864506231,-70.96959543792087,Urban,3.82,60.26,9.57,108.67,3,1028.42,0.53
2022-01-01 00:45:00,Station_20,30.15955707033161,-60.234236584489565,Barren,-6.93,67.73,8.39,453.42,4,1020.93,0.21
2022-01-01 00:50:00,Station_20,49.903351457251546,-115.21058851069536,Water,29.48,73.8,13.18,995.5,5,1035.77,0.27
2022-01-01 00:55:00,Station_20,27.994073727476604,-103.51790930919253,Agricultural,23.02,35.07,9.22,452.03,2,1009.11,0.58
2022-01-01 01:00:00,Station_20,35.07069283985133,-75.32613402217834,Urban,6.58,83.95,8.83,583.0,7,1031.53,0.4
2022-01-01 01:05:00,Station_20,44.7750128718166,-115.83677999350911,Urban,19.84,62.18,3.24,935.52,9,1003.65,0.59
2022-01-01 01:10:00,Station_20,30.03478228660915,-82.47632236579389,Barren,8.37,35.38,9.88,864.94,9,985.92,0.53
2022-01-01 01:15:00,Station_20,29.086760253960655,-97.47076882765843,Barren,11.94,61.69,13.74,751.27,3,1043.03,0.24
2022-01-01 01:20:00,Station_20,39.85861455903624,-99.66605892220312,Urban,14.28,68.61,7.73,396.31,6,1011.07,0.36
2022-01-01 01:25:00,Station_20,30.06200150336304,-68.33450353024655,Barren,31.31,87.75,14.65,164.46,6,985.18,0.71
2022-01-01 01:30:00,Station_20,25.335372775241172,-123.4156659398081,Urban,33.99,62.87,9.18,164.44,8,1029.47,0.9
2022-01-01 01:35:00,Station_20,49.401783561552925,-84.595267723537,Barren,33.91,70.14,8.51,721.55,6,1011.01,0.69
2022-01-01 01:40:00,Station_20,39.52178370983747,-117.05188600515032,Barren,12.89,71.95,13.4,988.13,3,1031.99,0.27
2022-01-01 01:45:00,Station_20,44.014531374176336,-119.04101244527662,Urban,28.69,64.65,12.29,256.21,1,1018.16,0.8
2022-01-01 01:50:00,Station_20,28.96987327110448,-70.15362457394735,Urban,12.9,65.68,5.56,583.24,8,1011.81,0.33
2022-01-01 01:55:00,Station_20,47.48307460513651,-87.75382905114614,Barren,-7.63,33.47,8.1,275.46,6,1028.23,0.26
2022-01-01 02:00:00,Station_20,39.67303966348976,-116.18788136281043,Forest,-8.7,78.42,13.44,140.33,2,1016.08,0.69
2022-01-01 02:05:00,Station_20,25.217786223929476,-120.78045380945234,Agricultural,7.53,70.34,6.03,783.89,7,1043.41,0.68
2022-01-01 02:10:00,Station_20,47.678811635069124,-116.26567781844105,Forest,12.59,86.51,1.2,666.1,3,985.94,0.81
2022-01-01 02:15:00,Station_20,48.941514714302585,-100.91709686483081,Water,-8.5,59.4,4.63,468.11,10,1049.19,0.77
2022-01-01 02:20:00,Station_20,41.98898281177503,-78.2075316662854,Forest,29.87,62.06,13.36,488.92,9,1028.48,0.56
2022-01-01 02:25:00,Station_20,29.65728918696214,-80.99539418374508,Urban,-5.39,80.59,12.24,277.37,2,1019.17,0.54
2022-01-01 02:30:00,Station_20,44.13061351892709,-92.00811075973355,Urban,33.39,56.67,3.67,162.22,2,995.41,0.71
2022-01-01 02:35:00,Station_20,27.04005613171956,-90.75191471444163,Water,31.37,46.29,8.2,807.23,7,1005.86,0.65
2022-01-01 02:40:00,Station_20,42.157014264744234,-77.02132278300255,Water,30.05,82.81,9.43,444.03,7,1029.93,0.34
2022-01-01 02:45:00,Station_20,28.621885525544545,-116.46926977871797,Agricultural,21.4,65.09,14.59,889.53,8,1046.17,0.49
2022-01-01 02:50:00,Station_20,36.98848223023672,-100.43480753451622,Forest,21.35,54.79,3.91,191.58,1,1002.98,0.42
2022-01-01 02:55:00,Station_20,27.435293027519993,-105.47638104399854,Forest,17.6,33.48,7.67,940.81,0,998.13,0.7
2022-01-01 03:00:00,Station_20,46.48468475381868,-70.26573765717018,Agricultural,-7.09,81.84,1.82,960.58,2,1016.92,0.22
2022-01-01 03:05:00,Station_20,41.66964140285167,-88.59921360671824,Urban,30.16,40.71,1.79,506.34,4,1004.61,0.71
2022-01-01 03:10:00,Station_20,48.52534349607387,-84.88789007507918,Urban,18.69,86.63,11.94,652.79,8,1018.16,0.18
2022-01-01 03:15:00,Station_20,28.986971644561436,-64.51085024174355,Urban,10.93,50.2,8.88,637.53,0,990.93,0.59
2022-01-01 03:20:00,Station_20,39.81712856357128,-99.3290555094869,Urban,16.39,86.27,2.08,290.94,1,1037.39,0.62
2022-01-01 03:25:00,Station_20,25.412179097070872,-88.57664929737459,Water,22.17,74.66,7.26,492.21,4,1009.94,0.58
2022-01-01 03:30:00,Station_20,30.98383377433239,-84.32631760987687,Agricultural,-8.45,30.01,4.69,463.64,9,980.77,0.5
2022-01-01 03:35:00,Station_20,37.13424385452015,-61.684246244289064,Agricultural,-0.71,40.0,4.9,442.05,6,1021.92,0.83
2022-01-01 03:40:00,Station_20,45.026418731738715,-70.81891283492587,Urban,7.95,40.93,3.45,243.14,7,981.31,0.71
2022-01-01 03:45:00,Station_20,27.494039830150935,-87.08371755073765,Water,25.77,32.92,0.73,865.38,10,1007.82,0.46
2022-01-01 03:50:00,Station_20,33.29093698687343,-117.0192518694688,Barren,3.09,64.89,11.81,404.86,5,1040.81,0.21
2022-01-01 03:55:00,Station_20,35.35338455998334,-110.72500194014336,Agricultural,4.76,80.81,1.15,606.71,8,1000.14,0.87
2022-01-01 04:00:00,Station_20,45.464177585256024,-82.38922498326934,Urban,9.41,87.73,7.8,955.57,3,1025.33,0.66
2022-01-01 04:05:00,Station_20,37.66336051782253,-118.92948373312086,Forest,34.62,64.88,6.59,546.05,9,1042.45,0.26
2022-01-01 04:10:00,Station_20,31.850632331205357,-102.99083168102136,Water,33.66,47.32,11.1,254.35,3,1040.54,0.38
2022-01-01 04:15:00,Station_20,28.114942718875497,-76.63302178352947,Barren,27.28,83.09,3.51,116.74,2,1040.51,0.24
2022-01-01 04:20:00,Station_20,31.202731143340912,-95.81832072493937,Barren,16.14,83.85,2.91,465.11,4,1011.21,0.35
2022-01-01 04:25:00,Station_20,44.57494661358619,-73.87795007017371,Barren,25.85,88.81,5.44,570.23,6,1009.48,0.76
2022-01-01 04:30:00,Station_20,25.360649400717577,-90.52851775269934,Forest,11.53,67.58,5.75,614.32,5,1000.42,0.77
2022-01-01 04:35:00,Station_20,43.296216931522956,-101.193099117386,Urban,5.22,58.61,6.73,518.44,8,1038.66,0.13
2022-01-01 04:40:00,Station_20,34.39459394930786,-71.22694545291048,Forest,29.66,34.7,12.07,773.66,0,1006.43,0.66
2022-01-01 04:45:00,Station_20,37.2786869233404,-89.87318757861486,Urban,28.81,56.22,1.97,233.69,10,1009.66,0.83
2022-01-01 04:50:00,Station_20,44.042782681943535,-122.68957146369787,Urban,30.97,70.53,12.87,611.09,4,1022.08,0.54
2022-01-01 04:55:00,Station_20,36.567245160414465,-69.75728761133391,Agricultural,19.37,72.23,5.94,965.79,6,999.33,0.7
2022-01-01 05:00:00,Station_20,30.64087163959868,-82.08062772571219,Water,-5.2,50.65,2.77,879.4,8,984.81,0.61
2022-01-01 05:05:00,Station_20,43.77911354217736,-61.50341555308678,Water,3.0,31.27,8.63,547.18,0,1011.01,0.58
2022-01-01 05:10:00,Station_20,29.062439703451588,-103.54859331384226,Urban,-0.87,53.37,12.58,455.58,4,1045.11,0.36
2022-01-01 05:15:00,Station_20,43.66865879819697,-94.35158797804965,Forest,21.88,30.18,4.6,963.36,8,996.24,0.56
2022-01-01 05:20:00,Station_20,36.37295037475823,-82.95432336625045,Agricultural,7.21,34.21,3.15,982.5,2,998.83,0.73
2022-01-01 05:25:00,Station_20,34.91080827436109,-106.70265102979997,Urban,1.01,52.98,14.32,876.9,2,991.51,0.56
2022-01-01 05:30:00,Station_20,37.88737156412836,-65.89995733115614,Agricultural,0.02,31.84,14.63,620.94,7,1047.14,0.44
2022-01-01 05:35:00,Station_20,30.821140958720708,-100.50144186847027,Agricultural,14.02,79.47,13.35,962.71,3,1020.12,0.53
2022-01-01 05:40:00,Station_20,41.915916560006494,-107.62399265941045,Urban,5.42,57.38,2.45,916.56,10,1042.22,0.37
2022-01-01 05:45:00,Station_20,45.705665194210624,-108.28412903432852,Urban,14.25,75.07,4.55,588.72,4,1005.59,0.74
2022-01-01 05:50:00,Station_20,40.35665032581245,-118.24055098369142,Agricultural,32.28,33.99,13.32,256.02,4,1033.88,0.25
2022-01-01 05:55:00,Station_20,44.043755938785004,-62.62651770423002,Forest,10.19,70.44,7.36,962.87,1,1020.05,0.38
2022-01-01 06:00:00,Station_20,40.433120133517605,-72.44548097020052,Agricultural,26.92,77.18,2.78,958.27,7,1043.1,0.87
2022-01-01 06:05:00,Station_20,26.503603508117017,-76.3755872460311,Forest,34.79,66.04,14.83,707.64,6,997.91,0.87
2022-01-01 06:10:00,Station_20,28.162399670693077,-119.08426056743514,Barren,1.45,82.33,1.45,683.57,1,997.3,0.14
2022-01-01 06:15:00,Station_20,45.48769716421255,-75.41504159535349,Urban,-6.53,44.45,10.7,122.68,5,1048.13,0.32
2022-01-01 06:20:00,Station_20,40.1766463691284,-102.86376508751158,Barren,1.38,39.21,8.39,559.51,1,986.06,0.81
2022-01-01 06:25:00,Station_20,26.82033390266972,-83.57908612091128,Water,12.79,35.5,2.18,909.11,5,1009.93,0.23
2022-01-01 06:30:00,Station_20,48.87812897223451,-115.46624287982121,Barren,29.04,68.26,5.71,656.84,9,980.45,0.67
2022-01-01 06:35:00,Station_20,26.67921912558627,-86.32505177668756,Urban,3.4,39.47,3.58,640.74,2,1012.52,0.74
2022-01-01 06:40:00,Station_20,47.52811307024848,-80.86502190302973,Agricultural,24.05,42.75,10.54,453.34,3,1001.06,0.41
2022-01-01 06:45:00,Station_20,47.92173716842089,-92.18240924846762,Urban,29.3,80.74,11.2,883.63,0,1034.57,0.27
2022-01-01 06:50:00,Station_20,35.79763176458383,-123.66123571115902,Water,30.03,39.42,12.43,471.72,1,1022.29,0.36
2022-01-01 06:55:00,Station_20,26.910230813656696,-91.54454416483823,Forest,13.12,86.93,10.71,426.15,8,989.25,0.35
2022-01-01 07:00:00,Station_20,38.548617298171536,-118.6880616217467,Agricultural,25.5,81.26,6.6,731.11,2,994.81,0.41
2022-01-01 07:05:00,Station_20,42.030035544391026,-124.32099537623455,Forest,25.67,73.33,12.65,632.85,9,988.15,0.3
2022-01-01 07:10:00,Station_20,29.46973426372016,-66.70573659811399,Agricultural,-1.17,38.32,4.98,163.43,2,1007.52,0.21
2022-01-01 07:15:00,Station_20,39.81857544316313,-96.15066666848995,Urban,10.59,42.85,8.72,233.12,5,1039.78,0.65
2022-01-01 07:20:00,Station_20,41.855796785151504,-117.11629719908653,Water,-8.03,49.04,9.2,692.19,2,1047.8,0.9
2022-01-01 07:25:00,Station_20,44.20552933744631,-98.2728372715904,Agricultural,18.01,31.8,2.74,183.81,9,997.8,0.48
2022-01-01 07:30:00,Station_20,30.861409738832435,-94.6764662004334,Forest,-5.66,85.34,7.05,837.75,5,1039.0,0.36
2022-01-01 07:35:00,Station_20,41.2928153946237,-80.9139039726486,Water,31.3,31.1,8.36,106.3,6,988.17,0.66
2022-01-01 07:40:00,Station_20,47.58754457577017,-93.33397231241815,Forest,12.47,35.87,11.69,242.55,8,1042.42,0.27
2022-01-01 07:45:00,Station_20,48.582420568575145,-86.83999775493339,Agricultural,33.33,85.53,8.03,179.57,2,1017.08,0.11
2022-01-01 07:50:00,Station_20,38.94949983618767,-74.17091123400166,Barren,-0.28,59.11,8.51,597.11,7,981.82,0.52
2022-01-01 07:55:00,Station_20,37.742253581940005,-65.4459605907466,Forest,9.46,87.11,8.45,298.47,3,986.32,0.44
2022-01-01 08:00:00,Station_20,28.425871634641165,-100.60026258379503,Barren,17.73,52.61,1.27,945.0,5,1013.02,0.65
2022-01-01 08:05:00,Station_20,33.43873268103565,-63.09662581270331,Forest,17.25,32.63,2.82,422.05,8,1040.53,0.79
2022-01-01 08:10:00,Station_20,40.30367956097606,-102.9690537930845,Agricultural,-6.26,59.07,8.29,311.32,7,1048.53,0.5
2022-01-01 08:15:00,Station_20,30.999726142277915,-103.44569710534357,Urban,16.89,39.5,0.48,765.51,3,999.32,0.19
2022-01-01 08:20:00,Station_20,25.74009717952535,-71.6072338917173,Urban,0.4,88.87,11.98,571.59,3,1025.0,0.52
2022-01-01 08:25:00,Station_20,25.841730219083512,-67.51727985219893,Water,27.32,61.0,6.0,792.71,1,1007.12,0.67
2022-01-01 08:30:00,Station_20,37.14967544893298,-121.6135595772179,Barren,8.06,42.6,2.68,650.42,8,1023.41,0.63
2022-01-01 08:35:00,Station_20,32.29499083487951,-81.02228084366766,Forest,-7.38,87.35,6.72,777.83,0,1030.29,0.61
2022-01-01 08:40:00,Station_20,32.669289350212956,-94.40437367358919,Water,27.13,66.6,1.06,311.14,8,1048.34,0.74
2022-01-01 08:45:00,Station_20,26.103093503962896,-64.72013649229876,Barren,12.43,50.48,7.06,236.03,7,996.99,0.5
2022-01-01 08:50:00,Station_20,45.30738878809517,-63.556972308217624,Urban,-3.34,69.87,2.0,569.13,7,997.04,0.44
2022-01-01 08:55:00,Station_20,34.257905684272615,-77.30428979538934,Forest,26.17,89.05,10.17,439.89,6,1006.01,0.81
2022-01-01 09:00:00,Station_20,45.96020171087629,-122.48559940933855,Water,-4.35,55.72,7.64,387.91,8,1015.12,0.49
2022-01-01 09:05:00,Station_20,31.305606559597724,-103.00119599018477,Urban,26.49,30.53,0.74,371.24,7,1013.77,0.1
2022-01-01 09:10:00,Station_20,39.577681387378746,-88.52400870424222,Barren,30.7,58.7,5.58,536.61,4,1005.22,0.28
2022-01-01 09:15:00,Station_20,45.87301398092997,-67.47318029239989,Barren,-3.91,81.54,10.62,564.59,7,1004.31,0.66
2022-01-01 09:20:00,Station_20,34.88571062105418,-102.440620320843,Forest,14.51,83.61,2.33,259.83,6,999.33,0.58
2022-01-01 09:25:00,Station_20,46.24843004509909,-84.52849646411138,Forest,22.19,84.23,11.14,183.48,8,1018.41,0.24
2022-01-01 09:30:00,Station_20,40.17511804858624,-118.01955947657758,Water,13.03,70.53,1.81,654.07,7,992.7,0.49
2022-01-01 09:35:00,Station_20,27.987295219051568,-103.34233012551346,Forest,10.77,56.79,14.1,674.37,8,990.17,0.5
2022-01-01 09:40:00,Station_20,32.08675064821631,-124.84412991502491,Water,20.26,65.42,5.72,395.03,10,1001.4,0.1
2022-01-01 09:45:00,Station_20,25.891827985756564,-64.03640521378458,Agricultural,6.74,49.71,12.36,532.55,4,1046.23,0.42
2022-01-01 09:50:00,Station_20,27.7201974348581,-118.91415891253462,Forest,4.33,46.9,6.9,979.24,9,1016.73,0.23
2022-01-01 09:55:00,Station_20,25.623020791815552,-103.82888513677332,Water,19.12,80.75,5.77,266.48,0,1040.43,0.63
2022-01-01 10:00:00,Station_20,43.58405179099139,-95.5822469095537,Forest,9.0,41.7,1.01,962.85,3,1027.65,0.39
2022-01-01 10:05:00,Station_20,30.634973484609212,-80.1655301708476,Forest,-2.34,82.62,2.89,911.86,0,1023.86,0.35
2022-01-01 10:10:00,Station_20,31.964308000287197,-106.91811373885393,Water,19.07,80.17,1.37,342.98,7,1005.97,0.23
2022-01-01 10:15:00,Station_20,47.251242106653386,-106.994416478297,Forest,3.52,60.9,14.29,811.74,4,986.09,0.1
2022-01-01 10:20:00,Station_20,45.34782401017799,-79.82444237667931,Forest,4.69,44.38,7.81,368.03,7,985.53,0.58
2022-01-01 10:25:00,Station_20,40.928447809718854,-115.65038402360715,Urban,4.96,83.3,10.19,293.94,9,1008.78,0.81
2022-01-01 10:30:00,Station_20,42.506179058187946,-116.90902531275871,Water,9.36,62.02,10.05,618.44,10,990.07,0.57
2022-01-01 10:35:00,Station_20,34.46975719157564,-89.41964663972061,Agricultural,18.06,48.47,5.18,395.01,5,995.74,0.33
2022-01-01 10:40:00,Station_20,25.777797694808665,-80.6997120898377,Urban,31.28,33.6,8.35,105.36,6,1033.94,0.12
2022-01-01 10:45:00,Station_20,38.86515665375944,-72.32234896099712,Agricultural,-3.19,70.02,2.68,362.84,4,1046.53,0.32
2022-01-01 10:50:00,Station_20,38.25472012148381,-121.8108473819936,Forest,23.92,72.25,5.0,251.64,1,1030.64,0.69
2022-01-01 10:55:00,Station_20,36.484934255247225,-75.00002271791809,Urban,9.88,60.17,5.57,491.83,7,988.22,0.56
2022-01-01 11:00:00,Station_20,48.014792560482036,-97.85292690449621,Urban,10.11,74.09,5.29,485.82,8,982.61,0.86
2022-01-01 11:05:00,Station_20,30.729543751626316,-116.00244482168189,Agricultural,3.3,67.16,3.17,137.5,7,1015.46,0.25
2022-01-01 11:10:00,Station_20,36.02698551895152,-67.6233734033523,Water,18.14,82.18,3.38,841.67,10,985.71,0.4
2022-01-01 11:15:00,Station_20,47.04022325309411,-109.09420072551296,Barren,34.36,85.46,2.62,627.41,1,1021.0,0.24
2022-01-01 11:20:00,Station_20,30.271727698430823,-122.46711737970548,Water,-4.83,44.27,7.41,280.03,0,980.2,0.24
2022-01-01 11:25:00,Station_20,31.065766185347382,-81.04382792048685,Water,15.1,68.58,9.74,217.72,10,1002.47,0.12
2022-01-01 11:30:00,Station_20,43.91612730514558,-100.28915659135487,Barren,1.87,82.5,9.44,731.54,6,983.09,0.56
2022-01-01 11:35:00,Station_20,32.74855127685777,-91.8137651497803,Forest,25.43,31.48,12.31,278.75,2,996.5,0.46
2022-01-01 11:40:00,Station_20,33.7492099191205,-69.05240405649278,Urban,7.07,60.63,0.88,517.01,2,992.89,0.61
2022-01-01 11:45:00,Station_20,38.31171036863458,-120.76634412090982,Agricultural,6.3,50.84,8.37,813.32,7,1034.05,0.84
2022-01-01 11:50:00,Station_20,48.31080236198457,-124.82681410979748,Barren,0.26,42.34,7.83,862.57,3,980.18,0.6
2022-01-01 11:55:00,Station_20,41.74032678666896,-63.05054454046804,Forest,8.69,63.06,5.47,613.71,9,1020.28,0.62
2022-01-01 12:00:00,Station_20,37.22055627475634,-122.2864537029528,Urban,9.79,67.62,9.43,191.43,1,1001.03,0.13
2022-01-01 12:05:00,Station_20,44.8028251827688,-75.50839051239984,Water,9.93,82.73,2.02,340.55,6,1017.32,0.24
2022-01-01 12:10:00,Station_20,32.826091079498006,-115.08952075054748,Forest,12.56,55.49,8.89,767.21,7,1032.8,0.18
2022-01-01 12:15:00,Station_20,27.956098390629133,-123.9410280515172,Barren,0.18,64.19,14.16,185.56,8,1023.81,0.45
2022-01-01 12:20:00,Station_20,34.82181104680952,-68.80150551755881,Urban,7.87,76.78,0.37,504.17,9,996.78,0.61
2022-01-01 12:25:00,Station_20,42.71678589244941,-82.35061259381335,Water,6.31,68.99,7.63,946.71,2,1005.97,0.18
2022-01-01 12:30:00,Station_20,26.45022705060291,-80.8529321046222,Agricultural,23.98,74.65,10.96,561.71,6,999.32,0.87
2022-01-01 12:35:00,Station_20,45.264087643350756,-71.22012263689132,Barren,30.71,39.87,13.65,414.72,10,1016.59,0.54
2022-01-01 12:40:00,Station_20,28.057350540636822,-67.09500549201462,Urban,31.63,79.44,7.8,733.42,2,1011.6,0.24
2022-01-01 12:45:00,Station_20,32.62781541058432,-99.60333354823109,Forest,27.06,74.66,11.24,997.39,3,983.76,0.42
2022-01-01 12:50:00,Station_20,38.60842371657736,-65.77242009068746,Agricultural,16.44,74.98,3.74,312.95,7,981.89,0.4
2022-01-01 12:55:00,Station_20,32.45081970855618,-90.96911481072598,Forest,9.94,50.65,7.29,470.81,3,1017.52,0.74
2022-01-01 13:00:00,Station_20,45.01724008473456,-100.02743969349169,Water,28.89,86.62,12.21,363.94,0,1005.24,0.88
2022-01-01 13:05:00,Station_20,42.4759719418867,-111.87616307961783,Barren,26.36,54.98,3.71,402.35,0,1038.29,0.88
2022-01-01 13:10:00,Station_20,27.675279051324537,-119.58982387676356,Forest,-5.27,42.07,13.46,365.75,8,1036.17,0.8
2022-01-01 13:15:00,Station_20,47.20550840882292,-75.13194325386209,Water,2.74,80.47,13.06,218.48,6,995.0,0.82
2022-01-01 13:20:00,Station_20,26.160665122665726,-111.79970093648981,Urban,8.79,47.95,4.71,117.67,0,1021.71,0.44
2022-01-01 13:25:00,Station_20,32.837723530963736,-94.52458624837207,Agricultural,20.64,45.81,10.27,948.53,4,985.24,0.43
2022-01-01 13:30:00,Station_20,35.26828341492246,-118.83714969146445,Urban,15.23,66.91,3.98,711.53,3,1039.53,0.85
2022-01-01 13:35:00,Station_20,37.36728498282234,-85.26375349600424,Forest,34.68,47.31,11.76,329.9,6,995.65,0.67
2022-01-01 13:40:00,Station_20,38.87906932502888,-72.70002871415514,Water,13.48,63.05,10.73,582.06,7,995.99,0.36
2022-01-01 13:45:00,Station_20,31.284894160004427,-90.67816238017696,Urban,30.06,64.61,9.04,309.53,0,1004.7,0.79
2022-01-01 13:50:00,Station_20,41.82482709344414,-84.83833528951223,Forest,24.73,74.82,9.63,471.5,8,1017.86,0.64
2022-01-01 13:55:00,Station_20,40.020497660009646,-78.5634233082911,Water,23.8,39.25,9.86,134.69,8,1010.5,0.75
2022-01-01 14:00:00,Station_20,28.32761909095946,-62.56514883203187,Water,16.21,69.2,0.1,888.71,5,1030.55,0.5
2022-01-01 14:05:00,Station_20,38.45053068086656,-117.57584139998143,Water,-6.36,43.68,12.64,991.12,5,997.64,0.73
2022-01-01 14:10:00,Station_20,28.210898627667945,-84.46963793854933,Agricultural,33.24,67.71,0.61,576.72,0,989.44,0.53
2022-01-01 14:15:00,Station_20,41.643897407192014,-61.50595794275032,Forest,23.23,44.17,10.97,874.13,0,1048.06,0.25
2022-01-01 14:20:00,Station_20,44.99192825022425,-86.05233620490634,Urban,12.41,46.83,9.22,536.06,8,1013.01,0.67
2022-01-01 14:25:00,Station_20,38.30094382641934,-120.35637770300652,Barren,18.06,79.23,8.06,546.89,4,998.77,0.43
2022-01-01 14:30:00,Station_20,39.67311763629913,-92.94774886437312,Barren,12.45,86.14,5.57,445.42,2,1027.02,0.38
2022-01-01 14:35:00,Station_20,31.441156529623168,-62.096173002684196,Forest,11.14,30.43,4.66,763.45,0,1048.26,0.26
2022-01-01 14:40:00,Station_20,37.07334016917448,-66.70135665877619,Water,15.87,45.72,9.42,934.23,9,994.08,0.88
2022-01-01 14:45:00,Station_20,46.19560540865477,-66.50381874261772,Barren,27.02,69.79,9.97,197.92,2,1022.88,0.88
2022-01-01 14:50:00,Station_20,36.75503895234257,-106.92701022726293,Barren,14.9,40.07,10.35,682.78,5,1013.29,0.15
2022-01-01 14:55:00,Station_20,47.76167558195924,-112.4421030554213,Barren,2.5,82.91,13.92,632.3,6,1023.91,0.38
2022-01-01 15:00:00,Station_20,28.961029852228307,-92.74378386675386,Urban,22.69,74.45,12.96,179.23,4,1031.9,0.86
2022-01-01 15:05:00,Station_20,37.06514633359343,-66.50448262562952,Water,30.21,86.55,10.98,325.99,5,1026.41,0.78
2022-01-01 15:10:00,Station_20,29.657225785312804,-118.81302135655753,Barren,9.92,65.35,10.35,406.4,7,1024.92,0.8
2022-01-01 15:15:00,Station_20,45.712585894543274,-82.36735601306603,Barren,30.02,43.77,2.96,995.31,4,989.17,0.13
2022-01-01 15:20:00,Station_20,36.25808054728583,-73.70075254115346,Agricultural,0.41,49.31,7.76,634.75,1,1034.31,0.47
2022-01-01 15:25:00,Station_20,25.12009608697594,-73.76418472153912,Barren,19.79,77.94,7.36,986.27,3,1045.89,0.61
2022-01-01 15:30:00,Station_20,44.468817413256986,-114.430077563301,Forest,15.95,45.24,9.59,830.23,1,1023.61,0.46
2022-01-01 15:35:00,Station_20,48.2616101086132,-107.32620685481851,Agricultural,0.04,45.91,13.86,264.03,7,982.98,0.73
2022-01-01 15:40:00,Station_20,25.85321813097642,-79.783886844719,Urban,21.86,44.01,14.01,602.62,2,1028.3,0.12
2022-01-01 15:45:00,Station_20,26.022048106161957,-67.671708334154,Agricultural,21.44,87.35,5.65,886.52,3,987.89,0.43
2022-01-01 15:50:00,Station_20,33.495058693933935,-118.72685576345185,Barren,-8.21,40.45,6.18,231.56,2,1046.21,0.79
2022-01-01 15:55:00,Station_20,38.42052315872278,-118.4429602379436,Agricultural,17.36,71.87,12.39,125.71,0,987.84,0.16
2022-01-01 16:00:00,Station_20,44.522471300933034,-79.31745922980761,Agricultural,19.63,66.48,6.3,188.05,6,1043.85,0.89
2022-01-01 16:05:00,Station_20,38.47301463959324,-79.1387282528369,Forest,21.18,42.71,2.96,607.76,5,1022.83,0.2
2022-01-01 16:10:00,Station_20,28.558112130027894,-108.96016742491264,Barren,19.73,40.09,11.54,566.26,8,1011.7,0.57
2022-01-01 16:15:00,Station_20,42.77869861410733,-122.85006500419937,Water,25.52,68.67,4.09,611.14,5,1010.91,0.7
2022-01-01 16:20:00,Station_20,45.07465583255298,-86.27357600886978,Barren,30.46,51.05,5.43,561.33,7,1011.65,0.61
2022-01-01 16:25:00,Station_20,39.91536106145721,-97.70356090802807,Urban,31.74,42.0,0.27,998.28,9,982.68,0.79
2022-01-01 16:30:00,Station_20,40.416473777556725,-106.96934989465768,Urban,-4.84,69.16,4.69,728.7,3,1039.28,0.58
2022-01-01 16:35:00,Station_20,25.063453938675835,-115.00666724286002,Urban,16.24,58.85,8.29,484.56,8,1011.91,0.65
2022-01-01 16:40:00,Station_20,43.93444451787489,-88.45167009067596,Urban,9.5,37.94,8.45,401.3,0,1028.39,0.35
2022-01-01 16:45:00,Station_20,29.86756045856544,-67.24646281448383,Barren,12.7,63.56,2.2,954.18,3,1044.2,0.26
2022-01-01 16:50:00,Station_20,43.04783050761738,-65.20799055645647,Barren,25.57,43.07,10.14,187.76,10,1004.14,0.49
2022-01-01 16:55:00,Station_20,49.88309921684353,-120.52745785335192,Water,32.65,57.42,12.24,520.79,3,999.04,0.27
2022-01-01 17:00:00,Station_20,43.708049208820164,-108.77344255510192,Urban,-2.85,44.53,2.25,618.5,1,1025.06,0.33
2022-01-01 17:05:00,Station_20,47.54189596129008,-82.8295374643315,Water,-9.73,83.74,7.18,163.08,3,1003.61,0.66
2022-01-01 17:10:00,Station_20,32.14059499742091,-109.83533975484443,Water,17.89,70.72,2.24,155.08,7,992.71,0.54
2022-01-01 17:15:00,Station_20,29.380634459204206,-67.36253022544622,Urban,-8.25,85.22,11.71,429.39,1,1033.32,0.23
2022-01-01 17:20:00,Station_20,43.62105145170965,-85.3416668987025,Water,21.9,48.01,9.34,549.76,7,1018.19,0.49
2022-01-01 17:25:00,Station_20,30.685110972346518,-104.13593748012403,Urban,25.49,35.87,7.32,725.93,3,1023.13,0.6
2022-01-01 17:30:00,Station_20,38.98884765712476,-99.96279610917364,Water,19.49,87.94,0.37,286.57,0,1044.36,0.75
2022-01-01 17:35:00,Station_20,46.16417287138191,-72.64652624159689,Barren,31.17,45.3,13.12,726.76,5,1035.01,0.51
2022-01-01 17:40:00,Station_20,32.20821962037371,-80.24603509399977,Forest,17.53,55.3,6.92,594.66,2,1049.52,0.45
2022-01-01 17:45:00,Station_20,36.57247254259339,-121.3063069422222,Forest,-7.5,58.58,13.37,157.36,3,999.58,0.67
2022-01-01 17:50:00,Station_20,39.64210770548797,-94.13185445960276,Agricultural,-2.14,30.89,4.23,645.27,0,1031.15,0.67
2022-01-01 17:55:00,Station_20,31.73221808347653,-96.13546898172531,Water,-4.74,88.77,0.44,415.01,4,1043.92,0.18
2022-01-01 18:00:00,Station_20,34.8391222738765,-114.59810741885869,Water,6.96,89.73,0.68,486.11,7,1018.12,0.31
2022-01-01 18:05:00,Station_20,28.754237098043244,-71.64666936229816,Water,-1.04,36.38,13.79,316.84,2,1048.93,0.27
2022-01-01 18:10:00,Station_20,31.230002827103146,-108.12921071628364,Water,23.09,87.58,1.65,937.57,5,1037.29,0.46
2022-01-01 18:15:00,Station_20,34.16070293521182,-79.32803954047537,Barren,0.75,31.32,1.9,643.28,8,1033.7,0.41
2022-01-01 18:20:00,Station_20,31.616856770996655,-98.94623540552362,Agricultural,32.02,31.85,11.05,186.6,9,1046.0,0.67
2022-01-01 18:25:00,Station_20,27.42216155405429,-85.67113426494268,Barren,10.5,64.93,9.51,525.96,2,1023.27,0.4
2022-01-01 18:30:00,Station_20,43.33635122333982,-114.70645054285308,Forest,16.83,84.66,2.83,223.35,2,989.4,0.37
2022-01-01 18:35:00,Station_20,31.600081613698222,-123.21847201152622,Urban,0.64,58.34,13.9,941.17,3,1007.63,0.24
2022-01-01 18:40:00,Station_20,31.817187387065673,-109.9083500312905,Barren,7.59,67.95,7.2,808.79,9,1049.2,0.28
2022-01-01 18:45:00,Station_20,48.1226500422824,-124.54256611422142,Forest,2.92,69.63,14.58,295.69,4,989.34,0.52
2022-01-01 18:50:00,Station_20,30.783027908074274,-71.97357423441775,Urban,-7.62,33.61,12.5,697.71,4,999.67,0.81
2022-01-01 18:55:00,Station_20,28.69312199449835,-117.51597360349712,Forest,-8.11,37.43,9.08,194.93,4,996.08,0.46
2022-01-01 19:00:00,Station_20,25.42696601709939,-95.64548507225307,Water,26.08,38.96,8.56,926.74,9,1030.14,0.69
2022-01-01 19:05:00,Station_20,45.220836333440765,-106.41859894253679,Urban,22.74,71.73,0.69,314.74,9,990.28,0.42
2022-01-01 19:10:00,Station_20,34.42742167347392,-90.36487958587686,Forest,11.09,39.28,9.64,758.29,10,1042.22,0.35
2022-01-01 19:15:00,Station_20,42.45250930152352,-80.34723464335227,Agricultural,22.35,71.24,6.0,117.48,2,1008.44,0.58
2022-01-01 19:20:00,Station_20,30.739294732862028,-99.91746173824271,Barren,27.84,82.74,7.99,508.05,9,985.82,0.27
2022-01-01 19:25:00,Station_20,36.312037815717346,-117.41983085485818,Water,-4.97,50.32,4.67,972.35,5,1024.8,0.9
2022-01-01 19:30:00,Station_20,38.214718458608004,-112.49011296437213,Barren,3.82,71.35,1.95,659.42,10,988.64,0.11
2022-01-01 19:35:00,Station_20,31.768767269337395,-78.011080791445,Water,-7.95,43.67,14.14,999.49,8,1041.02,0.43
2022-01-01 19:40:00,Station_20,44.59906204132941,-64.06832709538511,Forest,30.95,85.02,4.09,645.84,8,995.29,0.37
2022-01-01 19:45:00,Station_20,31.055085930972538,-120.61260793424013,Barren,-0.04,44.81,14.59,573.49,6,1026.33,0.81
2022-01-01 19:50:00,Station_20,40.869418312329415,-102.75222866430079,Water,33.15,66.41,2.97,276.23,8,1018.86,0.72
2022-01-01 19:55:00,Station_20,38.2031091663452,-79.17067722078693,Urban,-8.41,63.18,7.23,476.13,5,1004.11,0.76
2022-01-01 20:00:00,Station_20,42.60147931170141,-117.2610042775625,Agricultural,-2.24,45.9,11.65,996.37,9,1037.08,0.71
2022-01-01 20:05:00,Station_20,38.33579037127837,-99.84240910248674,Water,22.49,80.71,1.52,568.71,8,1002.55,0.81
2022-01-01 20:10:00,Station_20,45.296581135214666,-90.46855860263204,Water,27.62,41.15,9.52,100.2,2,999.41,0.56
2022-01-01 20:15:00,Station_20,44.7382895756124,-124.70426515786932,Water,21.17,67.51,12.1,737.81,5,1016.29,0.78
2022-01-01 20:20:00,Station_20,32.24741547900809,-99.92175086501524,Forest,23.28,88.92,2.8,370.56,6,995.09,0.37
2022-01-01 20:25:00,Station_20,26.950859997157806,-86.08276542631828,Urban,18.83,39.81,14.04,550.47,3,1035.65,0.39
2022-01-01 20:30:00,Station_20,30.41195574906829,-108.37158801516452,Barren,5.2,36.2,2.56,228.77,5,1029.8,0.44
2022-01-01 20:35:00,Station_20,48.55261338477092,-123.3769483688938,Water,14.72,68.67,11.49,104.76,2,995.3,0.77
2022-01-01 20:40:00,Station_20,41.961416855522316,-65.98304483214844,Forest,14.07,55.5,4.59,733.33,10,1049.88,0.56
2022-01-01 20:45:00,Station_20,39.202628803081254,-89.05951497736149,Urban,30.21,62.7,14.68,512.67,10,997.59,0.43
2022-01-01 20:50:00,Station_20,40.88952038109886,-115.67220287172013,Urban,14.06,47.12,14.85,392.44,7,1044.86,0.39
2022-01-01 20:55:00,Station_20,26.337391134454922,-118.20357953845132,Urban,19.79,31.17,6.47,977.54,4,1037.89,0.24
2022-01-01 21:00:00,Station_20,41.391169298170325,-123.29851635359928,Urban,31.14,82.01,3.68,224.46,5,1042.07,0.32
2022-01-01 21:05:00,Station_20,31.342396778563895,-84.8919751618165,Barren,13.14,50.76,8.37,301.72,8,1033.59,0.39
2022-01-01 21:10:00,Station_20,30.672127680377564,-74.90270139177721,Forest,-9.82,33.16,12.95,180.08,5,981.53,0.77
2022-01-01 21:15:00,Station_20,34.32652994077822,-86.51761723140072,Urban,4.11,64.98,4.02,284.58,1,1049.17,0.11
2022-01-01 21:20:00,Station_20,29.017559719170503,-67.7987692299561,Water,29.96,88.52,7.33,529.75,7,1017.39,0.42
2022-01-01 21:25:00,Station_20,40.79988772699693,-111.14546777987226,Urban,18.68,76.83,12.92,696.65,9,1033.54,0.31
2022-01-01 21:30:00,Station_20,48.45554698851804,-87.37564996518279,Barren,5.59,73.22,2.47,878.47,9,1024.13,0.68
2022-01-01 21:35:00,Station_20,46.180316913144345,-84.81609650207875,Barren,34.86,71.7,7.71,374.68,1,1049.84,0.82
2022-01-01 21:40:00,Station_20,32.55546399672625,-117.9460510412397,Forest,16.17,51.84,4.41,822.12,8,1040.41,0.77
2022-01-01 21:45:00,Station_20,48.7393408858382,-122.71057910341062,Agricultural,-2.45,39.16,3.72,971.51,10,994.0,0.85
2022-01-01 21:50:00,Station_20,26.713151316990295,-68.79058116854165,Urban,32.66,75.8,10.09,909.85,4,1038.07,0.3
2022-01-01 21:55:00,Station_20,44.81792363454801,-100.84063868173254,Agricultural,18.91,47.64,3.61,179.21,3,1016.14,0.71
2022-01-01 22:00:00,Station_20,44.3023572144305,-113.78679359462423,Agricultural,24.31,58.69,12.76,209.39,1,1027.22,0.15
2022-01-01 22:05:00,Station_20,47.35850414796778,-103.45651724047642,Barren,19.72,48.13,9.81,495.72,8,1029.12,0.41
2022-01-01 22:10:00,Station_20,31.14050226197973,-84.9177870459913,Agricultural,32.51,66.98,9.92,557.27,9,1022.33,0.66
2022-01-01 22:15:00,Station_20,31.53700581844689,-122.862629944322,Barren,22.79,49.16,4.72,203.88,0,1030.3,0.56
2022-01-01 22:20:00,Station_20,38.90382170162327,-94.3360754328061,Urban,22.84,39.37,12.66,579.93,1,1008.6,0.49
2022-01-01 22:25:00,Station_20,43.99517786459035,-67.21871310884788,Barren,20.02,55.12,13.55,629.27,7,987.98,0.82
2022-01-01 22:30:00,Station_20,39.513021499027424,-95.28581191032424,Forest,-4.41,56.13,8.23,665.29,4,986.82,0.35
2022-01-01 22:35:00,Station_20,25.885718166548884,-81.46962822661973,Forest,19.6,68.81,1.92,875.46,6,984.22,0.51
2022-01-01 22:40:00,Station_20,33.85849804554345,-111.18636166453143,Urban,-6.94,87.1,11.73,104.46,5,985.21,0.63
2022-01-01 22:45:00,Station_20,40.4560185694379,-64.4655702996906,Barren,14.17,70.63,11.07,416.21,6,995.39,0.16
2022-01-01 22:50:00,Station_20,39.156417513881806,-94.47587483964638,Urban,28.2,44.01,11.65,103.95,8,980.33,0.86
2022-01-01 22:55:00,Station_20,43.36843880114674,-71.46644648464117,Forest,0.48,89.7,4.11,773.81,1,1017.03,0.42
2022-01-01 23:00:00,Station_20,27.546890303049423,-115.71103254208033,Barren,9.8,76.16,5.51,762.53,9,1008.76,0.41
2022-01-01 23:05:00,Station_20,36.19608547924078,-102.54069586837147,Urban,32.51,84.29,8.74,499.99,7,1047.51,0.4
2022-01-01 23:10:00,Station_20,46.670513241189866,-114.93614926395772,Agricultural,16.5,58.81,6.24,897.12,6,999.65,0.6
2022-01-01 23:15:00,Station_20,26.565796360952433,-104.5729117440589,Urban,15.33,82.23,0.98,868.29,1,1002.33,0.12
2022-01-01 23:20:00,Station_20,34.68269777677787,-71.51593371180208,Water,0.94,34.77,13.08,591.87,6,1030.71,0.89
2022-01-01 23:25:00,Station_20,45.38387668339837,-86.06339543123562,Water,31.23,47.28,8.08,724.52,2,1041.82,0.73
2022-01-01 23:30:00,Station_20,25.9271420655477,-120.05813142933323,Agricultural,5.29,76.24,11.3,926.92,6,1002.01,0.43
2022-01-01 23:35:00,Station_20,46.551274254912535,-88.14391566903683,Water,12.61,56.56,14.17,567.4,1,1027.9,0.15
2022-01-01 23:40:00,Station_20,29.000846208919345,-82.10978525109878,Agricultural,-3.51,49.0,1.14,681.97,1,1023.45,0.78
2022-01-01 23:45:00,Station_20,40.454147460403625,-100.10195368068823,Barren,12.34,60.82,12.17,554.93,6,994.35,0.29
2022-01-01 23:50:00,Station_20,40.95316084555413,-76.21458023384731,Urban,21.46,61.12,6.07,934.05,8,996.48,0.78
2022-01-01 23:55:00,Station_20,41.15953770511293,-83.46038452055038,Forest,-8.15,57.9,6.82,889.25,7,1017.53,0.65
2022-01-01 00:00:00,Station_21,48.25878767515826,-90.88631960840826,Agricultural,30.31,87.06,3.12,670.71,0,1043.43,0.12
2022-01-01 00:05:00,Station_21,34.362521463296574,-88.41141035755868,Agricultural,30.89,67.18,10.67,887.19,4,994.15,0.54
2022-01-01 00:10:00,Station_21,35.91605883811216,-124.85658715935429,Urban,32.48,35.5,6.59,705.02,0,986.91,0.63
2022-01-01 00:15:00,Station_21,48.53648241800563,-86.98317180653859,Water,6.47,54.05,14.13,694.98,7,1009.61,0.31
2022-01-01 00:20:00,Station_21,37.88880312064051,-90.11289402696598,Barren,-4.3,82.56,11.6,773.13,8,1010.14,0.75
2022-01-01 00:25:00,Station_21,39.270766376089774,-104.19679414327493,Barren,10.43,45.6,10.01,745.68,1,1015.41,0.74
2022-01-01 00:30:00,Station_21,37.61964414422066,-70.79319924571611,Barren,21.29,64.81,6.68,295.82,9,993.81,0.43
2022-01-01 00:35:00,Station_21,46.155431259803066,-84.96690116648004,Barren,34.6,79.55,12.9,838.15,1,1033.6,0.17
2022-01-01 00:40:00,Station_21,28.155204212882175,-99.31904353121203,Water,2.43,79.62,10.5,110.58,4,1044.2,0.33
2022-01-01 00:45:00,Station_21,39.841959304928885,-109.31929142443116,Agricultural,1.67,53.98,3.06,140.94,7,994.3,0.41
2022-01-01 00:50:00,Station_21,38.413600251351866,-91.94282694773844,Urban,2.62,70.46,1.22,707.39,3,1037.3,0.22
2022-01-01 00:55:00,Station_21,35.33574838303966,-98.35521820230437,Urban,-7.31,86.7,10.49,466.26,2,986.38,0.7
2022-01-01 01:00:00,Station_21,48.68569849204384,-77.24102664194703,Water,27.11,44.71,9.86,486.37,4,1001.33,0.18
2022-01-01 01:05:00,Station_21,28.355441963108763,-100.89994919956418,Water,30.03,51.91,1.32,181.12,1,1036.42,0.22
2022-01-01 01:10:00,Station_21,26.29424994865193,-62.536303671381965,Forest,16.14,79.8,6.47,374.37,6,1021.93,0.87
2022-01-01 01:15:00,Station_21,29.898524082414077,-73.49093963723678,Forest,26.79,40.72,12.38,726.54,7,1019.95,0.33
2022-01-01 01:20:00,Station_21,31.657978107332283,-65.6800569131184,Urban,-1.75,40.94,9.98,137.41,7,1013.52,0.27
2022-01-01 01:25:00,Station_21,45.98192042837094,-122.33709692365574,Forest,14.93,67.13,12.06,756.89,9,999.2,0.18
2022-01-01 01:30:00,Station_21,42.662849889868546,-98.19042102732038,Water,-0.27,73.99,6.22,317.68,7,987.32,0.18
2022-01-01 01:35:00,Station_21,39.91101515747912,-87.14934815750688,Barren,33.97,61.3,1.52,443.3,2,1027.71,0.35
2022-01-01 01:40:00,Station_21,38.819867849318896,-114.1219341291425,Barren,24.39,79.71,7.12,419.78,10,1014.95,0.39
2022-01-01 01:45:00,Station_21,37.2216207064681,-113.86108124867117,Agricultural,-2.41,54.34,5.95,831.06,5,1036.02,0.13
2022-01-01 01:50:00,Station_21,36.32714276019773,-113.29428081996869,Urban,29.14,64.35,6.35,621.07,8,1016.15,0.28
2022-01-01 01:55:00,Station_21,46.08011842245544,-93.23152891364848,Forest,25.89,56.82,9.67,240.44,2,1031.34,0.76
2022-01-01 02:00:00,Station_21,33.251253898826455,-101.82793707251241,Agricultural,25.04,86.72,5.27,880.08,1,988.52,0.34
2022-01-01 02:05:00,Station_21,29.460578564490667,-91.68347749251414,Water,31.72,66.63,13.45,482.65,7,1004.47,0.2
2022-01-01 02:10:00,Station_21,27.414078493760538,-72.1822802473719,Forest,-4.82,80.23,10.22,509.5,1,993.37,0.6
2022-01-01 02:15:00,Station_21,27.58901603420387,-68.84966442841878,Agricultural,19.73,71.72,3.16,778.2,2,1023.94,0.74
2022-01-01 02:20:00,Station_21,37.23787622034461,-88.37649007781548,Forest,-0.33,43.55,0.34,231.7,6,1022.63,0.26
2022-01-01 02:25:00,Station_21,39.13105549522777,-60.4817799616939,Barren,26.83,64.74,14.78,333.72,1,1016.4,0.11
2022-01-01 02:30:00,Station_21,42.428277220022004,-105.4486795500157,Water,2.51,65.01,0.68,463.11,0,1041.86,0.5
2022-01-01 02:35:00,Station_21,32.07275850638485,-94.02669972212573,Urban,-7.35,34.04,0.78,874.37,5,1002.24,0.69
2022-01-01 02:40:00,Station_21,42.816683493377056,-76.67151622290682,Urban,-3.45,61.2,3.53,585.61,6,983.3,0.53
2022-01-01 02:45:00,Station_21,48.90713833993419,-102.00133122397601,Agricultural,2.68,72.98,12.6,389.98,0,1028.05,0.21
2022-01-01 02:50:00,Station_21,46.96485887553966,-114.83360194017125,Urban,-9.52,69.78,5.43,877.76,9,980.51,0.1
2022-01-01 02:55:00,Station_21,42.655378995788496,-83.18528470259321,Forest,5.35,50.4,13.77,325.49,8,1047.21,0.36
2022-01-01 03:00:00,Station_21,31.64862494729668,-82.61850116697262,Barren,-2.44,43.56,10.97,323.45,8,996.1,0.74
2022-01-01 03:05:00,Station_21,27.237436705808715,-78.84776387750335,Barren,27.31,56.3,1.97,689.92,8,990.77,0.54
2022-01-01 03:10:00,Station_21,27.857866149791207,-109.98021709663445,Barren,14.93,45.21,1.43,335.18,9,1023.69,0.22
2022-01-01 03:15:00,Station_21,33.09615615930563,-98.97873966338554,Forest,-0.91,45.65,13.61,660.11,9,1021.08,0.46
2022-01-01 03:20:00,Station_21,30.86480773416858,-69.29489170586442,Barren,6.69,77.89,14.97,463.82,7,1023.05,0.62
2022-01-01 03:25:00,Station_21,37.79012739981886,-60.48652559694847,Water,5.81,50.9,11.39,446.3,6,1045.82,0.59
2022-01-01 03:30:00,Station_21,40.18690749095823,-71.17047197493531,Forest,-1.34,88.44,5.6,405.9,1,1030.2,0.47
2022-01-01 03:35:00,Station_21,27.770801228685258,-66.9811236705612,Urban,14.01,60.42,9.95,686.93,5,988.32,0.19
2022-01-01 03:40:00,Station_21,38.37746834909724,-79.48600920550719,Forest,26.44,42.91,14.26,282.65,1,996.19,0.74
2022-01-01 03:45:00,Station_21,46.01952810251406,-67.89308771728183,Urban,15.11,53.8,14.74,495.19,1,1022.37,0.65
2022-01-01 03:50:00,Station_21,41.894857529473974,-107.00390859035004,Agricultural,30.12,65.12,5.13,780.27,1,1005.17,0.4
2022-01-01 03:55:00,Station_21,25.29102467938118,-107.36307302404848,Urban,26.03,68.17,8.06,346.15,0,1046.51,0.45
2022-01-01 04:00:00,Station_21,32.741755122168186,-102.07673087147404,Barren,-4.05,60.59,8.35,974.67,1,994.12,0.18
2022-01-01 04:05:00,Station_21,49.756322936696606,-95.98062227465556,Water,9.44,69.5,5.13,683.67,3,984.12,0.54
2022-01-01 04:10:00,Station_21,43.252170962758655,-93.38793314820562,Agricultural,12.74,58.57,8.74,582.35,2,1049.18,0.33
2022-01-01 04:15:00,Station_21,35.273205596673684,-107.7513007370001,Agricultural,3.42,71.8,8.63,385.76,7,1012.11,0.43
2022-01-01 04:20:00,Station_21,26.541654589037712,-97.72572238965188,Barren,3.3,38.17,7.21,422.65,6,1043.73,0.53
2022-01-01 04:25:00,Station_21,27.535192975976656,-86.19534051825309,Forest,25.05,38.95,3.99,122.56,10,1038.44,0.55
2022-01-01 04:30:00,Station_21,46.689012494338556,-72.06590447888692,Water,13.81,73.24,8.89,476.45,3,1045.98,0.51
2022-01-01 04:35:00,Station_21,41.80897402197496,-112.95000137401007,Agricultural,9.42,36.98,7.98,800.96,9,1035.63,0.82
2022-01-01 04:40:00,Station_21,36.567345324903016,-103.76699549593226,Urban,2.19,42.95,11.24,482.21,10,1006.54,0.2
2022-01-01 04:45:00,Station_21,43.35785906690848,-108.06236259239645,Urban,16.03,58.42,11.33,673.7,5,1034.6,0.59
2022-01-01 04:50:00,Station_21,39.046343379962025,-80.75610922157045,Forest,21.45,56.0,9.09,884.59,1,1019.38,0.43
2022-01-01 04:55:00,Station_21,37.26680942551214,-111.85123881224534,Agricultural,17.9,47.59,2.16,243.66,3,1005.39,0.9
2022-01-01 05:00:00,Station_21,25.594524612204587,-120.78408629060154,Barren,32.66,66.03,8.54,552.68,6,1007.64,0.36
2022-01-01 05:05:00,Station_21,37.69161113178315,-104.43412774910206,Agricultural,-2.15,60.73,1.78,944.33,6,994.0,0.46
2022-01-01 05:10:00,Station_21,45.8540987636507,-114.11241461623686,Water,12.12,35.96,10.73,379.05,0,1032.25,0.42
2022-01-01 05:15:00,Station_21,30.344208478975485,-113.68029155262006,Forest,-3.22,76.68,1.79,784.27,8,1033.98,0.33
2022-01-01 05:20:00,Station_21,40.88843054263221,-64.4153320204123,Agricultural,27.81,48.04,12.11,201.68,8,992.67,0.64
2022-01-01 05:25:00,Station_21,45.54796414840314,-65.17409870781346,Water,20.03,89.63,12.38,624.55,9,1007.52,0.51
2022-01-01 05:30:00,Station_21,38.1345728832092,-117.07450976888168,Urban,14.35,72.78,14.27,594.58,0,981.58,0.22
2022-01-01 05:35:00,Station_21,35.63199244047118,-115.03824657836653,Barren,-1.36,87.69,3.58,201.78,4,1043.34,0.41
2022-01-01 05:40:00,Station_21,42.20466024940018,-119.25267924415627,Urban,7.79,73.64,11.26,221.25,10,1004.36,0.63
2022-01-01 05:45:00,Station_21,39.03732463691924,-105.87713003404747,Forest,28.78,53.43,12.75,608.05,7,995.98,0.55
2022-01-01 05:50:00,Station_21,29.91252533274338,-105.06870232506586,Barren,7.92,40.89,4.51,740.97,3,992.21,0.21
2022-01-01 05:55:00,Station_21,49.48274599155533,-115.50794161772077,Urban,9.93,81.5,5.6,245.03,7,1042.99,0.45
2022-01-01 06:00:00,Station_21,41.90410224599811,-123.61215619912907,Forest,16.27,58.44,1.44,231.73,10,989.76,0.33
2022-01-01 06:05:00,Station_21,26.203419758884888,-65.78238201619789,Urban,32.78,57.81,14.09,850.37,9,1034.83,0.38
2022-01-01 06:10:00,Station_21,30.691715012167275,-102.65160850032733,Barren,33.57,34.57,1.07,104.95,4,1004.31,0.49
2022-01-01 06:15:00,Station_21,42.55855871864455,-98.98825734190422,Barren,22.53,54.22,6.21,208.99,5,1026.51,0.36
2022-01-01 06:20:00,Station_21,43.181329430190175,-98.95469612805172,Barren,8.77,76.37,4.66,628.84,7,985.24,0.34
2022-01-01 06:25:00,Station_21,25.95558835934949,-116.47694840776543,Agricultural,3.84,44.9,10.71,765.49,6,1037.91,0.41
2022-01-01 06:30:00,Station_21,48.212277718017,-116.02684546880033,Forest,4.55,55.72,0.82,225.83,0,1002.74,0.21
2022-01-01 06:35:00,Station_21,46.900523734789594,-121.7342209515899,Urban,27.78,72.97,14.54,815.37,10,1044.86,0.85
2022-01-01 06:40:00,Station_21,47.30800431883374,-103.89919645072801,Barren,6.81,79.68,0.55,784.54,2,1023.27,0.52
2022-01-01 06:45:00,Station_21,33.488629582803085,-110.08274715152771,Barren,15.79,53.01,2.52,804.06,2,1007.62,0.67
2022-01-01 06:50:00,Station_21,43.13632233059178,-95.01873756717535,Water,18.2,81.53,14.97,496.34,3,1031.5,0.19
2022-01-01 06:55:00,Station_21,29.337782089209767,-67.90699655879541,Forest,-1.95,68.82,14.18,455.71,6,1004.06,0.53
2022-01-01 07:00:00,Station_21,32.46628853061976,-91.09323920002977,Agricultural,-7.11,32.93,4.38,959.82,7,987.79,0.12
2022-01-01 07:05:00,Station_21,38.33088714283833,-121.53997840075456,Forest,6.2,77.69,3.99,920.2,10,1031.52,0.3
2022-01-01 07:10:00,Station_21,43.650561261584244,-105.79862098896147,Forest,-4.02,72.19,12.57,719.24,8,999.17,0.86
2022-01-01 07:15:00,Station_21,42.04391951428934,-104.15270101856383,Forest,0.73,86.64,9.94,777.87,10,1022.51,0.22
2022-01-01 07:20:00,Station_21,29.29020311482094,-71.06620601136376,Urban,22.91,57.87,8.18,916.0,1,989.5,0.84
2022-01-01 07:25:00,Station_21,46.64422877517117,-113.51077420176809,Barren,34.92,77.52,10.99,662.97,3,1012.63,0.73
2022-01-01 07:30:00,Station_21,48.282496186678415,-104.70861569814028,Water,13.3,85.08,2.04,681.23,3,990.28,0.79
2022-01-01 07:35:00,Station_21,35.038310454561,-65.86985516324131,Water,-4.79,56.32,5.07,884.33,7,1041.32,0.48
2022-01-01 07:40:00,Station_21,33.43990991662746,-73.81407720504389,Urban,-3.21,32.86,14.83,786.04,4,1019.9,0.34
2022-01-01 07:45:00,Station_21,38.01915481000317,-87.32465627725995,Barren,17.76,87.32,7.55,250.91,5,1001.92,0.62
2022-01-01 07:50:00,Station_21,29.805471657334664,-112.87736390538764,Agricultural,4.25,59.08,6.1,754.31,9,1049.98,0.45
2022-01-01 07:55:00,Station_21,36.75968287976873,-98.12910684342955,Water,22.97,69.03,6.17,971.37,8,1041.94,0.8
2022-01-01 08:00:00,Station_21,28.840001001668803,-102.75697902297739,Barren,-4.02,87.62,13.12,465.57,9,1040.3,0.82
2022-01-01 08:05:00,Station_21,44.099663722229494,-97.85601793004031,Agricultural,23.55,51.21,6.06,727.4,2,1026.76,0.79
2022-01-01 08:10:00,Station_21,48.11942153244733,-100.73327074027658,Forest,34.45,36.54,8.01,773.01,1,980.57,0.64
2022-01-01 08:15:00,Station_21,49.51990759644896,-87.06166189711735,Forest,15.33,50.75,12.84,816.78,5,1016.01,0.58
2022-01-01 08:20:00,Station_21,48.82555293626681,-88.46923433220121,Water,-9.15,37.32,4.38,834.39,1,997.85,0.26
2022-01-01 08:25:00,Station_21,42.94842757501746,-111.23410118062462,Forest,34.77,53.64,13.81,313.82,9,1028.21,0.49
2022-01-01 08:30:00,Station_21,28.972093962234567,-65.16977863425116,Barren,-3.27,80.59,1.05,726.65,3,1027.47,0.17
2022-01-01 08:35:00,Station_21,32.42675038058962,-67.12685391263423,Urban,20.95,68.95,7.26,727.38,0,995.31,0.25
2022-01-01 08:40:00,Station_21,25.839550381485502,-74.19916685714311,Barren,1.64,37.74,11.64,939.54,5,1017.8,0.88
2022-01-01 08:45:00,Station_21,46.516063995915495,-101.59497344709123,Water,33.02,69.51,9.91,760.94,3,1037.29,0.73
2022-01-01 08:50:00,Station_21,45.28153275819672,-104.60834164386964,Forest,22.73,38.37,3.71,832.95,4,1001.0,0.25
2022-01-01 08:55:00,Station_21,42.549470524880945,-110.86705887778908,Urban,6.87,46.48,9.06,248.39,5,1018.3,0.48
2022-01-01 09:00:00,Station_21,28.984437078596823,-78.75576399114519,Water,0.46,45.91,3.56,490.35,8,992.02,0.61
2022-01-01 09:05:00,Station_21,47.15313822803852,-116.60401014214668,Water,27.06,81.59,5.44,583.59,5,1014.81,0.72
2022-01-01 09:10:00,Station_21,33.678886965442516,-61.763232184688476,Barren,-3.92,72.79,4.35,552.95,6,1044.25,0.29
2022-01-01 09:15:00,Station_21,26.421460918776937,-78.5154517793593,Water,28.87,47.73,0.81,584.17,0,981.51,0.27
2022-01-01 09:20:00,Station_21,29.66558799647153,-86.53094226065912,Barren,-2.95,88.52,10.12,572.7,1,1004.13,0.65
2022-01-01 09:25:00,Station_21,29.042395416232747,-66.89318474968678,Forest,23.14,43.5,2.31,183.06,3,1007.97,0.21
2022-01-01 09:30:00,Station_21,33.24085971377881,-68.78701732600541,Agricultural,3.62,35.59,10.23,660.0,9,1021.7,0.49
2022-01-01 09:35:00,Station_21,37.3161655921773,-80.37881724214068,Agricultural,17.52,84.3,3.37,949.42,3,1047.91,0.19
2022-01-01 09:40:00,Station_21,49.281643781788354,-76.40767322655779,Forest,30.92,76.78,11.87,691.76,2,1022.09,0.76
2022-01-01 09:45:00,Station_21,49.61812025918783,-112.97248307186182,Barren,5.89,45.8,7.98,646.77,7,1044.67,0.68
2022-01-01 09:50:00,Station_21,43.22148600627088,-63.49441198857315,Urban,-0.92,65.25,4.89,445.12,9,1029.7,0.33
2022-01-01 09:55:00,Station_21,49.865249835988834,-95.52999979163141,Barren,19.3,31.05,10.89,796.28,10,1043.98,0.44
2022-01-01 10:00:00,Station_21,26.31670001010443,-75.8661132247178,Urban,21.31,80.41,4.46,451.39,9,1001.62,0.35
2022-01-01 10:05:00,Station_21,34.15858286010278,-96.61683179875028,Agricultural,19.21,81.24,1.32,199.05,2,1001.88,0.8
2022-01-01 10:10:00,Station_21,36.815869154462554,-116.97267108749709,Water,-5.95,47.22,0.15,290.05,5,994.19,0.75
2022-01-01 10:15:00,Station_21,37.11071741387127,-69.71561037172737,Urban,20.75,86.87,6.35,296.62,8,996.64,0.42
2022-01-01 10:20:00,Station_21,29.333467902088785,-71.74814233388256,Forest,11.17,81.9,13.88,565.38,6,982.43,0.57
2022-01-01 10:25:00,Station_21,48.89004747816467,-96.38376572454496,Water,5.35,86.24,1.67,276.72,6,1005.22,0.32
2022-01-01 10:30:00,Station_21,28.162588727407844,-61.68950611127722,Agricultural,-0.56,84.56,8.61,908.46,9,1002.75,0.5
2022-01-01 10:35:00,Station_21,45.39754089793207,-79.58125253414241,Urban,-0.37,65.52,7.62,154.28,10,1004.61,0.56
2022-01-01 10:40:00,Station_21,39.333988227698995,-60.17504842933904,Barren,-3.17,68.99,6.9,513.52,5,1014.75,0.24
2022-01-01 10:45:00,Station_21,42.23819992692668,-91.6773305063536,Agricultural,26.75,73.82,1.64,192.88,1,988.98,0.56
2022-01-01 10:50:00,Station_21,33.31371598549628,-72.3938789323757,Agricultural,-4.17,43.22,10.06,974.38,1,1041.04,0.87
2022-01-01 10:55:00,Station_21,26.48016894449888,-122.4529709582888,Barren,-8.79,32.67,13.47,174.75,8,989.27,0.66
2022-01-01 11:00:00,Station_21,38.87387961045785,-86.43572168224418,Urban,3.8,47.66,7.19,126.58,6,1014.85,0.81
2022-01-01 11:05:00,Station_21,36.44184259083206,-124.68599838230818,Forest,-5.25,47.29,0.02,451.15,3,1040.81,0.71
2022-01-01 11:10:00,Station_21,35.123153274590024,-91.24938099136531,Barren,6.52,64.02,11.45,119.73,9,1014.27,0.11
2022-01-01 11:15:00,Station_21,40.45639189517896,-100.12198701699197,Water,-1.67,43.07,10.3,293.31,1,1042.69,0.56
2022-01-01 11:20:00,Station_21,42.06814953857884,-78.22124011240346,Water,16.77,48.27,14.78,560.93,5,1024.24,0.61
2022-01-01 11:25:00,Station_21,42.27087737420521,-60.36246674878187,Agricultural,-0.08,67.2,0.67,855.42,0,996.85,0.59
2022-01-01 11:30:00,Station_21,47.240540506455105,-66.47371885256595,Forest,-0.61,56.47,1.49,774.09,4,1017.3,0.27
2022-01-01 11:35:00,Station_21,40.291332655646606,-87.51573370256409,Barren,27.66,61.04,7.05,891.11,1,985.55,0.28
2022-01-01 11:40:00,Station_21,42.41712333755147,-65.85455850630944,Water,-7.64,67.15,10.38,198.79,0,989.97,0.41
2022-01-01 11:45:00,Station_21,30.9184910115305,-61.256028593439765,Water,15.58,38.91,1.97,319.66,0,1042.91,0.79
2022-01-01 11:50:00,Station_21,48.10270248427991,-116.12812846074755,Forest,25.37,52.5,3.35,520.74,10,1028.51,0.67
2022-01-01 11:55:00,Station_21,41.21052516144575,-97.07947712514566,Agricultural,0.55,44.59,13.44,886.44,4,1014.83,0.57
2022-01-01 12:00:00,Station_21,46.566842572704715,-107.20384735692505,Water,7.93,34.99,0.94,943.34,9,1031.32,0.68
2022-01-01 12:05:00,Station_21,30.00535027563945,-103.66802615851394,Water,-7.59,34.25,6.25,774.16,2,1029.79,0.49
2022-01-01 12:10:00,Station_21,45.51216478852283,-74.51885040614913,Agricultural,-5.91,47.82,2.4,711.06,10,1037.75,0.39
2022-01-01 12:15:00,Station_21,42.19502305814953,-68.29772846030326,Water,-2.78,44.18,4.44,153.89,0,1004.35,0.41
2022-01-01 12:20:00,Station_21,33.70420721331881,-96.73154062583619,Urban,16.69,56.99,8.52,718.12,9,1017.89,0.86
2022-01-01 12:25:00,Station_21,33.55775150161283,-98.38741031582038,Forest,30.57,59.56,6.49,759.21,1,1042.11,0.63
2022-01-01 12:30:00,Station_21,26.127490230519037,-95.45385145001859,Agricultural,22.17,41.2,13.7,738.08,7,1016.46,0.82
2022-01-01 12:35:00,Station_21,42.18948996945092,-66.40250263509014,Water,13.39,83.66,13.8,807.7,9,1032.29,0.63
2022-01-01 12:40:00,Station_21,36.976429932362834,-93.64252244520888,Water,23.74,68.59,4.24,157.44,6,987.84,0.72
2022-01-01 12:45:00,Station_21,47.45213380886588,-110.33139107568563,Urban,-4.16,41.22,0.0,332.41,2,1038.01,0.17
2022-01-01 12:50:00,Station_21,45.18520813193051,-93.98703153831447,Barren,2.93,74.41,1.98,719.63,9,994.15,0.18
2022-01-01 12:55:00,Station_21,41.63652878968571,-61.06955937496874,Agricultural,25.21,83.74,3.29,530.91,6,1016.18,0.8
2022-01-01 13:00:00,Station_21,39.526092246601635,-95.35932163926577,Agricultural,33.01,87.93,9.24,939.53,2,999.63,0.84
2022-01-01 13:05:00,Station_21,49.46412334012235,-75.92755603922046,Agricultural,32.73,54.09,8.55,436.04,1,1003.45,0.87
2022-01-01 13:10:00,Station_21,27.01819051346366,-69.36477109097623,Forest,17.85,44.61,11.76,460.6,4,984.41,0.44
2022-01-01 13:15:00,Station_21,34.08327743673871,-97.24857882072415,Forest,15.19,38.78,1.72,110.92,4,995.2,0.21
2022-01-01 13:20:00,Station_21,42.26922190472198,-104.9297849403908,Water,-9.63,55.49,8.47,708.87,2,986.8,0.72
2022-01-01 13:25:00,Station_21,45.36076321772124,-65.00058242002972,Agricultural,11.76,45.42,0.72,718.47,4,996.47,0.5
2022-01-01 13:30:00,Station_21,36.470792606906635,-95.43090340383878,Forest,-2.34,85.88,10.28,645.38,4,1044.1,0.57
2022-01-01 13:35:00,Station_21,31.473472124886204,-66.63871505870799,Forest,7.54,84.15,0.21,350.23,1,995.18,0.81
2022-01-01 13:40:00,Station_21,26.706687854710108,-87.61597051896237,Agricultural,-0.55,79.5,2.01,880.21,1,1034.27,0.23
2022-01-01 13:45:00,Station_21,47.94057598551203,-120.62738886725377,Forest,34.11,45.35,1.14,672.45,8,1009.39,0.77
2022-01-01 13:50:00,Station_21,42.66970302086635,-88.6579979954532,Forest,26.83,72.67,12.98,910.37,1,1022.87,0.25
2022-01-01 13:55:00,Station_21,47.249770609547824,-99.54807118900717,Barren,34.91,31.06,11.24,888.97,3,1044.65,0.63
2022-01-01 14:00:00,Station_21,33.020165383046624,-75.07623067144024,Urban,4.11,53.97,0.22,863.82,4,992.53,0.77
2022-01-01 14:05:00,Station_21,25.817639530816326,-106.78083960546837,Barren,25.13,59.71,2.28,998.83,8,1006.98,0.62
2022-01-01 14:10:00,Station_21,26.731880375138772,-79.98104162534158,Barren,10.04,30.88,14.98,947.81,4,1014.23,0.11
2022-01-01 14:15:00,Station_21,31.143027006006278,-78.56412981822938,Water,14.17,38.85,5.8,278.67,0,1021.42,0.72
2022-01-01 14:20:00,Station_21,25.213352010120534,-118.97588697965841,Agricultural,29.96,78.87,5.58,908.01,0,1035.55,0.47
2022-01-01 14:25:00,Station_21,36.46336857239062,-83.26886019387273,Urban,-0.18,85.96,2.52,915.72,2,988.33,0.69
2022-01-01 14:30:00,Station_21,37.325661784442,-113.7879869918239,Forest,-0.25,78.69,0.54,948.24,1,1002.21,0.5
2022-01-01 14:35:00,Station_21,33.66569474893705,-105.5263504620358,Barren,-4.65,31.2,4.18,985.52,9,1007.58,0.62
2022-01-01 14:40:00,Station_21,43.40413264309262,-103.63284654694851,Forest,28.9,87.27,2.8,693.74,3,1049.53,0.73
2022-01-01 14:45:00,Station_21,35.759921562706545,-97.35745973756696,Agricultural,34.39,62.15,6.31,579.5,5,1001.52,0.34
2022-01-01 14:50:00,Station_21,25.05765748650151,-78.96617400945794,Agricultural,16.98,88.3,12.32,823.76,10,1021.99,0.83
2022-01-01 14:55:00,Station_21,36.68834611442283,-115.09631304771113,Barren,19.69,51.2,9.78,243.82,5,1028.25,0.41
2022-01-01 15:00:00,Station_21,41.99770099144402,-103.9078900647732,Agricultural,7.98,43.46,13.71,837.35,3,1030.52,0.68
2022-01-01 15:05:00,Station_21,42.801964427864235,-94.72931317369449,Urban,26.17,32.64,11.5,226.12,5,1021.7,0.72
2022-01-01 15:10:00,Station_21,39.248161549416494,-62.334039359359636,Forest,3.56,51.34,7.36,349.64,0,1045.5,0.51
2022-01-01 15:15:00,Station_21,26.58323280585498,-86.05865050226112,Urban,33.77,84.66,8.33,475.3,0,1048.55,0.71
2022-01-01 15:20:00,Station_21,26.534391501222178,-108.26734614961316,Barren,12.46,34.56,9.63,932.79,3,1017.25,0.85
2022-01-01 15:25:00,Station_21,45.093068476486366,-76.34217547285908,Agricultural,-3.94,57.01,12.98,256.26,5,1036.88,0.31
2022-01-01 15:30:00,Station_21,43.501357905830204,-83.77101424978952,Agricultural,30.17,63.85,11.42,917.26,0,1033.25,0.28
2022-01-01 15:35:00,Station_21,46.803800707871886,-124.46518460868039,Forest,-4.82,64.02,10.54,451.96,0,1003.76,0.61
2022-01-01 15:40:00,Station_21,32.16433538562658,-114.2881229170269,Forest,32.5,78.16,8.53,503.55,4,1002.48,0.36
2022-01-01 15:45:00,Station_21,47.54649012644729,-121.63913067334667,Barren,14.32,73.68,4.62,640.47,10,1019.47,0.64
2022-01-01 15:50:00,Station_21,42.8410733172893,-95.24307468000758,Agricultural,13.94,85.62,9.46,332.12,6,1008.88,0.2
2022-01-01 15:55:00,Station_21,39.266318406524725,-62.85002769603905,Barren,18.35,81.0,4.62,874.29,1,981.82,0.29
2022-01-01 16:00:00,Station_21,46.77252694453763,-121.90384623896311,Barren,15.96,56.92,6.23,292.3,9,1042.35,0.39
2022-01-01 16:05:00,Station_21,44.855761429603724,-112.1212966253585,Agricultural,21.48,32.39,9.2,446.11,6,1032.94,0.76
2022-01-01 16:10:00,Station_21,40.112917155524876,-76.36648466173128,Barren,15.56,73.84,13.17,803.04,5,1016.49,0.36
2022-01-01 16:15:00,Station_21,41.7876520882899,-108.60149378121338,Barren,21.83,69.21,7.72,191.78,10,1044.56,0.18
2022-01-01 16:20:00,Station_21,46.94647707953614,-80.70168009726954,Forest,25.31,44.89,3.98,653.66,8,1022.33,0.24
2022-01-01 16:25:00,Station_21,36.841406939272105,-65.07470019856382,Forest,20.45,31.96,3.0,696.76,3,999.15,0.17
2022-01-01 16:30:00,Station_21,33.3628375432863,-87.88005813517859,Urban,3.18,67.97,13.63,762.97,9,1005.74,0.34
2022-01-01 16:35:00,Station_21,26.6940990334423,-85.25763117307844,Water,-10.0,82.88,8.4,632.28,7,992.67,0.86
2022-01-01 16:40:00,Station_21,26.243181514970804,-84.074312346097,Urban,7.87,74.97,3.6,873.05,1,981.8,0.78
2022-01-01 16:45:00,Station_21,49.21507026766861,-62.59803460528075,Agricultural,12.26,83.92,7.53,478.12,9,1005.23,0.58
2022-01-01 16:50:00,Station_21,28.258205511764857,-63.566114975663794,Barren,-1.65,47.75,13.62,800.74,8,995.61,0.48
2022-01-01 16:55:00,Station_21,39.423454059519464,-97.45873852668151,Water,26.65,58.96,1.96,441.87,4,1006.81,0.23
2022-01-01 17:00:00,Station_21,34.10481138283533,-89.62163481831108,Agricultural,12.87,70.8,8.17,446.46,7,1007.39,0.19
2022-01-01 17:05:00,Station_21,31.660139969702513,-95.4290488001329,Water,-3.04,79.13,2.97,546.47,2,995.43,0.35
2022-01-01 17:10:00,Station_21,31.48283545705341,-113.24210718091578,Water,24.13,79.27,14.69,346.13,9,1042.51,0.7
2022-01-01 17:15:00,Station_21,37.045775815842426,-119.70157657322243,Urban,28.41,49.53,0.22,798.53,7,1028.79,0.12
2022-01-01 17:20:00,Station_21,27.75285446652174,-112.95529051763732,Barren,-2.39,80.83,7.06,507.92,2,1005.6,0.89
2022-01-01 17:25:00,Station_21,49.8342136350508,-109.45595573605318,Barren,31.67,49.99,0.64,223.22,4,1000.61,0.56
2022-01-01 17:30:00,Station_21,29.962483316078476,-87.58012690680565,Water,12.46,66.6,14.48,275.69,3,1045.26,0.15
2022-01-01 17:35:00,Station_21,28.954102243444314,-117.03358255213811,Agricultural,-8.01,62.07,3.07,793.33,0,1009.27,0.54
2022-01-01 17:40:00,Station_21,29.18557201639153,-113.26925771042288,Agricultural,2.31,84.41,3.06,401.95,4,1041.57,0.37
2022-01-01 17:45:00,Station_21,45.10005563608158,-69.15833722224687,Agricultural,8.17,44.63,14.95,462.72,5,1000.05,0.36
2022-01-01 17:50:00,Station_21,39.457810059436746,-64.68087093739265,Agricultural,-9.56,41.04,0.25,209.08,4,1023.62,0.47
2022-01-01 17:55:00,Station_21,28.75745333770218,-63.4155465594413,Barren,27.21,55.23,0.06,477.36,3,1029.44,0.58
2022-01-01 18:00:00,Station_21,39.400198145200385,-66.78382187113365,Water,6.9,81.72,8.86,425.7,1,1034.53,0.83
2022-01-01 18:05:00,Station_21,40.63758892388833,-123.42950778180129,Urban,18.48,33.16,3.29,702.88,2,988.28,0.24
2022-01-01 18:10:00,Station_21,31.290934920444588,-87.64793609421156,Agricultural,15.03,71.54,0.74,330.34,10,994.53,0.33
2022-01-01 18:15:00,Station_21,44.86603027624861,-64.15878111886815,Water,30.46,55.99,3.21,836.46,2,988.21,0.19
2022-01-01 18:20:00,Station_21,34.9237200779531,-74.44076491523334,Forest,13.0,34.92,6.85,300.8,1,1035.78,0.19
2022-01-01 18:25:00,Station_21,48.62947693583473,-123.57837510329774,Agricultural,6.59,58.45,9.84,857.75,3,981.93,0.62
2022-01-01 18:30:00,Station_21,37.95109178238886,-104.69504229348144,Urban,31.92,80.75,12.27,557.58,0,1016.93,0.34
2022-01-01 18:35:00,Station_21,33.66744884001061,-123.87394233667594,Water,21.42,36.04,11.44,530.16,9,1022.88,0.52
2022-01-01 18:40:00,Station_21,34.14144546201699,-82.23752041922111,Urban,2.43,53.38,13.18,641.0,4,1010.69,0.59
2022-01-01 18:45:00,Station_21,48.16946742850757,-108.66600692644207,Water,14.29,64.4,2.76,749.31,7,992.97,0.78
2022-01-01 18:50:00,Station_21,44.48182016445024,-89.64134895364481,Water,-0.7,44.34,6.9,787.77,8,1041.84,0.38
2022-01-01 18:55:00,Station_21,31.458514534288454,-84.89869530318617,Water,8.05,61.45,5.59,485.99,2,1012.92,0.38
2022-01-01 19:00:00,Station_21,26.06005837064456,-106.016400745201,Water,-7.68,46.8,2.08,795.46,4,1002.11,0.22
2022-01-01 19:05:00,Station_21,42.29170388848385,-75.63709670549548,Water,28.33,32.8,8.68,722.11,6,998.21,0.79
2022-01-01 19:10:00,Station_21,37.0113786155431,-80.56207996507577,Water,8.26,79.79,12.52,545.11,10,984.71,0.38
2022-01-01 19:15:00,Station_21,47.688375895049326,-93.12441162949648,Agricultural,1.95,30.12,10.79,898.16,6,1012.98,0.2
2022-01-01 19:20:00,Station_21,27.35788369626614,-95.33807449125743,Forest,1.58,39.26,2.83,987.31,3,983.51,0.25
2022-01-01 19:25:00,Station_21,28.602417402856176,-79.97096462062652,Barren,29.64,39.95,9.08,429.32,5,1010.22,0.56
2022-01-01 19:30:00,Station_21,47.537528809355535,-75.80441743883283,Agricultural,28.58,71.62,2.76,320.19,1,1024.27,0.45
2022-01-01 19:35:00,Station_21,46.520714749153214,-65.07171373562946,Agricultural,18.67,65.61,8.55,227.66,3,1004.76,0.47
2022-01-01 19:40:00,Station_21,48.521140968237034,-62.000643965599025,Urban,-4.83,84.89,10.99,397.49,3,1032.88,0.66
2022-01-01 19:45:00,Station_21,35.281223097984466,-64.6045005200664,Agricultural,22.64,74.22,7.55,218.26,3,980.79,0.79
2022-01-01 19:50:00,Station_21,34.16703595550422,-119.75219294277517,Barren,2.42,69.0,2.87,106.47,1,984.21,0.84
2022-01-01 19:55:00,Station_21,28.635270982181567,-87.45490247437834,Barren,32.48,52.38,2.31,696.08,6,1013.97,0.25
2022-01-01 20:00:00,Station_21,35.687038126522616,-107.38488090532601,Barren,32.74,37.22,12.76,544.76,5,1015.05,0.75
2022-01-01 20:05:00,Station_21,43.95857938324857,-81.87947477029125,Water,18.94,78.69,11.57,285.66,9,1012.15,0.85
2022-01-01 20:10:00,Station_21,26.31483199791528,-120.3317718491042,Agricultural,-7.27,52.71,3.77,558.12,5,999.99,0.28
2022-01-01 20:15:00,Station_21,43.04802067137473,-67.36051336242005,Barren,30.73,81.68,0.7,430.13,1,1001.31,0.84
2022-01-01 20:20:00,Station_21,43.42658400598006,-101.16398275439873,Water,17.05,30.19,14.88,144.62,9,1018.13,0.74
2022-01-01 20:25:00,Station_21,38.04404785731547,-119.64265606863118,Water,33.06,32.22,6.98,535.49,3,988.73,0.41
2022-01-01 20:30:00,Station_21,43.411893404794384,-73.49947391428037,Agricultural,-4.5,74.71,11.22,930.06,6,1038.8,0.79
2022-01-01 20:35:00,Station_21,27.403930826576268,-67.79974807450708,Urban,12.13,74.04,8.7,463.9,5,1040.15,0.41
2022-01-01 20:40:00,Station_21,41.462685337483485,-83.85032335249258,Forest,4.3,81.15,2.82,398.46,0,1049.72,0.77
2022-01-01 20:45:00,Station_21,42.974325682553285,-120.12080657788007,Urban,-0.45,40.35,14.21,708.04,9,990.46,0.74
2022-01-01 20:50:00,Station_21,30.627848736229595,-109.79617079177498,Forest,-6.83,75.26,11.36,157.29,0,989.83,0.85
2022-01-01 20:55:00,Station_21,47.87510692681881,-117.50742147749749,Barren,-9.61,35.26,5.19,586.86,5,996.31,0.74
2022-01-01 21:00:00,Station_21,28.503499072305672,-86.30634316876437,Agricultural,22.65,79.64,5.79,875.24,4,1040.21,0.9
2022-01-01 21:05:00,Station_21,40.9106433157068,-76.38069202164675,Agricultural,12.15,82.43,5.86,371.04,2,1025.87,0.88
2022-01-01 21:10:00,Station_21,41.347301863830396,-64.41185156910754,Water,30.24,58.95,14.8,265.33,10,1046.42,0.42
2022-01-01 21:15:00,Station_21,44.32487723545738,-73.76065733936282,Forest,33.08,47.61,0.38,670.85,10,1034.23,0.9
2022-01-01 21:20:00,Station_21,43.49779686647618,-115.62861546543725,Forest,5.94,64.25,14.4,201.5,0,1046.71,0.31
2022-01-01 21:25:00,Station_21,45.58340143152664,-111.75235236495153,Barren,-0.94,55.62,11.41,793.36,9,997.36,0.3
2022-01-01 21:30:00,Station_21,28.32192990875024,-81.00345331234527,Agricultural,-4.23,62.18,8.15,101.35,8,1025.04,0.16
2022-01-01 21:35:00,Station_21,44.38305434310402,-64.0284867304562,Water,15.79,50.63,1.28,133.49,0,1040.38,0.76
2022-01-01 21:40:00,Station_21,25.365384923926914,-120.95485101778871,Forest,7.87,74.77,9.95,158.21,9,995.76,0.25
2022-01-01 21:45:00,Station_21,28.467435772544047,-90.07516179369266,Water,-7.64,75.83,12.3,513.03,5,1036.81,0.67
2022-01-01 21:50:00,Station_21,42.836653875488324,-87.13870309954343,Urban,24.22,69.18,11.74,247.03,1,1044.3,0.17
2022-01-01 21:55:00,Station_21,26.073787971772077,-80.42914328093318,Urban,16.94,40.11,7.62,743.58,4,1008.14,0.14
2022-01-01 22:00:00,Station_21,41.5195842324711,-71.5995357287784,Forest,5.45,89.04,13.39,233.54,2,988.86,0.53
2022-01-01 22:05:00,Station_21,37.01780384766077,-82.68326491228243,Urban,29.87,68.89,8.75,127.07,4,1044.16,0.68
2022-01-01 22:10:00,Station_21,34.92764684494456,-108.35211137174181,Urban,15.1,64.77,13.28,381.54,6,1018.52,0.47
2022-01-01 22:15:00,Station_21,33.63339328261052,-108.22208723616492,Agricultural,8.05,59.54,14.7,638.68,8,1021.05,0.6
2022-01-01 22:20:00,Station_21,26.13449217051908,-68.92029674118777,Water,-4.41,84.83,3.81,973.25,5,1019.92,0.49
2022-01-01 22:25:00,Station_21,30.760275094175416,-86.87008362360669,Urban,20.44,78.7,7.79,282.67,1,1029.19,0.71
2022-01-01 22:30:00,Station_21,47.17686879637853,-117.42705404006529,Barren,6.79,89.86,13.52,947.18,3,983.28,0.27
2022-01-01 22:35:00,Station_21,25.58156652563132,-89.87857146022677,Water,-8.69,32.82,2.84,905.69,2,1041.59,0.6
2022-01-01 22:40:00,Station_21,40.08609739641044,-107.47403536861744,Agricultural,1.43,33.02,11.79,386.0,6,1024.33,0.86
2022-01-01 22:45:00,Station_21,37.293175508965284,-114.62425780350159,Urban,31.58,44.42,1.84,469.12,3,1048.41,0.43
2022-01-01 22:50:00,Station_21,28.895947846795213,-96.58035398954829,Agricultural,-0.01,85.04,6.14,828.15,0,1016.29,0.34
2022-01-01 22:55:00,Station_21,44.566968186282125,-89.19044235711253,Barren,-9.98,58.84,11.31,686.65,8,1042.14,0.13
2022-01-01 23:00:00,Station_21,29.201097332911317,-88.33255743378348,Agricultural,3.78,52.66,10.61,652.6,5,1036.43,0.51
2022-01-01 23:05:00,Station_21,29.078430681834785,-101.5261017963409,Urban,14.67,50.88,9.9,727.58,10,994.75,0.36
2022-01-01 23:10:00,Station_21,43.609842142894976,-91.66609507318833,Water,11.33,34.24,6.49,741.09,1,1049.45,0.61
2022-01-01 23:15:00,Station_21,32.06070119209433,-66.29936727851003,Agricultural,-8.97,72.0,10.06,194.82,1,1043.43,0.68
2022-01-01 23:20:00,Station_21,30.118848956596075,-87.25540266542676,Barren,0.95,77.57,2.54,977.61,3,1021.31,0.28
2022-01-01 23:25:00,Station_21,38.272220827855655,-113.25589067611506,Forest,8.22,35.87,13.99,618.01,3,1039.76,0.22
2022-01-01 23:30:00,Station_21,31.27706384885182,-124.83866368216346,Agricultural,12.24,70.02,13.95,381.83,6,1047.2,0.46
2022-01-01 23:35:00,Station_21,47.708438195438575,-108.35775963497855,Urban,30.48,65.01,5.9,263.06,3,1002.64,0.21
2022-01-01 23:40:00,Station_21,42.073644831659486,-69.88433578247566,Urban,9.16,51.07,10.9,836.69,4,994.24,0.53
2022-01-01 23:45:00,Station_21,25.121651541495716,-60.59185117197312,Barren,-7.63,54.35,9.29,821.1,0,983.34,0.54
2022-01-01 23:50:00,Station_21,41.07982178317734,-111.03200135746093,Agricultural,9.5,79.69,0.6,923.85,8,992.34,0.83
2022-01-01 23:55:00,Station_21,45.67379375879563,-87.28158047370431,Barren,32.2,46.48,8.83,909.57,1,1048.43,0.84
2022-01-01 00:00:00,Station_22,36.1464928443788,-105.19802317882144,Barren,9.02,88.33,0.79,952.52,9,1020.29,0.5
2022-01-01 00:05:00,Station_22,25.70726506717799,-123.83418039316152,Agricultural,-4.36,84.76,2.35,557.01,8,996.26,0.18
2022-01-01 00:10:00,Station_22,31.983710500241266,-63.11693776328197,Forest,3.88,59.44,7.7,319.35,2,1031.12,0.47
2022-01-01 00:15:00,Station_22,49.51751443827479,-95.01456479732943,Barren,1.1,34.54,1.0,507.37,0,1001.59,0.19
2022-01-01 00:20:00,Station_22,48.26405211731523,-113.47365185366817,Barren,-9.32,36.08,2.46,486.41,6,1024.51,0.74
2022-01-01 00:25:00,Station_22,28.615542385631993,-123.41296204031445,Agricultural,-3.72,41.99,13.33,727.73,3,1040.25,0.33
2022-01-01 00:30:00,Station_22,45.910640569789166,-69.0771430820212,Barren,-0.2,89.63,1.38,204.2,10,1015.39,0.64
2022-01-01 00:35:00,Station_22,31.442153827830715,-106.57278070138359,Urban,30.46,86.06,0.65,417.04,9,1014.66,0.59
2022-01-01 00:40:00,Station_22,37.64043517176835,-87.11851049920836,Water,-2.16,72.61,5.23,691.95,2,993.87,0.82
2022-01-01 00:45:00,Station_22,30.51931863597031,-124.88345357518304,Urban,30.49,66.97,2.89,542.68,4,1004.32,0.27
2022-01-01 00:50:00,Station_22,34.55519201943397,-70.57907653823199,Urban,3.58,65.54,5.4,608.24,5,1011.72,0.52
2022-01-01 00:55:00,Station_22,46.388900124999736,-106.04461725661216,Agricultural,-4.71,38.84,7.62,149.62,9,996.81,0.72
2022-01-01 01:00:00,Station_22,29.28196691085818,-80.98754670828527,Agricultural,3.96,78.74,6.13,141.6,3,1030.56,0.41
2022-01-01 01:05:00,Station_22,37.803088025881166,-105.4979146370589,Barren,18.61,70.83,13.98,172.92,3,984.27,0.2
2022-01-01 01:10:00,Station_22,41.05653664287722,-92.83049563639224,Forest,30.09,81.35,11.3,729.97,7,1038.54,0.39
2022-01-01 01:15:00,Station_22,35.428379730645034,-64.18311982857472,Forest,33.27,54.54,5.71,813.38,4,1041.02,0.19
2022-01-01 01:20:00,Station_22,45.87014892606732,-60.07804821218588,Agricultural,28.14,59.6,6.17,902.14,2,1024.67,0.78
2022-01-01 01:25:00,Station_22,35.8387987760167,-79.40207304242207,Barren,16.81,60.54,11.06,259.29,10,1004.59,0.15
2022-01-01 01:30:00,Station_22,36.010483573276886,-85.02385892487636,Barren,-2.34,60.0,14.36,842.78,1,1040.29,0.36
2022-01-01 01:35:00,Station_22,38.512210953000434,-63.08911879381546,Forest,34.76,83.4,12.48,587.29,4,1015.39,0.76
2022-01-01 01:40:00,Station_22,49.96026072492941,-120.20536416947509,Barren,1.53,79.74,4.54,837.31,4,993.21,0.9
2022-01-01 01:45:00,Station_22,39.37171267323924,-77.21442054804137,Urban,34.95,86.94,11.87,622.45,2,1020.48,0.44
2022-01-01 01:50:00,Station_22,30.140257548870576,-78.70286143564695,Forest,12.72,60.64,11.58,362.19,7,1018.93,0.22
2022-01-01 01:55:00,Station_22,37.56520278392845,-76.89540625591547,Urban,32.83,77.93,4.96,627.39,5,989.98,0.36
2022-01-01 02:00:00,Station_22,42.79048937297087,-67.39755266472642,Urban,6.65,86.05,12.73,177.2,5,993.84,0.48
2022-01-01 02:05:00,Station_22,30.93930106657298,-62.04052381094085,Agricultural,28.87,39.74,2.67,382.54,7,1018.89,0.29
2022-01-01 02:10:00,Station_22,25.261902716883395,-85.44590196435712,Urban,4.82,38.55,7.8,303.91,1,1029.19,0.25
2022-01-01 02:15:00,Station_22,40.650823497101776,-74.81635328720506,Water,8.83,81.83,11.02,193.76,1,1048.1,0.41
2022-01-01 02:20:00,Station_22,39.259237204989205,-102.45569191373264,Forest,-6.78,57.44,12.04,766.66,8,991.83,0.67
2022-01-01 02:25:00,Station_22,42.91770759207452,-106.44237298321235,Barren,17.61,81.91,1.97,237.68,1,1038.3,0.4
2022-01-01 02:30:00,Station_22,45.68790864421421,-99.55254490096412,Urban,-4.68,68.49,14.61,122.85,8,993.88,0.54
2022-01-01 02:35:00,Station_22,40.16629875352206,-100.72261791648164,Water,24.13,35.1,0.87,595.78,8,998.88,0.4
2022-01-01 02:40:00,Station_22,34.15247866664975,-118.551600071125,Urban,27.83,72.6,13.8,441.61,7,1041.05,0.22
2022-01-01 02:45:00,Station_22,38.61310614140829,-98.20466768714039,Barren,28.21,82.87,10.99,368.59,3,981.47,0.57
2022-01-01 02:50:00,Station_22,41.2470805690232,-63.44595811244776,Barren,5.52,68.65,0.53,980.57,2,1006.31,0.79
2022-01-01 02:55:00,Station_22,25.820663723063518,-85.78380300736845,Water,27.21,62.78,2.21,304.75,3,1012.94,0.12
2022-01-01 03:00:00,Station_22,49.05547583519363,-102.50593643133905,Forest,12.38,33.01,1.69,334.23,4,980.15,0.79
2022-01-01 03:05:00,Station_22,25.27080076166865,-124.54888853159093,Water,-6.04,85.39,9.04,952.05,0,1029.92,0.46
2022-01-01 03:10:00,Station_22,39.90169636897579,-68.73159057820527,Barren,0.05,34.57,1.65,497.28,8,1046.48,0.46
2022-01-01 03:15:00,Station_22,30.542625581707426,-118.91410166444534,Urban,13.28,59.82,6.85,870.89,1,997.61,0.63
2022-01-01 03:20:00,Station_22,48.78617541818785,-60.43313461637962,Forest,-6.1,54.6,7.02,985.36,9,985.3,0.44
2022-01-01 03:25:00,Station_22,49.75445527136681,-81.99053726948642,Barren,27.52,53.45,9.31,986.38,0,997.06,0.76
2022-01-01 03:30:00,Station_22,45.683259060789304,-86.1949768544262,Urban,-7.31,56.74,1.92,647.41,6,987.96,0.14
2022-01-01 03:35:00,Station_22,27.656269081533015,-85.2067834159544,Barren,30.75,72.65,13.38,323.79,5,1015.37,0.3
2022-01-01 03:40:00,Station_22,27.02590918879084,-93.20287105560041,Forest,19.08,49.97,1.41,105.63,1,1032.09,0.57
2022-01-01 03:45:00,Station_22,43.780660635207546,-66.90058318031515,Barren,23.62,38.28,10.17,839.72,1,1012.48,0.74
2022-01-01 03:50:00,Station_22,40.70967494572735,-122.98284382682239,Water,32.94,62.71,4.7,536.33,0,990.42,0.86
2022-01-01 03:55:00,Station_22,47.91138895691584,-117.51745532241767,Agricultural,5.39,87.46,0.39,827.71,10,1023.95,0.36
2022-01-01 04:00:00,Station_22,29.030315865130273,-77.87953830116427,Water,-3.67,48.16,14.78,398.82,6,1032.94,0.62
2022-01-01 04:05:00,Station_22,44.37897442947272,-103.99112630191152,Urban,26.41,58.0,8.6,352.68,3,1040.42,0.2
2022-01-01 04:10:00,Station_22,29.700300669433,-107.93482777063748,Barren,-1.15,87.03,9.51,232.22,3,1008.05,0.7
2022-01-01 04:15:00,Station_22,34.04117901700631,-78.16561239104948,Barren,10.31,76.34,14.29,696.78,1,1004.61,0.8
2022-01-01 04:20:00,Station_22,30.283731711186118,-98.09983817526032,Urban,8.42,35.26,14.08,460.43,2,1025.79,0.27
2022-01-01 04:25:00,Station_22,35.13013547443532,-87.89583976769518,Water,-2.62,61.74,0.71,182.04,5,995.14,0.46
2022-01-01 04:30:00,Station_22,45.75126470099191,-80.47402736560022,Forest,-0.69,55.98,11.49,342.49,7,1040.58,0.41
2022-01-01 04:35:00,Station_22,40.94078069472657,-85.85931769880519,Forest,8.32,73.59,5.57,897.09,6,1032.63,0.53
2022-01-01 04:40:00,Station_22,42.603839439794896,-92.7769642013069,Barren,20.61,34.9,8.43,466.81,7,1006.03,0.46
2022-01-01 04:45:00,Station_22,32.62721207287966,-113.56664217948924,Barren,8.82,52.37,13.05,645.66,8,1028.91,0.41
2022-01-01 04:50:00,Station_22,28.732963052171858,-94.60323730738811,Agricultural,16.39,77.63,13.41,754.64,8,997.3,0.5
2022-01-01 04:55:00,Station_22,44.15083973729173,-100.5939878524823,Agricultural,1.61,49.92,14.81,936.04,5,1041.23,0.58
2022-01-01 05:00:00,Station_22,36.43439466773682,-71.82535172954408,Agricultural,31.88,65.03,9.21,253.66,1,995.63,0.87
2022-01-01 05:05:00,Station_22,31.696937957180765,-90.57223634594175,Barren,34.06,33.72,3.5,981.62,10,1006.32,0.81
2022-01-01 05:10:00,Station_22,49.9433184789302,-91.50474745153919,Barren,12.63,74.85,13.66,814.32,7,997.19,0.52
2022-01-01 05:15:00,Station_22,46.63430770601576,-123.22847301907643,Urban,26.27,41.28,6.06,606.07,4,1048.78,0.75
2022-01-01 05:20:00,Station_22,46.856041787160976,-65.5652338652183,Urban,26.77,73.45,4.6,661.24,6,984.18,0.18
2022-01-01 05:25:00,Station_22,41.06139332256989,-120.52301151503842,Agricultural,23.1,84.88,5.01,535.44,10,998.09,0.85
2022-01-01 05:30:00,Station_22,26.3366330383786,-86.91064448813088,Barren,28.98,38.45,1.62,834.0,4,1010.54,0.69
2022-01-01 05:35:00,Station_22,34.80280773372556,-108.25257674284735,Forest,18.58,67.93,1.94,598.22,4,983.36,0.76
2022-01-01 05:40:00,Station_22,49.88072320302258,-95.22459801407123,Agricultural,15.88,56.18,4.78,915.56,0,998.4,0.53
2022-01-01 05:45:00,Station_22,28.83150033985816,-69.82787887316898,Barren,8.5,32.66,7.26,933.4,8,1002.1,0.12
2022-01-01 05:50:00,Station_22,27.898427833669594,-67.67347375778111,Forest,10.86,54.98,4.8,158.71,0,991.17,0.35
2022-01-01 05:55:00,Station_22,37.07887076474406,-97.49169272725048,Urban,24.66,41.56,11.19,864.45,9,1016.84,0.32
2022-01-01 06:00:00,Station_22,26.736287851451777,-61.58849054593731,Forest,21.6,41.43,2.63,924.71,4,1010.06,0.42
2022-01-01 06:05:00,Station_22,29.930868040739504,-92.78840825878466,Forest,18.65,79.27,3.43,497.48,7,996.22,0.29
2022-01-01 06:10:00,Station_22,26.87195024448539,-81.9845929405322,Water,-7.47,51.13,2.96,103.16,9,1034.36,0.52
2022-01-01 06:15:00,Station_22,37.690131404804376,-89.54575223202326,Forest,-1.54,38.84,8.62,583.14,6,1005.32,0.88
2022-01-01 06:20:00,Station_22,30.37513400450052,-109.26737484827746,Forest,-7.08,40.32,10.79,306.62,1,1002.52,0.65
2022-01-01 06:25:00,Station_22,29.440795220578593,-99.4128773824071,Barren,29.73,47.15,14.35,859.73,6,1002.9,0.27
2022-01-01 06:30:00,Station_22,31.033097784683704,-63.08938802917707,Barren,16.52,39.79,14.19,841.14,1,998.52,0.57
2022-01-01 06:35:00,Station_22,40.43689550304555,-108.00732577680732,Forest,-8.39,70.44,10.84,612.82,7,1016.21,0.13
2022-01-01 06:40:00,Station_22,29.962717732493676,-93.77936495654671,Urban,2.75,78.0,0.25,937.47,5,1019.35,0.21
2022-01-01 06:45:00,Station_22,39.88337238780664,-101.08162206792636,Water,25.89,31.65,8.64,888.88,2,1049.99,0.8
2022-01-01 06:50:00,Station_22,40.04827776677795,-70.60536096616408,Barren,34.05,76.99,2.55,811.21,5,984.92,0.12
2022-01-01 06:55:00,Station_22,40.33371533020777,-76.20920439893248,Barren,-5.77,78.16,3.96,179.48,3,1035.62,0.81
2022-01-01 07:00:00,Station_22,49.53538935933751,-85.11170794963418,Agricultural,0.52,66.69,2.28,116.44,1,1044.21,0.1
2022-01-01 07:05:00,Station_22,35.698530869084635,-124.63239219628272,Urban,32.95,80.49,9.86,198.49,5,1026.78,0.5
2022-01-01 07:10:00,Station_22,35.25963978678596,-83.38336667343862,Forest,2.37,85.76,2.49,345.26,4,994.84,0.66
2022-01-01 07:15:00,Station_22,33.834999702861744,-112.20786771583585,Water,3.87,54.32,14.31,168.39,3,1026.45,0.11
2022-01-01 07:20:00,Station_22,43.20600386527393,-120.01131399204303,Barren,-7.88,31.39,6.93,671.7,6,982.73,0.3
2022-01-01 07:25:00,Station_22,25.770532450824422,-105.09842319244888,Urban,10.66,42.5,8.85,147.01,2,1036.27,0.24
2022-01-01 07:30:00,Station_22,36.136709520817014,-118.38807986720145,Urban,33.73,48.47,8.89,127.65,0,1025.3,0.57
2022-01-01 07:35:00,Station_22,38.21804746623933,-103.22124303973555,Water,26.43,43.23,13.66,208.41,3,1017.43,0.43
2022-01-01 07:40:00,Station_22,38.86594324840984,-76.6558099683989,Water,9.78,43.95,14.31,320.99,1,1021.4,0.6
2022-01-01 07:45:00,Station_22,31.706525599583596,-107.65974359783411,Urban,8.28,34.26,6.52,661.0,3,1020.37,0.5
2022-01-01 07:50:00,Station_22,44.44405220916808,-63.76250322763089,Barren,6.14,40.73,11.84,300.17,5,1020.1,0.62
2022-01-01 07:55:00,Station_22,40.76595303004873,-108.69490140885233,Agricultural,-9.24,42.47,2.85,114.82,4,1006.61,0.16
2022-01-01 08:00:00,Station_22,37.353330751696234,-71.253472403811,Barren,6.65,49.85,2.5,623.84,10,994.94,0.85
2022-01-01 08:05:00,Station_22,33.7819759102496,-82.86343561512544,Water,31.47,31.85,9.61,328.18,4,994.06,0.28
2022-01-01 08:10:00,Station_22,30.840630821175857,-81.38936348167726,Barren,-7.66,71.33,8.57,769.91,9,1001.51,0.33
2022-01-01 08:15:00,Station_22,43.39894391649885,-107.06312316553965,Water,0.57,75.21,2.6,193.95,9,1049.88,0.81
2022-01-01 08:20:00,Station_22,43.16501113924238,-81.05230965280873,Water,2.64,58.28,10.13,157.04,1,981.74,0.48
2022-01-01 08:25:00,Station_22,31.810836153609614,-100.64024906113826,Water,3.04,88.48,11.4,612.89,2,1036.17,0.12
2022-01-01 08:30:00,Station_22,34.669634374202204,-92.32208420988272,Forest,-9.21,77.02,8.25,973.51,7,1008.51,0.64
2022-01-01 08:35:00,Station_22,45.23434433130843,-115.11278252256106,Water,30.63,69.78,9.91,379.1,5,1002.47,0.5
2022-01-01 08:40:00,Station_22,31.073355780930815,-92.6316433230065,Barren,27.67,77.5,13.57,471.14,8,980.5,0.23
2022-01-01 08:45:00,Station_22,34.656279024456644,-82.09133527936785,Agricultural,-3.29,62.89,6.58,248.24,0,1007.4,0.56
2022-01-01 08:50:00,Station_22,37.14225627236428,-108.06661982040049,Water,25.14,70.26,6.78,853.67,1,1013.45,0.5
2022-01-01 08:55:00,Station_22,30.010229490070238,-92.54272978398456,Agricultural,24.7,30.17,13.24,356.2,7,1031.14,0.14
2022-01-01 09:00:00,Station_22,31.416820316598375,-107.86314128897855,Agricultural,-1.93,48.41,11.08,934.16,5,1037.28,0.6
2022-01-01 09:05:00,Station_22,31.71356145473645,-84.84797501098154,Agricultural,27.42,32.88,14.25,676.94,8,1002.16,0.5
2022-01-01 09:10:00,Station_22,40.058167553941765,-118.23163534187162,Agricultural,15.29,62.67,14.69,857.91,7,1023.84,0.62
2022-01-01 09:15:00,Station_22,36.06081617728647,-119.12566337897223,Barren,9.58,44.92,13.02,421.27,8,994.88,0.17
2022-01-01 09:20:00,Station_22,48.85698351512858,-74.46240584665819,Agricultural,10.47,70.54,14.12,695.14,10,1031.19,0.21
2022-01-01 09:25:00,Station_22,26.740059868977,-86.84714743218964,Forest,28.5,31.08,10.31,475.69,7,1020.36,0.71
2022-01-01 09:30:00,Station_22,33.91741499978458,-87.40531026573834,Agricultural,5.29,53.06,0.41,262.71,3,988.57,0.48
2022-01-01 09:35:00,Station_22,43.61415701164992,-79.44379734059424,Urban,1.21,49.59,1.8,636.59,2,1010.67,0.47
2022-01-01 09:40:00,Station_22,31.28736235337174,-99.22668666592037,Barren,27.65,87.18,2.67,821.7,2,1018.48,0.34
2022-01-01 09:45:00,Station_22,32.207433485002475,-78.70266225901261,Agricultural,-3.84,83.94,3.02,367.88,2,980.6,0.33
2022-01-01 09:50:00,Station_22,32.28935356914878,-123.56077102342165,Barren,-9.16,51.09,5.57,839.98,4,1045.76,0.45
2022-01-01 09:55:00,Station_22,33.27168504696325,-119.47562688477625,Urban,25.39,59.56,7.52,962.61,0,1036.75,0.68
2022-01-01 10:00:00,Station_22,39.18797925386074,-63.78696533058877,Urban,26.08,66.99,3.02,298.43,5,982.29,0.16
2022-01-01 10:05:00,Station_22,45.04968273489775,-68.95843732201271,Barren,-7.21,37.48,8.75,975.96,3,983.48,0.66
2022-01-01 10:10:00,Station_22,29.310347300025988,-112.72625812502197,Agricultural,-4.49,60.2,10.83,146.24,2,1038.05,0.69
2022-01-01 10:15:00,Station_22,27.56202424591247,-97.80190840749538,Agricultural,1.6,60.14,14.16,943.99,2,1015.37,0.38
2022-01-01 10:20:00,Station_22,26.356488867115498,-98.7098337534807,Water,7.15,83.55,8.87,682.73,8,1004.64,0.46
2022-01-01 10:25:00,Station_22,37.5932767282207,-76.68064775962816,Water,13.04,62.74,7.02,181.42,4,1009.05,0.61
2022-01-01 10:30:00,Station_22,25.773826019796893,-109.95199280736158,Barren,33.41,31.97,11.08,965.4,5,1042.86,0.48
2022-01-01 10:35:00,Station_22,35.28994362447898,-92.16239639270812,Barren,6.76,45.81,8.57,833.63,4,981.71,0.67
2022-01-01 10:40:00,Station_22,35.29901984083884,-97.0295079217839,Agricultural,19.07,35.37,2.14,824.08,9,985.51,0.52
2022-01-01 10:45:00,Station_22,31.55503572232704,-61.52856101773537,Urban,23.95,36.03,8.26,960.79,2,1004.57,0.17
2022-01-01 10:50:00,Station_22,34.26604044632818,-60.34484942180305,Barren,3.89,58.6,10.13,405.09,4,1028.51,0.16
2022-01-01 10:55:00,Station_22,38.614616113510166,-92.53182822927651,Water,17.48,77.62,7.19,171.76,2,994.06,0.24
2022-01-01 11:00:00,Station_22,38.74078315242856,-116.21919287068822,Urban,29.02,79.64,10.67,224.27,6,1028.88,0.78
2022-01-01 11:05:00,Station_22,26.627366804590174,-121.67796517015427,Barren,11.28,75.23,9.57,277.71,8,1006.84,0.61
2022-01-01 11:10:00,Station_22,27.4824882528534,-70.37969734684441,Forest,-4.97,84.51,3.02,177.15,9,1031.28,0.48
2022-01-01 11:15:00,Station_22,44.970466456672526,-122.35732863142384,Urban,19.01,86.04,5.63,648.57,8,1036.9,0.27
2022-01-01 11:20:00,Station_22,45.03007931167139,-80.1486468261669,Water,20.83,49.51,0.63,684.33,3,1004.63,0.87
2022-01-01 11:25:00,Station_22,49.481378677185745,-99.42536537333734,Barren,-5.06,39.16,8.39,792.73,5,1049.5,0.53
2022-01-01 11:30:00,Station_22,31.787859659194307,-108.03598602811175,Forest,8.92,45.68,4.84,492.64,9,1039.93,0.81
2022-01-01 11:35:00,Station_22,35.62692491431151,-91.72715891233264,Forest,15.93,71.09,2.05,877.2,8,1015.18,0.71
2022-01-01 11:40:00,Station_22,29.897578368524893,-106.8903043611745,Agricultural,-6.28,45.38,10.06,611.44,8,1034.04,0.64
2022-01-01 11:45:00,Station_22,35.438703375239456,-104.17347640699657,Forest,32.3,57.16,8.55,583.28,3,1017.53,0.13
2022-01-01 11:50:00,Station_22,40.92909069518327,-92.83026324504692,Urban,31.88,82.05,2.02,963.87,0,981.3,0.26
2022-01-01 11:55:00,Station_22,37.37120933518305,-97.61249261547417,Urban,28.96,79.25,14.48,150.8,9,993.29,0.8
2022-01-01 12:00:00,Station_22,40.64693933326187,-96.36042015021985,Forest,14.48,74.11,5.59,988.6,0,994.81,0.36
2022-01-01 12:05:00,Station_22,41.28630962952646,-77.338587603083,Water,5.59,86.01,12.65,130.53,9,1008.2,0.73
2022-01-01 12:10:00,Station_22,46.65604975017623,-111.23658306704789,Agricultural,-2.67,73.24,5.49,830.68,7,991.1,0.59
2022-01-01 12:15:00,Station_22,32.631514291496046,-97.07140088350289,Urban,21.85,48.81,14.29,615.93,1,1041.91,0.5
2022-01-01 12:20:00,Station_22,32.386114563193665,-108.74980981328471,Water,-7.96,40.33,4.4,738.17,9,1003.84,0.28
2022-01-01 12:25:00,Station_22,28.14326001444951,-85.07878968496044,Agricultural,23.47,82.94,13.11,185.24,8,982.84,0.54
2022-01-01 12:30:00,Station_22,44.03779261276486,-60.64675389468077,Urban,19.06,32.49,3.99,786.96,10,1001.13,0.71
2022-01-01 12:35:00,Station_22,31.98484481589203,-81.13004764746361,Urban,34.76,40.49,2.75,528.1,3,999.69,0.52
2022-01-01 12:40:00,Station_22,28.24894992089303,-64.89387919623687,Forest,-9.43,82.09,11.57,728.82,7,1047.02,0.71
2022-01-01 12:45:00,Station_22,43.89766070164525,-117.58335751141209,Barren,32.23,83.6,13.38,750.58,10,1002.99,0.39
2022-01-01 12:50:00,Station_22,31.490888662053116,-120.6293752522426,Water,9.61,47.02,10.02,408.33,6,1047.27,0.2
2022-01-01 12:55:00,Station_22,32.29673718921314,-104.99482269688478,Forest,18.73,82.25,1.62,851.54,6,1011.56,0.35
2022-01-01 13:00:00,Station_22,47.944221472615084,-61.151744897378116,Barren,19.72,69.96,1.58,384.48,2,1030.41,0.8
2022-01-01 13:05:00,Station_22,45.00522654777569,-66.03869069926085,Barren,-3.83,78.05,1.35,451.87,4,1020.26,0.78
2022-01-01 13:10:00,Station_22,37.90184879813453,-64.33540157025169,Water,10.04,51.63,9.28,624.78,4,1019.09,0.86
2022-01-01 13:15:00,Station_22,42.08019492517755,-75.28450976294005,Water,-5.3,37.0,6.89,673.73,3,1015.61,0.1
2022-01-01 13:20:00,Station_22,38.7147548719759,-61.9157526546858,Water,2.01,63.33,14.56,980.4,10,1039.64,0.49
2022-01-01 13:25:00,Station_22,40.946595421642286,-114.3388825247839,Forest,-2.53,42.99,8.24,659.6,2,1015.54,0.39
2022-01-01 13:30:00,Station_22,25.041648375659708,-85.69073622279694,Urban,33.26,74.39,12.82,171.0,7,1042.61,0.86
2022-01-01 13:35:00,Station_22,29.49919854176496,-97.69962571538687,Urban,15.23,56.0,3.77,912.26,1,992.19,0.78
2022-01-01 13:40:00,Station_22,38.01910102982866,-101.92778437991912,Urban,18.62,73.73,14.42,432.28,2,1048.1,0.53
2022-01-01 13:45:00,Station_22,28.83647916996775,-121.83415825151863,Water,33.64,32.72,10.51,271.61,4,1032.45,0.82
2022-01-01 13:50:00,Station_22,25.004636209780774,-116.57460928377682,Water,14.72,79.49,1.19,103.54,7,1012.41,0.46
2022-01-01 13:55:00,Station_22,26.907049950087494,-111.32844125097802,Barren,20.62,42.28,0.02,763.01,5,1014.41,0.19
2022-01-01 14:00:00,Station_22,44.36462677136171,-90.61176587042206,Forest,15.99,66.86,5.63,660.63,8,1009.32,0.19
2022-01-01 14:05:00,Station_22,45.19959851858424,-104.85495895478115,Barren,18.66,36.1,8.72,316.7,3,1039.98,0.22
2022-01-01 14:10:00,Station_22,32.554742272056025,-91.08376444028227,Agricultural,1.74,52.49,11.5,546.16,5,982.31,0.72
2022-01-01 14:15:00,Station_22,36.811199662589615,-79.20047204309282,Barren,31.58,37.8,4.1,243.92,5,1024.56,0.61
2022-01-01 14:20:00,Station_22,43.75780646952036,-107.9111122931076,Water,27.52,71.28,2.36,219.61,8,1018.92,0.66
2022-01-01 14:25:00,Station_22,32.95181876959189,-62.08435223185765,Urban,-8.91,38.14,1.72,368.29,10,1032.05,0.28
2022-01-01 14:30:00,Station_22,28.818390718356408,-122.56477793460022,Water,34.31,43.77,14.76,323.52,5,998.98,0.21
2022-01-01 14:35:00,Station_22,38.253803034891305,-70.63974750479018,Urban,3.56,64.72,5.74,721.22,10,1049.38,0.41
2022-01-01 14:40:00,Station_22,26.76488203734784,-102.82565316910964,Urban,-2.3,87.87,0.68,216.91,6,1024.13,0.36
2022-01-01 14:45:00,Station_22,40.47776511768525,-94.01503295155827,Agricultural,13.91,77.43,9.36,639.62,1,1029.56,0.21
2022-01-01 14:50:00,Station_22,28.034127746844867,-117.22221358747996,Water,-9.36,80.01,7.9,160.5,10,982.67,0.41
2022-01-01 14:55:00,Station_22,28.969354668899893,-68.52906625096008,Urban,9.09,43.38,7.15,704.41,8,1049.07,0.67
2022-01-01 15:00:00,Station_22,45.50799761651135,-96.48103170285259,Barren,7.86,38.61,1.31,990.25,2,1022.53,0.57
2022-01-01 15:05:00,Station_22,29.239489426053012,-111.92112086720476,Forest,20.21,44.85,12.94,220.91,0,1008.68,0.81
2022-01-01 15:10:00,Station_22,39.01467670631153,-104.70771200536807,Urban,24.41,40.67,6.26,977.01,6,993.84,0.15
2022-01-01 15:15:00,Station_22,33.062285451593795,-76.19948246797028,Barren,8.71,35.68,8.42,873.44,10,1000.81,0.16
2022-01-01 15:20:00,Station_22,33.331084264056344,-62.96307037594527,Urban,22.04,64.49,5.96,436.72,4,1002.82,0.78
2022-01-01 15:25:00,Station_22,41.985424979157585,-114.41953863237464,Water,4.69,40.3,1.04,972.91,4,1035.19,0.81
2022-01-01 15:30:00,Station_22,40.37602486167586,-110.53969913714701,Barren,31.4,40.29,0.96,533.94,5,1048.85,0.6
2022-01-01 15:35:00,Station_22,38.39666929326518,-123.85876555074485,Agricultural,3.25,35.87,2.53,419.56,1,1000.26,0.76
2022-01-01 15:40:00,Station_22,38.11410210984582,-85.19280931396767,Forest,7.76,62.06,11.31,939.08,6,1015.69,0.2
2022-01-01 15:45:00,Station_22,25.048708266225628,-75.08674027294624,Agricultural,26.75,58.37,4.68,676.1,0,1042.3,0.86
2022-01-01 15:50:00,Station_22,43.693879728664314,-114.29360793639633,Barren,3.34,38.42,5.1,391.5,6,989.93,0.76
2022-01-01 15:55:00,Station_22,36.260895742393316,-100.69029514689365,Urban,9.51,46.14,7.29,282.12,4,1024.72,0.31
2022-01-01 16:00:00,Station_22,38.29911863126216,-115.6936065022845,Barren,-6.42,73.3,5.04,165.87,10,1021.39,0.22
2022-01-01 16:05:00,Station_22,42.410142983389115,-70.16617682404485,Water,-3.29,37.49,4.88,951.92,8,1001.73,0.33
2022-01-01 16:10:00,Station_22,43.81276268908233,-63.166439242526494,Barren,30.48,43.09,7.17,489.37,0,1007.59,0.79
2022-01-01 16:15:00,Station_22,25.07493025876581,-72.8274875551916,Urban,9.09,75.49,12.92,249.69,3,986.82,0.62
2022-01-01 16:20:00,Station_22,35.856591956437974,-103.84411774172727,Forest,-1.58,42.64,10.46,385.32,0,987.44,0.2
2022-01-01 16:25:00,Station_22,30.541339073764835,-101.68971997895102,Barren,21.84,60.65,13.85,598.25,1,981.16,0.42
2022-01-01 16:30:00,Station_22,41.65120657645779,-105.69853075975968,Water,22.11,72.85,12.29,398.0,6,1033.13,0.55
2022-01-01 16:35:00,Station_22,34.72907513253196,-66.36704595636994,Agricultural,27.49,44.01,8.18,644.13,10,1001.38,0.1
2022-01-01 16:40:00,Station_22,37.53797683179942,-112.1835944339033,Water,23.55,62.3,1.42,217.86,2,1000.21,0.73
2022-01-01 16:45:00,Station_22,31.385433496661662,-99.8874584605138,Barren,18.94,43.19,9.82,860.16,3,1043.12,0.48
2022-01-01 16:50:00,Station_22,39.48589718001145,-87.68013218882548,Barren,-0.49,42.53,0.29,406.23,9,997.25,0.86
2022-01-01 16:55:00,Station_22,42.269861669678676,-87.75722674319255,Barren,24.97,87.5,13.79,362.68,9,1049.47,0.82
2022-01-01 17:00:00,Station_22,34.94546137448012,-66.60899134096186,Water,-2.28,40.17,12.69,213.98,0,1049.13,0.31
2022-01-01 17:05:00,Station_22,27.544399144470365,-78.89476471736432,Urban,29.87,79.89,0.33,236.28,5,1039.3,0.52
2022-01-01 17:10:00,Station_22,28.168758264091977,-85.32782402369571,Barren,16.94,52.11,4.01,244.62,5,990.46,0.81
2022-01-01 17:15:00,Station_22,34.35492473691862,-88.47275753529959,Forest,22.64,60.6,14.0,936.52,6,988.8,0.83
2022-01-01 17:20:00,Station_22,46.32072721792632,-120.87027806689674,Agricultural,-4.57,51.23,13.66,357.0,5,1024.76,0.4
2022-01-01 17:25:00,Station_22,26.350461273379455,-114.4515023853009,Urban,22.51,30.2,11.84,415.2,4,1024.36,0.78
2022-01-01 17:30:00,Station_22,42.89569505406241,-88.44600792215715,Forest,16.12,53.12,6.74,159.12,10,999.96,0.38
2022-01-01 17:35:00,Station_22,31.937472827220382,-72.27908472860453,Water,-5.03,82.63,11.94,826.0,4,988.84,0.77
2022-01-01 17:40:00,Station_22,31.054459629065526,-66.27718385408302,Barren,31.44,63.7,14.15,593.81,5,1030.29,0.31
2022-01-01 17:45:00,Station_22,37.161204211936564,-119.83468730092603,Barren,-1.38,83.93,1.81,776.0,4,1028.9,0.67
2022-01-01 17:50:00,Station_22,41.96896299952672,-121.75088431244976,Forest,23.04,39.88,14.11,859.77,9,1038.77,0.47
2022-01-01 17:55:00,Station_22,26.37508725438675,-86.43625955433652,Barren,10.0,81.43,1.71,117.09,8,1000.39,0.62
2022-01-01 18:00:00,Station_22,29.53717302781327,-62.807273613582915,Forest,-4.9,80.96,13.77,264.11,5,981.56,0.23
2022-01-01 18:05:00,Station_22,43.106846945086815,-99.25723718047614,Forest,18.96,56.67,7.83,202.08,6,1007.26,0.37
2022-01-01 18:10:00,Station_22,34.97744534323969,-114.05973591683399,Water,16.99,63.37,1.14,778.67,10,1018.65,0.41
2022-01-01 18:15:00,Station_22,39.29550314031704,-73.532040986195,Forest,-5.0,82.81,11.63,698.04,4,1049.5,0.88
2022-01-01 18:20:00,Station_22,44.24635325754132,-87.89724026440032,Urban,18.0,52.53,1.47,130.55,8,987.38,0.33
2022-01-01 18:25:00,Station_22,30.087675686311442,-69.95316852399628,Barren,24.3,44.15,5.03,262.83,1,1042.02,0.83
2022-01-01 18:30:00,Station_22,25.244856308815024,-103.71519642881532,Barren,-8.55,31.02,5.23,983.51,3,1024.82,0.61
2022-01-01 18:35:00,Station_22,26.94963193492692,-124.38486180604156,Urban,-6.98,50.02,3.14,176.6,6,1048.48,0.33
2022-01-01 18:40:00,Station_22,38.77118572622514,-122.14174286378447,Barren,-6.95,50.23,0.06,560.21,6,1026.35,0.28
2022-01-01 18:45:00,Station_22,40.559284919089514,-98.6591950884024,Urban,-8.34,58.97,13.75,897.49,1,1043.89,0.27
2022-01-01 18:50:00,Station_22,49.56867277140494,-99.70928164931092,Forest,1.06,53.47,7.26,937.21,5,1033.3,0.51
2022-01-01 18:55:00,Station_22,33.83494754537209,-101.0942727203736,Forest,-2.65,75.98,6.49,423.77,1,989.08,0.66
2022-01-01 19:00:00,Station_22,32.59127549698337,-100.95308057948249,Barren,8.82,71.06,7.56,795.92,5,1029.64,0.67
2022-01-01 19:05:00,Station_22,48.39708854311233,-100.13022352584909,Urban,11.34,52.5,4.47,537.38,3,1002.94,0.25
2022-01-01 19:10:00,Station_22,40.42077108416896,-115.58362276395046,Barren,29.52,75.52,4.99,670.2,1,1002.42,0.7
2022-01-01 19:15:00,Station_22,47.434134633681026,-110.60352978281134,Agricultural,-9.41,71.91,2.65,875.14,2,1023.79,0.68
2022-01-01 19:20:00,Station_22,34.92691067792731,-123.06522023038897,Agricultural,0.72,71.94,2.58,443.85,10,1012.73,0.82
2022-01-01 19:25:00,Station_22,38.511049533123014,-101.60261359268223,Barren,30.24,47.66,13.58,227.14,2,1024.63,0.53
2022-01-01 19:30:00,Station_22,30.039612616411993,-116.58378872451605,Urban,33.76,34.17,4.77,639.67,1,1030.64,0.65
2022-01-01 19:35:00,Station_22,34.83456442078709,-109.58489698650686,Agricultural,0.93,78.92,11.58,909.53,3,987.07,0.59
2022-01-01 19:40:00,Station_22,34.56542973360847,-110.38600363449308,Agricultural,7.29,60.59,8.21,882.98,10,1027.79,0.31
2022-01-01 19:45:00,Station_22,34.120130602560735,-119.5120471861216,Agricultural,22.89,74.12,6.27,540.08,1,1034.86,0.3
2022-01-01 19:50:00,Station_22,42.95057122480782,-78.76796281622839,Agricultural,8.52,35.61,14.17,537.06,2,1036.78,0.15
2022-01-01 19:55:00,Station_22,30.380700247490342,-82.05228198367688,Water,19.33,65.33,0.26,724.87,4,1030.82,0.86
2022-01-01 20:00:00,Station_22,27.358452088670383,-93.93340654308344,Forest,-8.6,54.05,4.56,734.96,3,985.28,0.48
2022-01-01 20:05:00,Station_22,29.87283640578881,-110.37552146205175,Agricultural,33.61,89.16,4.01,559.23,6,1047.6,0.18
2022-01-01 20:10:00,Station_22,32.244799334472276,-121.90975023927723,Forest,12.11,78.09,10.77,883.1,2,1000.09,0.65
2022-01-01 20:15:00,Station_22,38.168238586471986,-69.86166454217039,Agricultural,5.22,64.19,10.1,828.29,9,999.02,0.36
2022-01-01 20:20:00,Station_22,42.15132139757807,-66.26320872519655,Agricultural,14.19,79.8,11.66,700.14,5,1020.17,0.88
2022-01-01 20:25:00,Station_22,29.186954200884312,-77.27928756750157,Forest,16.54,51.77,4.52,657.31,1,986.96,0.69
2022-01-01 20:30:00,Station_22,45.289832622741855,-72.4163895178585,Agricultural,32.75,62.57,6.65,876.07,10,988.94,0.75
2022-01-01 20:35:00,Station_22,49.97516834509267,-73.07145646449158,Barren,29.12,48.1,13.66,830.1,10,1014.86,0.66
2022-01-01 20:40:00,Station_22,41.24859668739366,-81.61313626192063,Barren,30.85,57.02,7.59,259.83,0,1012.89,0.9
2022-01-01 20:45:00,Station_22,41.108842209738725,-101.58796044947637,Agricultural,9.06,67.2,14.02,601.37,0,984.47,0.71
2022-01-01 20:50:00,Station_22,35.809767040062916,-93.44041768853035,Water,23.65,79.63,9.09,640.99,6,1010.85,0.47
2022-01-01 20:55:00,Station_22,40.83876037580005,-100.43230327073695,Urban,-1.1,35.69,7.07,460.58,0,1002.99,0.37
2022-01-01 21:00:00,Station_22,30.715012926344723,-63.92059297997732,Barren,13.72,82.95,11.92,791.07,0,1029.88,0.33
2022-01-01 21:05:00,Station_22,42.92973451859129,-105.05403749824589,Water,12.06,48.05,4.69,396.51,8,1022.55,0.24
2022-01-01 21:10:00,Station_22,27.850252027550574,-62.512919174702034,Barren,29.62,70.14,12.3,652.74,3,1043.32,0.79
2022-01-01 21:15:00,Station_22,47.071126029148154,-101.89248440532441,Forest,7.05,59.51,1.07,771.13,10,1017.78,0.2
2022-01-01 21:20:00,Station_22,30.43497730823112,-90.08452434307392,Water,31.94,30.39,13.78,328.17,3,1049.02,0.49
2022-01-01 21:25:00,Station_22,25.176197398979756,-83.29143884660647,Barren,0.32,42.03,12.6,271.13,5,991.05,0.84
2022-01-01 21:30:00,Station_22,34.753307562151726,-99.47534375094291,Agricultural,31.1,47.61,11.67,843.34,9,985.01,0.46
2022-01-01 21:35:00,Station_22,33.52880810927036,-116.07160704282957,Barren,18.16,89.27,13.87,138.15,3,1010.36,0.54
2022-01-01 21:40:00,Station_22,26.109101038882834,-112.6712060008027,Urban,-0.16,38.18,10.16,798.78,9,1010.94,0.39
2022-01-01 21:45:00,Station_22,29.456934801889552,-88.33526197922808,Urban,34.58,32.99,3.46,183.67,4,1042.91,0.66
2022-01-01 21:50:00,Station_22,44.10656513975288,-79.66229148401268,Water,15.26,73.44,11.26,371.93,0,1047.41,0.19
2022-01-01 21:55:00,Station_22,32.45007673004548,-113.41782560738523,Water,4.45,86.59,0.62,493.44,4,1038.08,0.9
2022-01-01 22:00:00,Station_22,33.58094340290043,-92.05197325946315,Water,15.26,61.64,4.81,556.05,4,996.65,0.57
2022-01-01 22:05:00,Station_22,29.716757241541305,-88.05773370738576,Forest,21.5,88.27,6.5,696.25,4,1047.06,0.59
2022-01-01 22:10:00,Station_22,28.410823465807507,-80.46730643652319,Water,21.68,35.78,9.75,317.51,7,980.35,0.68
2022-01-01 22:15:00,Station_22,34.09925816317862,-88.83406052659453,Forest,32.92,75.18,14.86,213.88,7,1013.73,0.83
2022-01-01 22:20:00,Station_22,40.256120886637824,-80.50013469757906,Barren,34.27,82.15,6.78,230.86,5,1038.41,0.16
2022-01-01 22:25:00,Station_22,29.238434719000427,-100.8012559651712,Urban,22.72,54.9,4.4,659.87,9,1038.25,0.11
2022-01-01 22:30:00,Station_22,30.04843134247581,-99.90491228376433,Water,12.85,32.31,14.42,104.24,1,980.26,0.88
2022-01-01 22:35:00,Station_22,45.08318105225532,-75.88092889799958,Barren,5.95,42.39,3.56,744.81,5,1033.73,0.82
2022-01-01 22:40:00,Station_22,25.831790068804477,-77.50586013841841,Water,3.05,42.54,3.0,841.15,3,1028.76,0.68
2022-01-01 22:45:00,Station_22,46.6016355085094,-116.72914448213012,Barren,4.9,55.65,0.29,472.02,3,1008.11,0.71
2022-01-01 22:50:00,Station_22,29.171066695638274,-85.49822815069297,Barren,4.0,51.53,0.7,165.56,5,1006.98,0.65
2022-01-01 22:55:00,Station_22,31.634343398005,-119.0017988851896,Urban,1.05,51.59,7.76,971.85,7,1013.38,0.16
2022-01-01 23:00:00,Station_22,32.92221765017729,-88.41019998592071,Urban,2.21,75.11,5.32,804.72,6,1022.83,0.44
2022-01-01 23:05:00,Station_22,29.189715671668367,-93.66126542649067,Barren,31.59,51.52,0.9,839.87,6,1036.7,0.72
2022-01-01 23:10:00,Station_22,34.90167558385774,-99.2985782883418,Barren,34.0,37.16,11.77,189.24,2,999.21,0.58
2022-01-01 23:15:00,Station_22,45.76900747328144,-81.0483285101152,Agricultural,5.0,33.01,12.09,126.47,4,1037.32,0.55
2022-01-01 23:20:00,Station_22,35.89705897614836,-79.70639271790344,Water,19.91,47.86,14.72,548.2,10,1029.87,0.75
2022-01-01 23:25:00,Station_22,41.92114013224992,-82.02741313429996,Forest,8.65,38.24,1.93,687.47,4,1011.58,0.17
2022-01-01 23:30:00,Station_22,41.018292764209164,-103.69431217900348,Water,-7.64,39.2,0.82,982.43,0,1046.66,0.61
2022-01-01 23:35:00,Station_22,32.84657389881268,-105.17759328035572,Agricultural,30.67,75.1,5.03,758.26,10,1048.19,0.79
2022-01-01 23:40:00,Station_22,46.373569550368394,-121.75196680432869,Barren,-9.98,68.53,8.69,134.42,6,996.35,0.59
2022-01-01 23:45:00,Station_22,34.87147271276204,-68.53715476140604,Urban,2.8,74.59,13.04,531.53,7,1007.42,0.5
2022-01-01 23:50:00,Station_22,38.98418579219824,-97.16089229330193,Forest,18.92,35.9,9.47,538.85,3,1043.86,0.83
2022-01-01 23:55:00,Station_22,25.561975601328577,-109.12921404182832,Agricultural,-8.84,77.93,14.83,127.93,0,984.56,0.45
2022-01-01 00:00:00,Station_23,31.829562365532258,-105.94425170058595,Forest,23.83,86.35,0.46,970.66,9,988.2,0.42
2022-01-01 00:05:00,Station_23,39.7985481293242,-100.75938665554384,Agricultural,25.91,48.36,12.49,148.61,8,1047.42,0.61
2022-01-01 00:10:00,Station_23,34.75929554508565,-89.05479447016077,Barren,19.93,53.67,14.86,336.87,10,1044.9,0.43
2022-01-01 00:15:00,Station_23,27.09820628873973,-101.30499220035068,Forest,10.55,80.32,14.01,820.9,0,1021.89,0.22
2022-01-01 00:20:00,Station_23,49.01200227546411,-91.15728135672308,Agricultural,-3.05,40.94,12.14,432.87,0,1001.64,0.56
2022-01-01 00:25:00,Station_23,30.401182056438618,-85.2748717801824,Water,33.97,53.18,14.46,256.03,5,985.92,0.16
2022-01-01 00:30:00,Station_23,28.81382251392568,-97.3878322850544,Forest,22.05,55.32,2.43,561.44,10,1011.01,0.66
2022-01-01 00:35:00,Station_23,38.505205719264225,-120.87900331598654,Water,6.63,50.61,7.26,665.06,3,989.92,0.59
2022-01-01 00:40:00,Station_23,29.362247390337007,-75.96025799189056,Water,7.94,39.09,6.97,257.88,1,1029.94,0.72
2022-01-01 00:45:00,Station_23,37.27956899651616,-67.87513082811317,Barren,32.79,59.33,7.06,648.21,5,1016.57,0.75
2022-01-01 00:50:00,Station_23,45.7509187204892,-69.07023922036144,Urban,30.25,62.3,5.21,509.16,10,1009.91,0.37
2022-01-01 00:55:00,Station_23,47.743210111789836,-120.03159271533666,Barren,1.28,34.37,7.6,255.84,2,1001.44,0.12
2022-01-01 01:00:00,Station_23,35.234673941112014,-82.50092935330258,Agricultural,-6.19,34.07,7.54,157.67,8,1040.9,0.11
2022-01-01 01:05:00,Station_23,46.951038521042555,-91.98513777526932,Agricultural,11.26,71.32,7.65,325.13,6,1001.68,0.56
2022-01-01 01:10:00,Station_23,33.651243333815614,-62.632563692186075,Agricultural,0.86,55.54,13.63,182.9,1,1002.36,0.81
2022-01-01 01:15:00,Station_23,34.973392694595056,-94.52102384921831,Water,-3.02,51.66,4.67,560.54,7,1030.0,0.86
2022-01-01 01:20:00,Station_23,32.54901857357319,-73.28202440193337,Barren,-4.38,50.01,7.87,378.86,1,988.32,0.15
2022-01-01 01:25:00,Station_23,25.77726582067111,-115.14887660081129,Urban,0.37,61.01,2.64,950.2,3,996.79,0.21
2022-01-01 01:30:00,Station_23,49.01134622942557,-90.25271137036678,Agricultural,29.04,71.47,6.04,288.53,3,984.01,0.61
2022-01-01 01:35:00,Station_23,36.362727262726466,-94.23066766060673,Water,26.34,62.88,13.28,689.79,2,989.23,0.88
2022-01-01 01:40:00,Station_23,40.83193258984855,-99.08510368441391,Barren,10.96,84.95,3.65,880.57,5,1017.99,0.59
2022-01-01 01:45:00,Station_23,48.3116571500849,-76.28497596889017,Forest,30.98,41.93,0.81,557.22,7,1016.26,0.69
2022-01-01 01:50:00,Station_23,29.90529564697744,-121.0787739176287,Water,27.5,65.66,7.17,855.61,9,1032.93,0.64
2022-01-01 01:55:00,Station_23,47.31409083322551,-120.68087677580256,Agricultural,23.79,87.61,3.64,978.91,4,1025.93,0.21
2022-01-01 02:00:00,Station_23,44.63700937013999,-89.08661839431606,Urban,4.93,56.15,7.77,879.88,6,1039.57,0.37
2022-01-01 02:05:00,Station_23,49.010170592451054,-82.36923327547825,Water,10.32,33.44,10.07,904.78,9,1014.82,0.48
2022-01-01 02:10:00,Station_23,34.906530039305075,-83.9531857087808,Barren,31.94,81.3,12.42,415.73,4,1026.67,0.45
2022-01-01 02:15:00,Station_23,44.9815273023345,-123.41016970661154,Water,29.76,82.25,5.97,337.72,1,1013.35,0.63
2022-01-01 02:20:00,Station_23,46.17698195268691,-117.97721498144836,Urban,-6.36,31.89,4.74,611.94,5,1015.03,0.26
2022-01-01 02:25:00,Station_23,47.317423939636896,-107.40291699856257,Agricultural,-9.3,55.04,3.46,280.6,8,1012.7,0.19
2022-01-01 02:30:00,Station_23,32.79618432642371,-60.078289256920044,Forest,-6.3,71.45,5.73,345.42,4,1017.59,0.33
2022-01-01 02:35:00,Station_23,27.95305427347796,-111.73147688915215,Water,7.42,47.09,11.51,279.1,1,1048.8,0.88
2022-01-01 02:40:00,Station_23,35.608969063786766,-62.03004746459859,Urban,-2.58,84.95,2.5,391.62,1,1028.26,0.23
2022-01-01 02:45:00,Station_23,33.62799673960267,-87.6832790889464,Water,22.02,36.96,12.73,196.78,2,1035.36,0.36
2022-01-01 02:50:00,Station_23,35.79458465884379,-84.39813924258965,Water,34.78,58.37,11.02,509.01,9,985.0,0.67
2022-01-01 02:55:00,Station_23,46.954734016731706,-95.04830415903146,Agricultural,15.21,51.49,12.24,114.77,5,1011.2,0.56
2022-01-01 03:00:00,Station_23,32.49680270778557,-76.07348107384217,Barren,9.17,46.12,7.63,205.62,10,983.57,0.51
2022-01-01 03:05:00,Station_23,42.47665802385906,-63.91520295605655,Barren,30.93,47.21,14.11,128.2,2,1017.87,0.15
2022-01-01 03:10:00,Station_23,41.90854328054979,-87.81709330038969,Forest,-2.98,45.79,0.63,415.0,9,1002.35,0.31
2022-01-01 03:15:00,Station_23,48.124615304185916,-105.05404767707547,Barren,12.1,77.68,14.85,785.1,10,985.44,0.1
2022-01-01 03:20:00,Station_23,30.102303923392434,-77.88222918625006,Agricultural,22.67,77.6,0.13,531.92,5,993.49,0.5
2022-01-01 03:25:00,Station_23,29.070243187486106,-118.66773563984039,Forest,15.39,71.16,1.84,655.07,8,1012.59,0.64
2022-01-01 03:30:00,Station_23,32.27014501082831,-103.31367478762377,Barren,26.11,62.68,1.25,773.32,4,1026.93,0.52
2022-01-01 03:35:00,Station_23,27.43916394806562,-88.30402962232623,Urban,19.98,56.99,14.39,441.26,8,1001.61,0.84
2022-01-01 03:40:00,Station_23,43.52290459796598,-107.5070657105192,Agricultural,29.18,84.86,13.58,386.32,4,1037.96,0.85
2022-01-01 03:45:00,Station_23,25.420562737229282,-96.64828073915149,Barren,-1.15,58.29,14.1,513.78,8,988.2,0.39
2022-01-01 03:50:00,Station_23,38.75493221651862,-87.35375752891873,Agricultural,-0.89,71.34,3.87,906.24,7,1014.43,0.82
2022-01-01 03:55:00,Station_23,27.333414018902623,-122.65730467696872,Forest,29.29,77.3,6.8,416.43,5,994.17,0.83
2022-01-01 04:00:00,Station_23,30.94568589803061,-98.56793079228348,Water,11.85,69.28,14.29,513.51,9,1013.78,0.19
2022-01-01 04:05:00,Station_23,35.27683832754518,-87.87192929173233,Forest,9.8,65.2,10.52,891.77,1,1043.93,0.57
2022-01-01 04:10:00,Station_23,43.16771765756293,-99.64383792523556,Water,-1.79,73.97,14.53,994.96,2,995.81,0.52
2022-01-01 04:15:00,Station_23,42.18847974980989,-82.2358121118461,Urban,28.15,87.94,12.93,666.33,3,1034.05,0.19
2022-01-01 04:20:00,Station_23,41.51341957442436,-71.06931182937157,Agricultural,-0.44,59.85,0.47,536.13,8,985.79,0.58
2022-01-01 04:25:00,Station_23,44.68982363022434,-86.09400630103661,Urban,12.71,75.05,11.88,369.21,2,993.04,0.2
2022-01-01 04:30:00,Station_23,44.75462229081094,-101.35433465417941,Agricultural,2.11,76.91,10.86,454.88,9,1041.76,0.66
2022-01-01 04:35:00,Station_23,35.0154282416759,-70.53629310964965,Barren,20.41,58.31,1.53,737.61,10,1014.21,0.44
2022-01-01 04:40:00,Station_23,39.63100516146128,-108.95854103117068,Barren,13.22,63.08,6.87,126.38,1,1033.81,0.87
2022-01-01 04:45:00,Station_23,27.42634904509751,-78.82020259500976,Agricultural,11.28,88.99,1.91,231.93,1,983.82,0.34
2022-01-01 04:50:00,Station_23,49.00958601947069,-75.58677511537714,Forest,25.69,84.12,6.66,709.73,7,1007.68,0.25
2022-01-01 04:55:00,Station_23,34.631703008059574,-103.43815026225543,Urban,4.03,75.71,10.1,460.77,4,1030.37,0.6
2022-01-01 05:00:00,Station_23,42.00472314730368,-90.55947279382059,Forest,-1.32,42.32,8.38,713.76,7,1048.26,0.75
2022-01-01 05:05:00,Station_23,33.86643347727275,-84.27904007506423,Barren,-8.6,60.37,7.86,798.15,0,982.81,0.26
2022-01-01 05:10:00,Station_23,47.257943521703055,-62.55276918941889,Water,3.68,38.07,8.89,981.09,1,1006.23,0.39
2022-01-01 05:15:00,Station_23,34.73462942018601,-87.18178230692016,Agricultural,11.77,48.23,8.94,212.06,3,1025.17,0.21
2022-01-01 05:20:00,Station_23,43.05503255361552,-68.90664294208561,Barren,9.87,45.95,8.33,139.61,1,992.71,0.37
2022-01-01 05:25:00,Station_23,38.75614478178116,-104.54593056626862,Water,13.74,84.84,12.3,747.32,1,1005.88,0.64
2022-01-01 05:30:00,Station_23,37.626903838611405,-124.00748310155406,Agricultural,23.7,52.47,4.64,363.83,9,1006.43,0.27
2022-01-01 05:35:00,Station_23,38.93895372746566,-61.69044231348064,Urban,10.58,41.13,14.19,331.04,10,984.4,0.44
2022-01-01 05:40:00,Station_23,27.173216248392347,-105.27334600856835,Agricultural,-8.11,85.71,9.26,883.34,8,1012.71,0.8
2022-01-01 05:45:00,Station_23,40.700786526829525,-87.31134366684643,Water,27.51,44.38,9.29,440.71,4,1004.54,0.43
2022-01-01 05:50:00,Station_23,39.02790086869856,-82.13966197132935,Barren,10.48,47.24,2.38,417.09,9,1003.98,0.67
2022-01-01 05:55:00,Station_23,26.425286361919877,-104.3929643257151,Forest,16.77,36.17,3.0,289.32,4,988.43,0.57
2022-01-01 06:00:00,Station_23,25.816152394619472,-93.62007296227323,Agricultural,27.5,57.93,9.7,722.09,3,995.93,0.61
2022-01-01 06:05:00,Station_23,41.269482880478975,-123.31183589323395,Urban,-8.07,36.74,2.07,437.56,9,989.44,0.59
2022-01-01 06:10:00,Station_23,28.615702498690403,-66.65323409342403,Forest,9.71,72.46,9.95,694.27,2,999.82,0.28
2022-01-01 06:15:00,Station_23,44.26205968754781,-101.90525028343988,Barren,-8.11,51.43,10.43,646.0,3,1037.19,0.39
2022-01-01 06:20:00,Station_23,33.979670350619394,-92.23667342431554,Barren,16.29,37.76,5.14,568.19,10,1005.03,0.44
2022-01-01 06:25:00,Station_23,39.6263731683757,-120.13953555040749,Agricultural,4.46,84.64,12.91,685.79,10,994.77,0.45
2022-01-01 06:30:00,Station_23,27.47973776527897,-86.71123418138737,Urban,25.39,35.45,9.43,855.62,9,1005.84,0.27
2022-01-01 06:35:00,Station_23,48.45453939571991,-109.93167118729762,Barren,23.53,39.29,2.01,353.81,5,984.75,0.79
2022-01-01 06:40:00,Station_23,44.79746256479061,-99.50303086732615,Water,16.74,85.2,0.39,525.2,5,990.03,0.79
2022-01-01 06:45:00,Station_23,48.692218897878014,-72.92033164255326,Urban,-7.57,50.11,4.35,517.96,0,987.57,0.69
2022-01-01 06:50:00,Station_23,34.34924704622121,-69.99325364339802,Barren,21.75,88.9,8.75,164.52,6,1044.89,0.36
2022-01-01 06:55:00,Station_23,27.42467763843036,-62.2271955976417,Urban,3.45,31.59,8.59,544.52,1,1047.88,0.49
2022-01-01 07:00:00,Station_23,32.7332076068584,-85.42902945552514,Forest,2.99,80.38,1.78,237.38,7,1023.93,0.12
2022-01-01 07:05:00,Station_23,30.534589247932296,-64.63523480830975,Barren,12.07,62.12,8.73,506.78,7,1043.86,0.46
2022-01-01 07:10:00,Station_23,33.42225283061159,-77.77751418666483,Urban,-6.53,79.84,9.58,124.45,7,997.43,0.4
2022-01-01 07:15:00,Station_23,37.034837479664276,-98.25517620556441,Urban,30.04,56.57,7.59,968.56,4,1011.1,0.72
2022-01-01 07:20:00,Station_23,28.493571815593427,-74.06868018958312,Urban,13.38,48.18,7.36,669.38,2,1013.74,0.11
2022-01-01 07:25:00,Station_23,25.610627787678343,-103.55088587381816,Barren,15.84,58.97,10.48,969.65,0,992.95,0.77
2022-01-01 07:30:00,Station_23,37.76007117991628,-105.47680895232872,Forest,4.47,54.19,6.54,364.26,1,993.63,0.62
2022-01-01 07:35:00,Station_23,32.18632794259562,-70.06449357463785,Barren,31.85,81.6,0.48,304.62,10,996.52,0.77
2022-01-01 07:40:00,Station_23,38.14232714264956,-117.30353682896536,Forest,10.06,31.27,14.96,854.7,10,991.92,0.19
2022-01-01 07:45:00,Station_23,41.310279003523476,-112.6721716151277,Agricultural,8.46,45.0,13.01,548.41,10,1029.84,0.71
2022-01-01 07:50:00,Station_23,47.166543310696824,-112.74688072704507,Forest,8.24,56.23,8.99,619.62,10,1002.68,0.77
2022-01-01 07:55:00,Station_23,32.00996785781551,-87.72791718226495,Water,2.23,72.94,7.33,600.57,8,1010.79,0.46
2022-01-01 08:00:00,Station_23,46.412694881377845,-98.72199591754783,Barren,24.43,43.32,1.15,391.95,4,1013.81,0.42
2022-01-01 08:05:00,Station_23,46.6230758919938,-101.49918147338339,Forest,-4.08,70.41,7.83,884.11,0,994.04,0.58
2022-01-01 08:10:00,Station_23,39.206473703660706,-119.62305170789212,Water,32.55,47.98,4.7,205.1,9,1034.63,0.7
2022-01-01 08:15:00,Station_23,49.65180470306562,-111.22611391146741,Barren,-4.87,58.62,9.04,257.55,1,987.88,0.8
2022-01-01 08:20:00,Station_23,44.04455902900998,-67.3194679238045,Forest,-1.72,33.56,3.77,673.71,0,980.56,0.54
2022-01-01 08:25:00,Station_23,47.519779559723425,-123.55271102772677,Water,12.9,44.97,2.43,809.22,9,995.33,0.12
2022-01-01 08:30:00,Station_23,41.35824853398541,-92.08597944967596,Forest,-2.24,79.02,5.12,678.71,2,985.21,0.17
2022-01-01 08:35:00,Station_23,26.952050371988374,-90.37757154618615,Urban,10.22,74.75,12.96,426.51,5,980.53,0.7
2022-01-01 08:40:00,Station_23,38.15938618423716,-109.67547610026914,Water,1.69,45.12,13.64,225.86,7,1025.87,0.77
2022-01-01 08:45:00,Station_23,34.641810334072616,-66.63931386891417,Forest,26.98,32.94,8.26,168.26,0,993.57,0.17
2022-01-01 08:50:00,Station_23,41.48825061088519,-105.88387178095739,Forest,8.55,65.11,0.2,654.7,7,1033.1,0.51
2022-01-01 08:55:00,Station_23,29.22567117721946,-69.02249541533125,Barren,5.89,58.38,5.58,828.41,2,1014.8,0.61
2022-01-01 09:00:00,Station_23,46.86836424456436,-91.53387775855,Forest,-1.0,52.27,1.78,776.48,2,1038.52,0.37
2022-01-01 09:05:00,Station_23,25.48792657432432,-64.23508816985681,Barren,9.96,31.71,3.87,589.18,9,1005.27,0.26
2022-01-01 09:10:00,Station_23,47.28615375749535,-115.30301603332249,Urban,32.28,86.64,10.18,585.72,7,1040.4,0.32
2022-01-01 09:15:00,Station_23,29.581421278646648,-116.09881780102207,Urban,21.76,61.47,5.29,744.04,10,996.78,0.82
2022-01-01 09:20:00,Station_23,28.83423820491524,-89.70278791832757,Forest,30.07,70.66,11.4,410.1,1,1026.85,0.16
2022-01-01 09:25:00,Station_23,48.79036058441329,-102.82971326236925,Forest,19.35,37.21,6.4,213.12,10,1036.42,0.74
2022-01-01 09:30:00,Station_23,26.97961426033281,-93.78378503753541,Forest,20.73,43.13,5.23,931.5,3,1046.96,0.73
2022-01-01 09:35:00,Station_23,45.42958421413553,-97.4432287662417,Water,9.05,84.41,4.16,778.6,0,1000.1,0.75
2022-01-01 09:40:00,Station_23,31.33880728391858,-112.62713154694598,Agricultural,13.85,65.14,3.54,841.96,1,1035.58,0.86
2022-01-01 09:45:00,Station_23,43.287640317773395,-120.51162861810606,Barren,17.8,87.39,8.11,671.36,0,992.2,0.6
2022-01-01 09:50:00,Station_23,36.97630138668589,-95.34696581522235,Barren,24.93,39.6,3.97,257.29,1,997.33,0.4
2022-01-01 09:55:00,Station_23,32.42710162198157,-74.2117627642753,Water,11.96,77.94,1.88,264.7,10,995.44,0.46
2022-01-01 10:00:00,Station_23,45.77050415084214,-119.60330428937951,Barren,29.22,85.71,6.73,329.68,8,996.18,0.65
2022-01-01 10:05:00,Station_23,25.081518497578596,-95.65117513932336,Barren,12.69,33.01,8.92,161.36,10,1030.99,0.54
2022-01-01 10:10:00,Station_23,34.87690468176953,-112.35168576153168,Agricultural,0.57,55.94,2.49,431.67,1,1008.85,0.37
2022-01-01 10:15:00,Station_23,47.635258807266496,-67.1810623694456,Forest,31.0,39.52,7.51,947.98,9,1001.96,0.7
2022-01-01 10:20:00,Station_23,47.86021785727518,-96.1535384923315,Forest,7.14,80.82,8.1,253.91,10,1044.67,0.13
2022-01-01 10:25:00,Station_23,40.01878346657975,-88.02930992085487,Agricultural,7.42,70.12,4.81,249.6,2,1045.2,0.73
2022-01-01 10:30:00,Station_23,35.875149541869284,-96.4115962002534,Water,-3.56,70.67,11.3,169.14,0,1026.5,0.8
2022-01-01 10:35:00,Station_23,30.635998986835094,-105.85261752656777,Barren,28.5,35.61,1.75,944.03,8,1006.17,0.45
2022-01-01 10:40:00,Station_23,39.378186268862564,-60.45006858316037,Water,21.43,62.64,0.82,328.39,8,987.68,0.21
2022-01-01 10:45:00,Station_23,30.75708692598262,-60.04583029459512,Urban,-4.87,66.34,12.99,883.39,7,991.46,0.46
2022-01-01 10:50:00,Station_23,34.977716534591856,-84.76535900678769,Water,-6.75,89.02,1.64,669.91,2,988.23,0.19
2022-01-01 10:55:00,Station_23,38.93630752107964,-74.9827256873134,Barren,25.82,86.88,14.3,176.81,6,1049.94,0.75
2022-01-01 11:00:00,Station_23,35.86845067344,-117.08667033832957,Urban,-2.79,78.76,5.38,675.69,2,995.85,0.67
2022-01-01 11:05:00,Station_23,45.98723443301339,-99.02735194299646,Barren,-4.76,45.34,8.3,605.73,9,1043.56,0.72
2022-01-01 11:10:00,Station_23,33.699119111779666,-122.96010759513578,Urban,7.53,81.77,10.01,656.31,8,1010.7,0.43
2022-01-01 11:15:00,Station_23,35.51879394780883,-90.58720196170155,Agricultural,34.98,72.49,2.51,772.23,9,1032.07,0.59
2022-01-01 11:20:00,Station_23,31.194360284952733,-107.28890319972373,Agricultural,18.98,62.2,7.87,579.44,8,1004.49,0.18
2022-01-01 11:25:00,Station_23,36.150243586983365,-83.27377566338555,Agricultural,-1.88,71.58,5.13,748.04,1,1018.65,0.63
2022-01-01 11:30:00,Station_23,39.31145925095054,-111.63201775677729,Barren,34.54,77.27,1.18,601.23,6,1023.83,0.67
2022-01-01 11:35:00,Station_23,25.35493341067907,-91.00515501394057,Forest,14.15,68.2,4.73,139.06,5,1013.99,0.69
2022-01-01 11:40:00,Station_23,49.169462290441714,-70.05610761593317,Water,31.9,73.66,5.94,332.58,3,982.22,0.77
2022-01-01 11:45:00,Station_23,38.57229838064626,-122.19993929118593,Urban,3.46,52.37,2.32,295.67,8,1001.69,0.7
2022-01-01 11:50:00,Station_23,47.882105474704474,-64.14291299560357,Forest,8.27,49.41,2.98,744.52,1,1048.15,0.79
2022-01-01 11:55:00,Station_23,25.824716785300364,-114.066770903916,Forest,5.97,86.95,4.53,428.61,3,1013.41,0.74
2022-01-01 12:00:00,Station_23,44.910135727303654,-117.40872412325679,Urban,27.62,44.84,11.02,933.85,6,1036.65,0.87
2022-01-01 12:05:00,Station_23,49.25927768090464,-75.38598960313456,Barren,7.69,76.09,10.22,994.89,1,1035.7,0.58
2022-01-01 12:10:00,Station_23,41.39912449955004,-79.37198497227422,Urban,19.33,86.79,13.39,291.1,6,1016.9,0.27
2022-01-01 12:15:00,Station_23,37.740823830348376,-88.49857717343141,Urban,25.56,46.96,2.83,160.44,10,1020.99,0.71
2022-01-01 12:20:00,Station_23,40.74764334959171,-113.73439004968048,Forest,20.47,64.59,9.87,616.93,10,1015.15,0.64
2022-01-01 12:25:00,Station_23,36.29140989273933,-68.12446210555822,Urban,11.45,54.32,7.4,502.11,3,1003.38,0.85
2022-01-01 12:30:00,Station_23,38.24973835788604,-78.77703644321801,Agricultural,27.49,76.64,9.67,572.71,2,998.54,0.65
2022-01-01 12:35:00,Station_23,26.45637607460907,-106.07077569465892,Agricultural,-8.52,76.74,11.51,683.8,9,1032.13,0.52
2022-01-01 12:40:00,Station_23,48.13902925608937,-123.55569567335449,Water,4.35,53.49,11.92,855.92,3,1013.2,0.26
2022-01-01 12:45:00,Station_23,29.90815256054359,-100.45409789358564,Forest,17.5,88.6,5.01,237.0,1,1004.93,0.12
2022-01-01 12:50:00,Station_23,44.00185305930502,-112.53196540876223,Barren,9.49,50.37,1.7,442.57,9,1045.98,0.8
2022-01-01 12:55:00,Station_23,37.70149662414218,-94.91891099966837,Barren,23.47,86.21,13.25,483.43,0,1035.4,0.87
2022-01-01 13:00:00,Station_23,46.8396528600267,-88.39156950805864,Forest,-3.52,59.32,2.84,435.28,0,987.92,0.1
2022-01-01 13:05:00,Station_23,48.30492873565895,-117.9821920449185,Agricultural,29.95,70.36,9.08,132.1,0,1029.29,0.62
2022-01-01 13:10:00,Station_23,26.41077023894374,-66.98208607473259,Forest,23.11,77.05,6.53,633.55,0,981.83,0.6
2022-01-01 13:15:00,Station_23,28.89203159727275,-99.4881214250156,Forest,33.49,66.01,9.84,986.14,6,1012.13,0.32
2022-01-01 13:20:00,Station_23,36.33952056837462,-114.40232927236858,Urban,22.16,43.68,6.1,748.93,4,1020.46,0.19
2022-01-01 13:25:00,Station_23,29.702066003303266,-65.00561605882879,Barren,1.85,39.19,12.34,145.14,4,1045.21,0.21
2022-01-01 13:30:00,Station_23,43.94233326903151,-65.73688315700052,Water,15.79,84.23,14.68,511.48,7,1021.77,0.46
2022-01-01 13:35:00,Station_23,32.52227157796295,-110.0332619515665,Barren,-7.37,60.39,9.99,826.22,5,1009.51,0.75
2022-01-01 13:40:00,Station_23,35.44820116505035,-68.24322680984608,Urban,24.72,68.88,1.52,221.19,0,1030.86,0.54
2022-01-01 13:45:00,Station_23,39.68080484884366,-61.74854377286246,Urban,0.66,44.78,3.86,151.08,4,1026.41,0.33
2022-01-01 13:50:00,Station_23,33.61649372898093,-107.5967385781363,Water,3.76,77.77,0.55,423.2,1,1003.36,0.81
2022-01-01 13:55:00,Station_23,36.44889801890355,-122.96666676028589,Forest,-7.08,79.81,8.45,755.18,4,1006.79,0.7
2022-01-01 14:00:00,Station_23,32.648709043587694,-82.74333850332307,Urban,-5.44,35.82,4.18,274.95,1,1037.63,0.37
2022-01-01 14:05:00,Station_23,33.72060627843034,-116.11497338395843,Forest,-0.25,49.28,13.24,529.19,7,989.61,0.23
2022-01-01 14:10:00,Station_23,40.48273293827357,-110.78962124385697,Water,-4.52,82.35,12.47,305.46,7,1048.38,0.59
2022-01-01 14:15:00,Station_23,45.72402726397424,-85.37827602549106,Barren,33.27,89.03,7.02,815.33,3,1045.25,0.29
2022-01-01 14:20:00,Station_23,32.16742203280442,-122.12932889232442,Water,-6.09,76.76,14.88,253.01,10,1030.45,0.39
2022-01-01 14:25:00,Station_23,26.093023556187422,-62.077084828419984,Forest,6.46,59.47,3.41,348.15,8,1028.05,0.32
2022-01-01 14:30:00,Station_23,47.96476108114334,-88.90296933282036,Barren,-4.29,61.52,2.57,901.85,2,1026.66,0.31
2022-01-01 14:35:00,Station_23,27.211754059344536,-85.99041074772646,Barren,33.76,84.88,11.18,334.5,1,1040.8,0.2
2022-01-01 14:40:00,Station_23,46.0061357157458,-94.10960364597301,Barren,6.0,87.79,12.94,964.13,10,1019.5,0.63
2022-01-01 14:45:00,Station_23,41.5075477903024,-100.92310505823089,Barren,4.92,38.82,11.13,129.26,5,1005.33,0.27
2022-01-01 14:50:00,Station_23,33.31296735114008,-88.83672220270805,Forest,4.08,75.45,7.88,214.12,7,1030.99,0.58
2022-01-01 14:55:00,Station_23,35.77694459474408,-122.49849266635896,Barren,23.42,55.97,1.14,126.45,2,987.65,0.34
2022-01-01 15:00:00,Station_23,32.839717497172266,-77.80722088188449,Barren,15.5,76.09,4.83,334.83,2,1021.75,0.71
2022-01-01 15:05:00,Station_23,39.44914735695632,-118.10419720701145,Forest,-0.74,71.02,1.09,383.0,0,1025.13,0.37
2022-01-01 15:10:00,Station_23,34.05491155866529,-89.13165958956435,Water,-1.5,57.99,13.21,879.9,3,987.27,0.78
2022-01-01 15:15:00,Station_23,45.58778135420779,-108.742102316091,Forest,12.36,41.59,14.7,980.93,2,1019.37,0.58
2022-01-01 15:20:00,Station_23,31.70157390210501,-107.0362903412317,Barren,-3.5,62.29,8.02,253.97,5,1044.1,0.82
2022-01-01 15:25:00,Station_23,35.43244491457914,-123.48682847621373,Urban,13.05,47.98,4.32,673.46,0,997.69,0.31
2022-01-01 15:30:00,Station_23,32.445237601100565,-115.23717176517916,Forest,10.57,71.51,14.59,336.62,2,994.57,0.52
2022-01-01 15:35:00,Station_23,39.786666878364585,-66.51325602531972,Water,9.3,49.44,9.87,491.45,9,996.24,0.67
2022-01-01 15:40:00,Station_23,39.382864871890476,-117.76604210766386,Agricultural,24.96,73.65,1.21,165.66,3,1037.51,0.3
2022-01-01 15:45:00,Station_23,26.058420774057296,-101.96866025452721,Urban,-8.2,76.03,12.49,176.95,4,988.73,0.69
2022-01-01 15:50:00,Station_23,29.628377394490048,-69.51718585079288,Forest,-5.64,71.89,9.08,810.57,9,1001.35,0.45
2022-01-01 15:55:00,Station_23,26.637917834456253,-70.92290973431268,Agricultural,23.38,35.62,12.48,124.4,0,1031.66,0.12
2022-01-01 16:00:00,Station_23,42.670988057505866,-82.72824615376408,Water,24.47,58.6,11.26,432.86,3,1046.11,0.74
2022-01-01 16:05:00,Station_23,41.076524985348215,-104.32999119724843,Barren,-4.76,85.66,9.76,909.44,8,982.58,0.33
2022-01-01 16:10:00,Station_23,33.486885074646665,-66.04522312741157,Urban,19.79,40.47,4.25,546.52,8,1027.89,0.69
2022-01-01 16:15:00,Station_23,27.316809413939865,-116.05419444385664,Agricultural,1.18,49.89,10.85,676.13,0,998.2,0.63
2022-01-01 16:20:00,Station_23,36.628385690530514,-84.11616304771854,Water,-6.9,46.11,14.17,736.34,2,1041.8,0.58
2022-01-01 16:25:00,Station_23,36.84727862579891,-77.29575630041387,Water,32.08,35.41,13.66,538.4,8,1028.61,0.82
2022-01-01 16:30:00,Station_23,36.938269515393046,-115.07198778751312,Barren,26.67,54.51,7.86,514.62,9,1001.52,0.29
2022-01-01 16:35:00,Station_23,37.849118244785814,-107.3436899599134,Urban,14.05,70.95,11.9,668.76,0,995.56,0.59
2022-01-01 16:40:00,Station_23,31.367863387739888,-70.55589918546258,Water,1.41,41.28,5.48,398.07,7,992.45,0.22
2022-01-01 16:45:00,Station_23,46.14612343478434,-120.83544679737342,Forest,19.65,42.85,0.27,587.68,0,1006.11,0.36
2022-01-01 16:50:00,Station_23,27.39895321482779,-109.96378738660282,Urban,15.91,31.64,1.52,800.48,5,1000.52,0.37
2022-01-01 16:55:00,Station_23,27.802517025387427,-112.117662133345,Water,4.07,43.35,4.75,593.7,6,1035.42,0.2
2022-01-01 17:00:00,Station_23,43.914702975092226,-92.91398073085558,Water,22.36,61.93,8.43,196.59,7,1027.07,0.47
2022-01-01 17:05:00,Station_23,39.04841233901957,-90.5920675001845,Agricultural,1.06,63.47,7.68,687.69,0,988.61,0.1
2022-01-01 17:10:00,Station_23,47.737789075090696,-74.0556587474731,Agricultural,3.97,85.61,2.75,771.64,2,1045.26,0.51
2022-01-01 17:15:00,Station_23,35.664402962207575,-60.7893550367356,Barren,13.67,83.8,0.66,887.05,8,992.02,0.39
2022-01-01 17:20:00,Station_23,26.991028439028558,-96.65056949767818,Water,8.69,83.84,1.02,905.32,0,1049.97,0.8
2022-01-01 17:25:00,Station_23,47.14288734279411,-109.49606867054246,Agricultural,-9.08,73.91,9.72,898.31,3,990.35,0.15
2022-01-01 17:30:00,Station_23,46.07031692139752,-91.06858203829844,Forest,-8.43,38.54,5.05,468.88,4,1026.4,0.82
2022-01-01 17:35:00,Station_23,36.02313149112535,-97.55357003883684,Barren,28.67,40.71,5.83,858.88,0,1034.51,0.42
2022-01-01 17:40:00,Station_23,37.22482679040701,-84.64813259639087,Agricultural,-7.29,38.38,8.8,796.31,10,988.41,0.61
2022-01-01 17:45:00,Station_23,34.231320508287865,-80.38166744243281,Urban,-8.79,49.27,2.88,714.94,9,1034.19,0.7
2022-01-01 17:50:00,Station_23,30.040962449021908,-71.44776409665052,Barren,15.4,38.66,2.1,409.75,3,1018.06,0.67
2022-01-01 17:55:00,Station_23,28.065952196579595,-96.51221001672761,Urban,4.05,81.91,5.45,690.85,10,1003.39,0.71
2022-01-01 18:00:00,Station_23,39.332508189147696,-102.6010404638068,Water,-2.06,55.75,4.33,745.17,0,1002.53,0.81
2022-01-01 18:05:00,Station_23,43.22148315891479,-86.62128188676732,Barren,28.15,70.36,6.95,438.39,2,991.15,0.65
2022-01-01 18:10:00,Station_23,44.34749139206931,-111.99726926507395,Urban,21.47,30.72,14.31,962.87,4,981.89,0.81
2022-01-01 18:15:00,Station_23,42.375180824420426,-64.07705365861915,Water,26.42,59.62,9.59,618.62,10,1003.14,0.17
2022-01-01 18:20:00,Station_23,42.133331487201765,-81.25368363551705,Urban,23.45,73.92,4.88,943.49,7,1021.5,0.8
2022-01-01 18:25:00,Station_23,41.88455021854551,-123.2688858983166,Urban,32.83,59.51,8.37,424.01,5,1011.48,0.57
2022-01-01 18:30:00,Station_23,49.67430512012493,-94.11053145813453,Barren,30.24,76.49,10.18,344.63,8,985.5,0.58
2022-01-01 18:35:00,Station_23,44.26246470839232,-116.29818181802936,Urban,-8.83,54.36,14.64,460.82,9,1037.63,0.12
2022-01-01 18:40:00,Station_23,29.934246557586654,-81.5326429473804,Agricultural,34.04,51.54,11.53,673.2,3,1004.56,0.82
2022-01-01 18:45:00,Station_23,43.39569359989752,-73.00388049545421,Urban,-6.38,74.02,12.52,848.57,6,1040.87,0.38
2022-01-01 18:50:00,Station_23,40.49747976743238,-122.1305414848076,Forest,-0.78,80.36,3.44,767.36,4,1042.76,0.78
2022-01-01 18:55:00,Station_23,26.398878941348578,-110.44180659993154,Agricultural,-3.41,60.11,14.38,443.9,8,1041.57,0.42
2022-01-01 19:00:00,Station_23,49.71574558337087,-86.73745317474747,Urban,20.52,35.33,3.32,888.9,0,983.42,0.13
2022-01-01 19:05:00,Station_23,25.60329313488774,-119.44812379008168,Forest,24.42,68.64,3.38,756.48,1,1042.58,0.29
2022-01-01 19:10:00,Station_23,33.98824192477989,-62.55560692248502,Agricultural,29.52,75.17,11.7,697.88,3,1049.81,0.2
2022-01-01 19:15:00,Station_23,40.66560702802745,-98.94504985940165,Barren,7.18,46.25,3.35,589.99,5,991.56,0.63
2022-01-01 19:20:00,Station_23,44.66483333998087,-106.61236136006127,Forest,-0.93,42.64,3.47,982.5,9,1031.58,0.35
2022-01-01 19:25:00,Station_23,27.070939543745347,-67.0792316982348,Forest,-4.23,38.66,6.07,372.63,8,1026.32,0.53
2022-01-01 19:30:00,Station_23,40.113379148287166,-66.97681416446711,Barren,29.59,53.78,11.83,717.23,1,1017.08,0.86
2022-01-01 19:35:00,Station_23,46.41680765932625,-73.537555393811,Agricultural,15.34,36.06,11.21,864.23,0,981.98,0.22
2022-01-01 19:40:00,Station_23,36.056721224471694,-66.50558979741143,Forest,32.33,71.47,10.22,819.55,6,1031.56,0.89
2022-01-01 19:45:00,Station_23,45.80040995790459,-67.98263767991574,Forest,8.08,60.88,14.36,504.14,6,996.42,0.69
2022-01-01 19:50:00,Station_23,25.467287164412294,-109.94432448653484,Agricultural,-3.34,41.94,9.22,951.17,5,1043.44,0.49
2022-01-01 19:55:00,Station_23,32.71525979063505,-70.80320558292426,Barren,17.93,80.24,14.15,111.64,1,1042.07,0.39
2022-01-01 20:00:00,Station_23,48.84311426506363,-109.10502756895909,Urban,18.11,45.14,1.61,993.24,9,987.22,0.68
2022-01-01 20:05:00,Station_23,31.35713685537109,-80.53250661172981,Barren,-2.12,45.81,8.01,188.97,9,1035.99,0.46
2022-01-01 20:10:00,Station_23,45.778295401921355,-115.46559076023533,Agricultural,21.59,78.08,10.7,267.56,0,1011.2,0.16
2022-01-01 20:15:00,Station_23,37.32571770822834,-71.91195195590402,Barren,-2.13,37.77,11.16,555.5,10,989.85,0.65
2022-01-01 20:20:00,Station_23,48.390178869051,-124.55117773166411,Water,28.87,77.76,5.92,562.88,9,997.27,0.79
2022-01-01 20:25:00,Station_23,33.84933638020347,-118.20073896755696,Agricultural,31.67,81.23,12.91,570.75,8,1025.61,0.4
2022-01-01 20:30:00,Station_23,35.847816608329914,-90.7040448442949,Agricultural,25.31,46.6,6.73,840.0,5,988.22,0.6
2022-01-01 20:35:00,Station_23,38.42150724452149,-88.11754811840875,Forest,24.46,43.28,6.44,818.35,4,1021.26,0.7
2022-01-01 20:40:00,Station_23,31.67999011992275,-116.91639544985915,Agricultural,30.61,42.86,9.38,523.11,9,1031.53,0.58
2022-01-01 20:45:00,Station_23,40.191025429975085,-105.0385810582293,Urban,12.4,58.29,9.86,416.34,0,1018.7,0.19
2022-01-01 20:50:00,Station_23,42.95333838505556,-89.00489874162915,Water,26.42,61.19,1.06,960.62,2,1036.44,0.86
2022-01-01 20:55:00,Station_23,36.300764250708774,-64.18594010412636,Forest,27.33,42.93,11.04,179.87,3,1012.93,0.61
2022-01-01 21:00:00,Station_23,27.611554321799204,-70.91316868198149,Urban,32.06,41.52,3.79,135.19,0,1014.68,0.78
2022-01-01 21:05:00,Station_23,31.85144680604236,-101.09220165998788,Urban,18.92,61.14,12.7,787.11,2,1003.87,0.55
2022-01-01 21:10:00,Station_23,39.448617426343276,-79.09653663947469,Barren,4.7,44.06,11.2,462.15,9,1029.69,0.12
2022-01-01 21:15:00,Station_23,32.92751357922183,-115.94995614754316,Water,30.1,50.18,0.05,991.72,4,1020.69,0.85
2022-01-01 21:20:00,Station_23,40.69221741178507,-87.49029349835695,Water,-8.35,38.25,4.8,861.84,7,1027.62,0.52
2022-01-01 21:25:00,Station_23,40.909008516050704,-62.270725309880646,Agricultural,23.87,84.39,3.96,612.87,9,1004.05,0.82
2022-01-01 21:30:00,Station_23,48.748455565959276,-93.40434777948579,Urban,34.97,84.89,12.7,401.78,2,1008.34,0.54
2022-01-01 21:35:00,Station_23,32.03921638683608,-116.09163525336072,Forest,9.73,32.74,10.89,403.28,3,1039.52,0.35
2022-01-01 21:40:00,Station_23,32.81350970897668,-92.87033318528954,Barren,21.22,58.58,2.92,761.18,8,1016.44,0.45
2022-01-01 21:45:00,Station_23,39.28751766762067,-66.62991735701493,Agricultural,24.96,85.84,7.2,329.33,0,1024.02,0.47
2022-01-01 21:50:00,Station_23,40.99633118312737,-72.65811114775119,Water,-1.05,66.64,11.31,777.87,6,1008.98,0.58
2022-01-01 21:55:00,Station_23,48.72397266579847,-61.33637145556199,Urban,25.5,63.35,4.57,102.57,6,1000.71,0.34
2022-01-01 22:00:00,Station_23,29.280358291832858,-93.44083284407262,Barren,31.31,87.94,2.34,636.85,1,1012.65,0.52
2022-01-01 22:05:00,Station_23,34.80598600753463,-93.62572527914128,Barren,22.83,41.27,4.03,786.0,3,1001.38,0.8
2022-01-01 22:10:00,Station_23,27.323998522581306,-82.54524387109919,Urban,7.06,74.83,1.78,686.34,5,1020.11,0.87
2022-01-01 22:15:00,Station_23,32.26036664823083,-61.45456175587283,Urban,-6.98,34.05,6.69,448.23,8,1034.92,0.67
2022-01-01 22:20:00,Station_23,47.42928593312891,-92.18105456484551,Urban,14.57,51.69,14.6,972.64,9,1040.1,0.78
2022-01-01 22:25:00,Station_23,46.212478962911675,-80.03743330928324,Barren,-7.43,67.19,2.29,841.24,1,1027.57,0.86
2022-01-01 22:30:00,Station_23,46.717120874996056,-121.33149599021044,Agricultural,4.74,34.43,12.68,295.7,4,1044.75,0.6
2022-01-01 22:35:00,Station_23,35.28412183976544,-124.91903302424456,Water,12.35,69.67,0.49,510.03,6,1016.0,0.17
2022-01-01 22:40:00,Station_23,39.44675250361081,-72.99091780483866,Urban,0.59,32.36,7.55,447.81,1,1042.25,0.28
2022-01-01 22:45:00,Station_23,44.66141559854205,-60.1139188617106,Agricultural,-6.6,71.61,3.77,142.0,10,1018.35,0.48
2022-01-01 22:50:00,Station_23,48.33302078890418,-89.26495531364682,Forest,5.47,51.18,7.14,438.12,0,1028.56,0.51
2022-01-01 22:55:00,Station_23,33.62241512254056,-76.43182514634347,Urban,20.85,33.38,4.58,999.17,5,1047.61,0.51
2022-01-01 23:00:00,Station_23,37.32303490239745,-83.90479821175664,Urban,6.77,62.17,3.14,102.0,3,984.57,0.15
2022-01-01 23:05:00,Station_23,29.047508122528686,-102.14055521608162,Agricultural,21.52,86.46,1.04,731.84,7,983.85,0.29
2022-01-01 23:10:00,Station_23,27.139391885427543,-74.07184550996497,Barren,14.12,77.97,8.52,654.58,6,986.17,0.29
2022-01-01 23:15:00,Station_23,39.003737290005745,-91.01954554754145,Barren,-5.07,76.29,2.46,108.41,6,1048.21,0.48
2022-01-01 23:20:00,Station_23,40.364673906725116,-82.17310684854003,Forest,6.19,60.78,12.96,987.77,4,1018.94,0.7
2022-01-01 23:25:00,Station_23,35.362193442839526,-113.21655208668095,Barren,-9.67,55.31,14.98,561.02,1,1013.96,0.36
2022-01-01 23:30:00,Station_23,26.155119986335308,-75.40126254451135,Urban,11.07,33.25,9.08,492.59,2,1020.91,0.42
2022-01-01 23:35:00,Station_23,43.72842941556296,-71.58892100029533,Urban,14.09,59.23,6.55,226.69,1,982.9,0.44
2022-01-01 23:40:00,Station_23,46.134818582349354,-117.52941373446548,Water,13.55,54.39,8.24,939.4,10,1034.84,0.75
2022-01-01 23:45:00,Station_23,48.06058335210338,-97.26181918932036,Urban,34.06,61.3,8.17,587.19,0,1048.51,0.12
2022-01-01 23:50:00,Station_23,40.81820844562564,-121.72229206625902,Barren,-1.33,77.7,10.26,225.59,0,1025.57,0.47
2022-01-01 23:55:00,Station_23,45.51684700089338,-94.36614316953198,Water,30.82,59.75,12.41,846.2,8,1039.13,0.87
2022-01-01 00:00:00,Station_24,49.410883950072936,-122.04026894248149,Urban,-4.91,49.79,11.73,825.78,4,1011.71,0.58
2022-01-01 00:05:00,Station_24,39.1906947085148,-93.09801117572721,Urban,14.3,64.75,13.5,796.97,1,1020.71,0.12
2022-01-01 00:10:00,Station_24,31.300832146075848,-94.41700462373717,Barren,3.37,35.65,1.54,277.44,0,998.64,0.63
2022-01-01 00:15:00,Station_24,39.89148708577791,-78.19299928526709,Forest,20.48,80.24,14.97,484.93,8,994.54,0.59
2022-01-01 00:20:00,Station_24,49.992723690609196,-121.11015156061555,Urban,20.69,86.43,6.02,875.62,5,1046.84,0.54
2022-01-01 00:25:00,Station_24,41.34267467875867,-95.98837372608179,Urban,16.74,89.77,8.09,496.6,9,1038.23,0.24
2022-01-01 00:30:00,Station_24,35.657163906772055,-89.18120630757842,Agricultural,30.49,58.15,2.04,136.75,8,994.53,0.73
2022-01-01 00:35:00,Station_24,30.687220915067222,-95.34040907490758,Barren,21.85,56.77,6.48,463.0,0,983.73,0.8
2022-01-01 00:40:00,Station_24,40.24546016031036,-95.74792344485262,Barren,22.95,35.85,12.22,986.68,5,992.18,0.57
2022-01-01 00:45:00,Station_24,34.73772250559198,-99.81710658951584,Urban,21.33,61.9,6.16,519.01,6,985.3,0.19
2022-01-01 00:50:00,Station_24,32.18514231199815,-117.11879630590246,Water,19.19,36.19,5.0,695.07,6,1015.67,0.85
2022-01-01 00:55:00,Station_24,34.1306648394221,-83.43319978797928,Agricultural,0.68,39.95,11.27,151.39,7,1049.21,0.62
2022-01-01 01:00:00,Station_24,44.352268416902064,-105.48076451642754,Forest,-3.68,75.72,3.95,655.27,10,1012.79,0.28
2022-01-01 01:05:00,Station_24,27.60843573249184,-79.16143687339819,Urban,15.57,70.52,6.94,162.09,7,1005.14,0.79
2022-01-01 01:10:00,Station_24,48.36625802112442,-86.04020717914076,Forest,16.72,75.65,10.56,601.46,2,1009.18,0.66
2022-01-01 01:15:00,Station_24,41.27827075029407,-113.44553384577829,Water,19.3,57.99,3.08,354.81,1,995.65,0.43
2022-01-01 01:20:00,Station_24,30.791188753310394,-79.4249530457275,Water,17.85,85.76,12.13,441.29,7,1026.57,0.13
2022-01-01 01:25:00,Station_24,40.404826759439004,-86.1370878869004,Barren,13.89,43.1,1.55,864.13,4,1016.38,0.81
2022-01-01 01:30:00,Station_24,46.15359262753228,-65.28485642809139,Water,-4.27,39.51,2.25,516.71,4,1047.86,0.86
2022-01-01 01:35:00,Station_24,40.697583677895985,-67.08809128806979,Urban,32.68,85.31,8.72,875.47,3,996.71,0.31
2022-01-01 01:40:00,Station_24,47.72786631195955,-83.3459203033728,Water,-0.51,62.44,8.77,536.47,8,1011.42,0.35
2022-01-01 01:45:00,Station_24,29.059532687284573,-62.44350731735127,Forest,-9.91,71.6,7.49,546.72,4,996.27,0.9
2022-01-01 01:50:00,Station_24,47.95284086040126,-97.56387435594132,Forest,10.38,50.61,10.91,477.25,0,1016.17,0.13
2022-01-01 01:55:00,Station_24,33.236927358287744,-122.22164584314588,Water,13.93,52.82,3.03,782.88,7,1041.53,0.57
2022-01-01 02:00:00,Station_24,42.749447834787915,-104.32701819509768,Urban,20.77,58.5,2.46,291.97,4,1022.06,0.42
2022-01-01 02:05:00,Station_24,49.54875509864126,-80.68887561164615,Urban,31.77,51.11,1.19,293.03,3,1013.97,0.84
2022-01-01 02:10:00,Station_24,49.639364677286814,-118.14451307259108,Forest,34.83,76.99,9.07,525.54,10,1008.21,0.34
2022-01-01 02:15:00,Station_24,37.058298495528646,-83.36575059624158,Forest,-2.67,46.7,4.66,563.43,0,1000.05,0.34
2022-01-01 02:20:00,Station_24,38.156488981618196,-66.96336126723884,Urban,28.3,66.13,6.11,637.48,1,1000.77,0.47
2022-01-01 02:25:00,Station_24,44.077301966753566,-113.31537466845442,Forest,0.1,37.88,0.1,471.36,6,1036.03,0.18
2022-01-01 02:30:00,Station_24,26.907756726012526,-94.11419550487328,Barren,-0.29,82.38,4.1,289.0,9,1030.74,0.16
2022-01-01 02:35:00,Station_24,26.89272398714488,-97.97818364268643,Agricultural,23.93,79.67,12.05,382.31,9,1017.13,0.56
2022-01-01 02:40:00,Station_24,33.61028014937921,-109.13843082760961,Water,23.22,36.81,14.61,276.9,10,982.29,0.41
2022-01-01 02:45:00,Station_24,43.40762071729628,-107.41911969259785,Forest,-9.37,41.28,2.41,297.89,5,1005.47,0.77
2022-01-01 02:50:00,Station_24,32.040976482470114,-120.86075911252499,Water,24.45,81.94,10.09,265.38,2,1038.58,0.17
2022-01-01 02:55:00,Station_24,25.51123846904106,-123.47057257972484,Agricultural,32.28,34.7,3.41,187.89,1,994.97,0.62
2022-01-01 03:00:00,Station_24,47.36832440201347,-90.89819365094985,Barren,33.94,55.02,7.6,178.74,1,998.01,0.59
2022-01-01 03:05:00,Station_24,31.444516263247326,-62.53105851339849,Barren,30.2,37.42,11.04,943.85,3,1044.77,0.71
2022-01-01 03:10:00,Station_24,31.101880461521986,-61.38742657558689,Urban,7.22,59.29,6.37,972.58,10,1044.27,0.86
2022-01-01 03:15:00,Station_24,38.67947580278682,-106.38554522295561,Barren,4.38,70.07,0.26,923.02,3,1004.5,0.75
2022-01-01 03:20:00,Station_24,46.88700446251936,-70.91920429881839,Agricultural,-1.17,52.54,2.22,479.6,7,1020.43,0.45
2022-01-01 03:25:00,Station_24,34.68698085300775,-113.23006917312384,Forest,28.11,87.4,9.43,177.54,6,1043.65,0.13
2022-01-01 03:30:00,Station_24,46.17805560479449,-95.45765952866624,Urban,-9.63,30.14,11.15,177.54,1,1010.77,0.7
2022-01-01 03:35:00,Station_24,26.133340703005548,-85.93389150728602,Water,29.06,73.62,4.01,506.95,2,1031.68,0.45
2022-01-01 03:40:00,Station_24,27.84299288683672,-65.31790836542896,Water,32.42,59.62,14.74,877.77,8,991.84,0.61
2022-01-01 03:45:00,Station_24,39.14927648333102,-85.77940240553866,Forest,-1.27,39.58,8.79,324.03,4,1011.06,0.36
2022-01-01 03:50:00,Station_24,46.81626788689595,-119.23148176938582,Forest,12.5,55.42,1.29,755.34,9,1026.96,0.89
2022-01-01 03:55:00,Station_24,29.09918235768108,-74.31858733241535,Urban,10.68,76.26,3.57,921.6,9,1013.31,0.27
2022-01-01 04:00:00,Station_24,31.06585082794646,-106.08962642610135,Barren,15.4,59.39,7.11,569.74,0,993.71,0.3
2022-01-01 04:05:00,Station_24,32.37993407361866,-117.9305949301529,Agricultural,11.55,49.64,1.43,246.64,9,988.17,0.23
2022-01-01 04:10:00,Station_24,48.30609194285091,-101.67462216733722,Urban,1.19,49.55,11.96,859.05,5,1033.15,0.5
2022-01-01 04:15:00,Station_24,46.08566214033512,-79.58758687482201,Urban,7.39,64.26,6.41,930.54,4,989.2,0.25
2022-01-01 04:20:00,Station_24,25.536132147126693,-69.18962792357718,Water,27.46,45.4,1.32,258.09,10,986.19,0.58
2022-01-01 04:25:00,Station_24,39.58976429215189,-86.3933868085857,Agricultural,-5.74,56.07,12.06,496.3,4,1005.95,0.14
2022-01-01 04:30:00,Station_24,32.824417240784356,-77.01182023373127,Barren,27.38,60.93,3.62,389.58,6,994.71,0.32
2022-01-01 04:35:00,Station_24,32.159902433368906,-91.63318818432973,Barren,5.36,77.01,3.13,639.27,6,1002.15,0.67
2022-01-01 04:40:00,Station_24,43.06953761683152,-82.68342771109305,Agricultural,17.72,31.85,12.02,203.09,5,1035.36,0.2
2022-01-01 04:45:00,Station_24,31.42674399746251,-64.656715843516,Urban,-6.4,37.4,13.89,123.49,8,1002.95,0.36
2022-01-01 04:50:00,Station_24,48.628219130169754,-100.38470799552942,Agricultural,23.97,36.28,7.58,134.24,5,1039.07,0.29
2022-01-01 04:55:00,Station_24,49.663068873366,-84.64307649867538,Forest,13.12,34.71,2.66,709.6,0,1048.34,0.75
2022-01-01 05:00:00,Station_24,44.616804639545435,-74.42432821533659,Urban,-1.01,74.98,14.39,181.68,3,1026.23,0.17
2022-01-01 05:05:00,Station_24,25.52952273380226,-90.98894852476721,Urban,4.67,48.28,12.76,228.77,4,989.89,0.43
2022-01-01 05:10:00,Station_24,27.620070518300132,-95.38266368801793,Barren,2.77,32.72,14.85,613.94,4,993.45,0.89
2022-01-01 05:15:00,Station_24,39.28407208517733,-102.83767968863431,Water,21.6,50.78,5.57,793.41,2,997.35,0.47
2022-01-01 05:20:00,Station_24,34.55258033923874,-107.17809939138525,Urban,20.73,52.83,10.37,551.12,9,1031.51,0.23
2022-01-01 05:25:00,Station_24,30.752801597998143,-116.46066596253583,Urban,27.18,56.12,12.06,992.1,8,988.26,0.61
2022-01-01 05:30:00,Station_24,44.571237651859974,-92.52997876733613,Water,17.99,36.03,11.13,843.69,5,1022.27,0.36
2022-01-01 05:35:00,Station_24,41.31701347514824,-115.43720590370835,Barren,11.13,59.15,14.54,924.06,9,1033.87,0.7
2022-01-01 05:40:00,Station_24,46.51376468776188,-98.80910272152704,Agricultural,-8.54,36.55,10.61,390.58,0,982.27,0.53
2022-01-01 05:45:00,Station_24,45.437391246470185,-95.88165843888096,Forest,7.51,82.56,13.69,962.89,1,1025.39,0.7
2022-01-01 05:50:00,Station_24,36.57403839031969,-69.89313522366965,Urban,4.38,60.25,11.26,820.9,7,1031.81,0.86
2022-01-01 05:55:00,Station_24,40.02581553019843,-123.30300665656203,Water,30.72,88.86,2.24,749.54,10,1012.56,0.18
2022-01-01 06:00:00,Station_24,39.02652536030672,-118.57333363977898,Urban,7.38,30.77,12.07,590.07,9,1042.42,0.88
2022-01-01 06:05:00,Station_24,41.3675595646116,-63.548051951889754,Forest,30.8,44.09,5.67,190.23,3,999.16,0.56
2022-01-01 06:10:00,Station_24,32.69228792955652,-113.38666938796867,Water,-4.39,45.33,7.25,577.56,5,1038.29,0.89
2022-01-01 06:15:00,Station_24,49.36976094217965,-87.26576967883227,Water,10.89,39.83,13.81,454.84,1,988.19,0.21
2022-01-01 06:20:00,Station_24,41.3806447773221,-65.47613198885738,Water,27.1,36.39,4.82,308.33,3,1011.97,0.15
2022-01-01 06:25:00,Station_24,45.870866217363215,-111.8622471946141,Water,34.98,42.86,12.05,831.38,7,988.3,0.29
2022-01-01 06:30:00,Station_24,34.44664027422813,-83.32774957843448,Water,-1.25,74.08,0.57,777.9,10,1022.36,0.78
2022-01-01 06:35:00,Station_24,47.890678874411016,-85.56652821485017,Barren,11.89,80.17,1.86,927.3,3,1014.2,0.11
2022-01-01 06:40:00,Station_24,41.864570310910096,-76.96813223946468,Forest,24.37,60.49,10.61,767.47,9,1010.95,0.57
2022-01-01 06:45:00,Station_24,30.525252688719906,-122.8012461823623,Urban,17.09,44.84,7.49,828.86,2,1016.0,0.13
2022-01-01 06:50:00,Station_24,36.93960513465376,-99.58348613377976,Urban,2.22,54.56,5.81,567.54,6,1043.19,0.87
2022-01-01 06:55:00,Station_24,30.29318319523934,-80.3206051070222,Forest,7.7,49.17,13.36,681.63,6,1049.59,0.59
2022-01-01 07:00:00,Station_24,41.46895416893288,-70.45599149581625,Urban,5.35,66.16,9.99,652.44,10,1003.42,0.28
2022-01-01 07:05:00,Station_24,40.87896672307284,-74.30029727061904,Barren,-0.22,52.02,0.99,321.73,7,1007.49,0.79
2022-01-01 07:10:00,Station_24,29.18308049364648,-105.13107660250323,Forest,28.62,86.56,9.99,983.84,7,1044.2,0.21
2022-01-01 07:15:00,Station_24,26.034838600428927,-66.89883963188389,Barren,-8.65,31.9,3.56,529.38,1,1010.69,0.43
2022-01-01 07:20:00,Station_24,27.838095346140342,-93.56390420440721,Forest,25.67,51.4,1.83,973.22,3,989.25,0.85
2022-01-01 07:25:00,Station_24,49.43761490837183,-101.27320336404779,Water,-0.75,69.14,14.32,172.75,6,1026.88,0.89
2022-01-01 07:30:00,Station_24,47.482413054683946,-119.5978308206381,Forest,8.08,87.88,12.27,281.53,3,1041.16,0.23
2022-01-01 07:35:00,Station_24,28.730394435629375,-76.96414723909075,Agricultural,-2.25,54.55,13.51,643.16,10,1046.28,0.63
2022-01-01 07:40:00,Station_24,49.33142907339396,-116.49572583519931,Water,-5.56,85.41,3.25,114.33,2,982.04,0.51
2022-01-01 07:45:00,Station_24,38.3643353092045,-61.32635410273777,Urban,-7.87,66.62,2.39,846.52,9,1039.75,0.52
2022-01-01 07:50:00,Station_24,42.606231705324504,-76.21057367878177,Water,30.06,34.25,0.39,869.35,5,1005.68,0.21
2022-01-01 07:55:00,Station_24,49.40414334214478,-82.82052281792932,Agricultural,9.97,68.16,9.72,481.94,10,1049.68,0.3
2022-01-01 08:00:00,Station_24,35.640645949681144,-79.33200715455439,Water,32.34,43.23,13.06,200.15,5,999.88,0.37
2022-01-01 08:05:00,Station_24,26.20590714215337,-121.53863595512802,Agricultural,25.34,59.82,4.65,494.06,1,993.25,0.26
2022-01-01 08:10:00,Station_24,38.99991797088585,-60.42908449259899,Forest,11.76,47.3,12.54,938.46,4,1023.58,0.71
2022-01-01 08:15:00,Station_24,31.093116396089982,-96.19299601948698,Agricultural,0.8,70.54,4.93,957.85,9,987.03,0.73
2022-01-01 08:20:00,Station_24,32.1705712456106,-68.49327665908521,Water,6.37,65.75,14.95,693.31,1,1001.39,0.41
2022-01-01 08:25:00,Station_24,35.4761086720795,-95.07400340648589,Barren,-3.61,39.47,10.45,443.19,8,1027.88,0.82
2022-01-01 08:30:00,Station_24,38.754034468198114,-89.9210075438444,Agricultural,6.55,58.29,13.8,675.49,5,1008.14,0.14
2022-01-01 08:35:00,Station_24,49.782893322805464,-75.31573599475736,Water,-3.63,62.37,7.22,666.09,1,1031.34,0.78
2022-01-01 08:40:00,Station_24,42.41381407186876,-91.72673260429355,Barren,3.79,30.16,0.55,485.06,5,995.41,0.66
2022-01-01 08:45:00,Station_24,42.781695354863615,-70.4094217056606,Water,-3.73,70.62,11.87,931.13,6,982.93,0.63
2022-01-01 08:50:00,Station_24,43.245149382747584,-68.62947129746068,Water,32.18,76.91,8.14,638.82,3,1005.98,0.12
2022-01-01 08:55:00,Station_24,33.154662432305635,-110.84505520762275,Barren,16.84,88.76,3.54,623.65,4,1021.48,0.87
2022-01-01 09:00:00,Station_24,41.57234413883653,-96.000690020507,Forest,-6.87,81.58,9.84,787.72,7,990.87,0.14
2022-01-01 09:05:00,Station_24,35.61383945054661,-93.42500385796569,Forest,14.69,50.94,9.66,687.43,9,1035.92,0.8
2022-01-01 09:10:00,Station_24,31.411675546429542,-90.58759203081503,Agricultural,25.8,59.03,7.79,376.64,7,1018.68,0.84
2022-01-01 09:15:00,Station_24,49.33187863764303,-104.42766629011702,Water,7.96,83.95,5.12,935.0,4,985.18,0.21
2022-01-01 09:20:00,Station_24,41.58741821725465,-119.96716058015724,Water,-3.68,77.33,2.14,497.82,10,1021.2,0.61
2022-01-01 09:25:00,Station_24,29.825931525089054,-81.30411021104435,Water,16.02,65.74,7.72,746.69,6,1047.12,0.27
2022-01-01 09:30:00,Station_24,40.484119656639926,-107.39675251627068,Urban,0.62,42.91,4.24,191.72,8,1021.19,0.54
2022-01-01 09:35:00,Station_24,45.07545839476654,-103.14892930991977,Agricultural,20.2,52.49,11.44,502.84,10,1046.97,0.39
2022-01-01 09:40:00,Station_24,49.00697394681987,-112.07197318763309,Urban,12.31,32.94,5.91,372.45,3,1020.48,0.61
2022-01-01 09:45:00,Station_24,44.69484263631509,-68.86247992638425,Urban,-3.16,68.66,12.4,493.71,3,1038.13,0.47
2022-01-01 09:50:00,Station_24,30.259303431253052,-60.63145412443403,Urban,-6.94,70.94,12.13,447.09,7,980.7,0.79
2022-01-01 09:55:00,Station_24,41.743135139779675,-80.51824705942121,Urban,-9.79,47.77,12.25,560.19,6,999.89,0.7
2022-01-01 10:00:00,Station_24,45.147786568138194,-114.59857886311046,Forest,-0.68,82.27,8.27,344.91,9,1005.8,0.6
2022-01-01 10:05:00,Station_24,44.246232696077705,-98.4483807911023,Urban,8.28,36.38,11.96,698.27,5,1029.32,0.32
2022-01-01 10:10:00,Station_24,34.606535287197254,-90.03702354796215,Forest,28.65,84.38,2.2,984.6,4,1041.57,0.16
2022-01-01 10:15:00,Station_24,29.383953272812356,-89.37661569481558,Water,32.14,79.82,13.93,376.06,7,989.18,0.56
2022-01-01 10:20:00,Station_24,49.14391272872953,-80.13435409616179,Forest,11.39,48.99,13.58,440.37,9,999.25,0.81
2022-01-01 10:25:00,Station_24,28.275623184614417,-101.83747338159982,Urban,23.94,33.65,13.24,355.94,0,1027.43,0.62
2022-01-01 10:30:00,Station_24,48.031510528023595,-85.61323953910339,Agricultural,10.17,72.84,14.37,447.02,2,1047.93,0.22
2022-01-01 10:35:00,Station_24,27.358735569082707,-81.4979518721223,Urban,-0.8,71.53,9.35,590.87,5,1020.55,0.34
2022-01-01 10:40:00,Station_24,36.33902116564749,-82.33200363520328,Urban,0.48,44.82,12.98,802.25,9,1015.03,0.29
2022-01-01 10:45:00,Station_24,44.375044516054004,-97.22072723191857,Barren,-2.76,80.14,0.09,644.48,3,1030.23,0.77
2022-01-01 10:50:00,Station_24,34.783275998914,-111.47321188610528,Water,-9.45,81.28,5.17,116.26,4,1049.09,0.37
2022-01-01 10:55:00,Station_24,48.90612158017843,-93.72436802777482,Barren,-6.62,47.71,8.09,211.78,7,1019.12,0.36
2022-01-01 11:00:00,Station_24,38.34968104092495,-122.97688126114842,Agricultural,9.32,81.13,3.08,681.59,6,981.39,0.45
2022-01-01 11:05:00,Station_24,38.779103796205874,-65.78292180230662,Barren,12.75,52.33,7.73,753.44,3,993.08,0.33
2022-01-01 11:10:00,Station_24,43.89741239734863,-64.49450797608125,Forest,-9.57,69.19,1.39,613.0,9,1035.72,0.88
2022-01-01 11:15:00,Station_24,46.754782733578324,-87.26343373338,Water,-8.21,35.05,3.34,575.56,4,1041.36,0.27
2022-01-01 11:20:00,Station_24,40.311633101254074,-63.291913647956854,Agricultural,0.4,53.09,5.8,558.08,6,1041.41,0.81
2022-01-01 11:25:00,Station_24,31.24801586383863,-80.42378168208512,Barren,34.85,66.82,11.72,299.43,0,1002.39,0.14
2022-01-01 11:30:00,Station_24,44.86863534709809,-71.0469409833128,Water,25.93,33.9,7.86,982.49,6,987.03,0.79
2022-01-01 11:35:00,Station_24,26.342032612227513,-112.01625299094621,Urban,8.62,44.11,11.74,662.0,4,1032.6,0.6
2022-01-01 11:40:00,Station_24,44.89070256109774,-96.35716100040023,Forest,33.71,48.3,14.43,734.92,5,1036.63,0.11
2022-01-01 11:45:00,Station_24,27.02258424480168,-78.27330330668426,Forest,17.94,82.95,5.75,671.48,0,1029.19,0.77
2022-01-01 11:50:00,Station_24,38.05009088373454,-68.95484429438673,Forest,27.15,80.24,5.7,776.35,5,983.46,0.66
2022-01-01 11:55:00,Station_24,47.34768818196213,-65.3095619058989,Urban,-0.04,49.03,11.65,442.56,8,1040.99,0.66
2022-01-01 12:00:00,Station_24,28.77346094364889,-118.34296551230698,Urban,32.19,47.45,3.01,268.99,9,986.01,0.12
2022-01-01 12:05:00,Station_24,30.482597570520273,-68.90641093722158,Barren,-3.12,36.5,4.65,103.72,6,992.67,0.54
2022-01-01 12:10:00,Station_24,38.261948515621796,-60.90149454683625,Agricultural,-5.7,65.33,6.06,124.6,3,1014.53,0.23
2022-01-01 12:15:00,Station_24,25.803016746606126,-117.80204527637167,Forest,20.82,50.2,0.36,598.33,9,1010.06,0.4
2022-01-01 12:20:00,Station_24,26.639566164707162,-112.36381824039329,Forest,26.52,49.18,10.21,446.4,2,1030.15,0.64
2022-01-01 12:25:00,Station_24,49.14661670050364,-63.32879994429541,Urban,20.37,51.72,1.21,894.95,4,1048.52,0.19
2022-01-01 12:30:00,Station_24,45.68264884558202,-104.6529433735175,Forest,14.1,53.87,10.67,865.36,5,1046.88,0.59
2022-01-01 12:35:00,Station_24,40.85978570165216,-100.80090475269766,Water,-3.74,74.98,9.64,765.5,0,1031.43,0.65
2022-01-01 12:40:00,Station_24,46.0298609598776,-95.99062542822405,Barren,13.82,45.13,14.32,194.06,9,1041.71,0.16
2022-01-01 12:45:00,Station_24,36.149764815860884,-124.92659961824667,Forest,-7.29,82.78,14.51,713.0,4,1035.31,0.14
2022-01-01 12:50:00,Station_24,31.995664771001415,-65.40576353950358,Urban,2.41,73.69,6.8,468.23,3,1007.46,0.9
2022-01-01 12:55:00,Station_24,49.41097211891362,-88.58934287678588,Barren,-0.31,34.3,12.36,207.82,8,1046.66,0.33
2022-01-01 13:00:00,Station_24,43.939399298658984,-82.716682173176,Barren,0.26,31.77,9.2,952.24,10,1025.56,0.72
2022-01-01 13:05:00,Station_24,39.887106227321084,-110.64676076294903,Barren,-0.66,30.18,9.8,670.18,5,1021.92,0.36
2022-01-01 13:10:00,Station_24,31.567852492866837,-89.12927013044605,Agricultural,1.2,72.99,0.51,493.6,9,993.22,0.68
2022-01-01 13:15:00,Station_24,26.079061339071888,-66.46069429671948,Water,10.18,56.59,8.87,452.25,8,991.83,0.89
2022-01-01 13:20:00,Station_24,42.334626701201856,-110.23765387042609,Forest,-3.18,53.11,1.77,659.44,2,1018.23,0.74
2022-01-01 13:25:00,Station_24,30.161516966692524,-116.98072763194622,Forest,27.81,52.67,14.7,955.6,6,1023.53,0.87
2022-01-01 13:30:00,Station_24,30.485330527410355,-124.17021966728197,Forest,9.64,50.7,9.48,245.84,9,1008.95,0.54
2022-01-01 13:35:00,Station_24,48.741232111835004,-89.53420260911605,Agricultural,24.44,53.59,1.53,758.87,4,988.26,0.72
2022-01-01 13:40:00,Station_24,26.11431951265804,-111.630083486316,Forest,-9.21,39.66,13.17,931.05,6,1048.57,0.37
2022-01-01 13:45:00,Station_24,40.70490668065464,-109.73134732371199,Barren,13.71,66.12,14.96,625.57,6,1031.29,0.45
2022-01-01 13:50:00,Station_24,38.41367060520603,-86.87657293016693,Barren,-0.28,68.15,3.23,246.03,9,1002.83,0.43
2022-01-01 13:55:00,Station_24,44.12216204099668,-87.9872711479479,Barren,10.36,69.32,12.21,715.64,8,1005.94,0.8
2022-01-01 14:00:00,Station_24,29.317710854650848,-107.94807117527913,Urban,2.31,32.14,4.77,442.43,1,1031.22,0.16
2022-01-01 14:05:00,Station_24,33.484718791461916,-105.96961131276066,Forest,8.22,73.75,6.12,465.35,1,981.07,0.15
2022-01-01 14:10:00,Station_24,48.20639303505723,-100.1788722822443,Water,33.6,71.88,9.52,877.27,6,990.21,0.26
2022-01-01 14:15:00,Station_24,42.792172376334875,-65.99946548956996,Agricultural,13.79,44.97,8.69,171.52,8,1015.03,0.36
2022-01-01 14:20:00,Station_24,28.108468731633927,-71.39782938945893,Agricultural,17.45,40.5,3.83,168.43,1,991.55,0.82
2022-01-01 14:25:00,Station_24,49.91223373853236,-104.8819403782606,Barren,10.79,65.8,0.24,144.69,9,1006.18,0.75
2022-01-01 14:30:00,Station_24,25.18158409239302,-121.42739661518254,Urban,0.68,83.93,12.39,729.67,10,982.47,0.33
2022-01-01 14:35:00,Station_24,28.91373780308046,-60.898772953211235,Forest,-6.97,32.84,3.02,784.41,3,1004.76,0.18
2022-01-01 14:40:00,Station_24,31.247612950171963,-68.39550387476663,Water,20.93,62.13,13.71,990.69,0,1013.35,0.45
2022-01-01 14:45:00,Station_24,33.473015123984794,-105.27111582069031,Agricultural,25.39,66.11,4.61,204.52,6,1028.99,0.53
2022-01-01 14:50:00,Station_24,44.25538642398273,-104.01162216546697,Urban,9.93,62.6,10.65,435.02,3,1039.23,0.22
2022-01-01 14:55:00,Station_24,44.86812536106763,-62.81826944839534,Forest,6.78,71.35,0.11,846.44,1,1039.53,0.45
2022-01-01 15:00:00,Station_24,36.62564672463807,-109.50560238916705,Forest,24.71,69.38,13.75,810.36,4,1001.33,0.14
2022-01-01 15:05:00,Station_24,37.157928793500574,-109.50391161720319,Agricultural,16.88,56.14,6.25,158.56,9,981.98,0.65
2022-01-01 15:10:00,Station_24,43.05362188976835,-100.99900779383339,Agricultural,6.97,45.98,0.02,513.74,4,987.89,0.25
2022-01-01 15:15:00,Station_24,43.10882238571984,-88.67021304968321,Agricultural,-6.39,54.6,11.93,639.96,9,1040.65,0.78
2022-01-01 15:20:00,Station_24,30.79700954325363,-88.66477896410757,Forest,27.99,63.11,7.27,738.94,10,1013.88,0.78
2022-01-01 15:25:00,Station_24,39.593330687656845,-64.44664712600759,Agricultural,28.3,77.25,6.43,133.28,4,990.76,0.47
2022-01-01 15:30:00,Station_24,25.936457185082823,-66.3019788558328,Water,15.35,75.97,5.67,859.55,2,994.36,0.37
2022-01-01 15:35:00,Station_24,47.148522464584275,-110.9157195542501,Barren,2.79,55.91,1.15,432.66,5,1035.16,0.72
2022-01-01 15:40:00,Station_24,26.345406460685783,-85.87204391818685,Urban,2.9,76.65,14.59,792.82,5,995.84,0.49
2022-01-01 15:45:00,Station_24,28.98960584461732,-100.78767613844822,Agricultural,19.76,68.1,0.13,829.61,6,1014.9,0.54
2022-01-01 15:50:00,Station_24,42.39346743207789,-122.61582597271031,Urban,21.47,68.05,7.58,280.9,8,1041.83,0.52
2022-01-01 15:55:00,Station_24,47.18900272986253,-102.3068281261501,Barren,29.27,87.01,14.82,532.92,2,1021.86,0.66
2022-01-01 16:00:00,Station_24,30.23114768759793,-83.4816712391897,Forest,4.23,54.1,0.52,830.0,5,1044.09,0.83
2022-01-01 16:05:00,Station_24,43.65026588411257,-61.89594719203075,Water,25.75,64.76,14.45,904.33,6,1009.59,0.75
2022-01-01 16:10:00,Station_24,38.51874242103018,-92.73041227972956,Barren,18.13,88.84,14.07,965.35,3,1038.42,0.6
2022-01-01 16:15:00,Station_24,35.34561034950146,-81.21160740930671,Forest,30.81,82.98,4.43,212.1,7,1016.16,0.7
2022-01-01 16:20:00,Station_24,26.643772298700373,-112.8206725622311,Agricultural,-9.14,36.47,10.55,873.82,9,1006.45,0.6
2022-01-01 16:25:00,Station_24,36.28384501056188,-116.9517185607329,Agricultural,14.93,47.73,9.4,846.13,5,988.3,0.37
2022-01-01 16:30:00,Station_24,47.198194772240925,-112.29101920827543,Forest,27.88,41.46,8.13,414.05,10,1010.76,0.76
2022-01-01 16:35:00,Station_24,38.60161437904004,-120.86324313347008,Water,30.04,80.99,6.79,901.78,8,1002.46,0.54
2022-01-01 16:40:00,Station_24,33.78523951635573,-64.36542957517601,Water,29.36,82.91,10.48,589.87,4,1034.39,0.72
2022-01-01 16:45:00,Station_24,39.45286503677825,-117.70757531499108,Urban,25.77,79.22,14.31,357.01,5,1020.49,0.39
2022-01-01 16:50:00,Station_24,49.310430025720244,-78.23039803962708,Barren,27.69,79.95,12.33,273.53,9,1029.72,0.51
2022-01-01 16:55:00,Station_24,33.71257369049914,-72.6416159491441,Urban,18.52,79.98,11.04,822.11,2,1031.03,0.55
2022-01-01 17:00:00,Station_24,26.18277483240475,-98.04696748817112,Agricultural,7.67,84.81,0.43,775.05,6,1012.86,0.54
2022-01-01 17:05:00,Station_24,37.28778574375883,-94.06853930957593,Urban,32.78,85.26,1.99,229.61,5,1000.63,0.6
2022-01-01 17:10:00,Station_24,48.6261077752727,-93.12409119619555,Agricultural,25.73,71.33,8.46,805.69,3,984.63,0.87
2022-01-01 17:15:00,Station_24,45.1264599637897,-66.59067548802034,Forest,20.68,85.94,3.95,664.1,2,1049.72,0.87
2022-01-01 17:20:00,Station_24,35.718172596183535,-118.12011703813693,Forest,33.27,30.14,11.35,719.79,0,1043.71,0.74
2022-01-01 17:25:00,Station_24,47.5501980407175,-60.80072868876822,Barren,13.5,62.31,2.35,459.22,7,1017.89,0.46
2022-01-01 17:30:00,Station_24,37.98295516272136,-94.20806159134798,Agricultural,20.34,51.23,3.89,978.76,4,986.69,0.26
2022-01-01 17:35:00,Station_24,28.658617176855817,-91.85191766947776,Agricultural,13.79,88.52,4.19,418.69,4,1010.3,0.72
2022-01-01 17:40:00,Station_24,37.00759644373254,-87.19982259337203,Barren,6.71,65.15,14.62,450.4,1,1023.41,0.46
2022-01-01 17:45:00,Station_24,46.656771567162146,-76.5348966451954,Agricultural,5.42,46.79,11.17,167.31,9,1036.26,0.74
2022-01-01 17:50:00,Station_24,39.399876512586246,-104.6743781214572,Agricultural,-6.69,43.57,3.49,272.39,9,988.78,0.18
2022-01-01 17:55:00,Station_24,28.57140532887733,-68.15179250620311,Agricultural,-2.56,78.44,10.5,478.44,9,982.19,0.33
2022-01-01 18:00:00,Station_24,27.053937718163958,-77.79168368033783,Forest,3.89,89.47,4.39,749.45,10,1044.01,0.83
2022-01-01 18:05:00,Station_24,29.53202066533931,-60.109402973913404,Water,-3.94,75.22,8.75,389.84,2,986.08,0.15
2022-01-01 18:10:00,Station_24,26.803238850731507,-79.6270864331288,Urban,21.69,49.7,0.82,391.14,7,1041.73,0.6
2022-01-01 18:15:00,Station_24,34.51435701475037,-106.06557151185285,Agricultural,7.67,74.14,12.68,869.58,0,1046.68,0.39
2022-01-01 18:20:00,Station_24,46.720670820874034,-89.80086463478409,Forest,-8.68,84.98,3.68,438.55,8,1034.67,0.68
2022-01-01 18:25:00,Station_24,41.44845277584818,-115.61303460317055,Agricultural,9.34,41.81,13.33,548.51,5,990.31,0.86
2022-01-01 18:30:00,Station_24,43.44664392522807,-93.36459772072513,Forest,4.26,85.58,2.54,140.7,3,1036.75,0.78
2022-01-01 18:35:00,Station_24,43.170827762065116,-120.70310479797594,Forest,-5.15,89.28,7.48,316.67,6,996.5,0.13
2022-01-01 18:40:00,Station_24,46.72104670978552,-120.35450148366158,Barren,12.39,50.79,3.22,949.33,10,1019.69,0.9
2022-01-01 18:45:00,Station_24,35.842668400724634,-117.15927949117079,Urban,-9.21,74.32,6.84,115.7,8,1000.1,0.46
2022-01-01 18:50:00,Station_24,27.486798878986274,-78.45768115455016,Agricultural,-7.68,60.25,2.08,123.72,0,1002.09,0.34
2022-01-01 18:55:00,Station_24,33.33803225234109,-68.52934090931126,Barren,26.14,83.2,2.36,111.62,6,982.53,0.34
2022-01-01 19:00:00,Station_24,26.630503683060734,-63.06970207983245,Urban,25.01,31.74,9.32,527.84,5,997.13,0.74
2022-01-01 19:05:00,Station_24,48.34576362015226,-118.06793340568065,Forest,10.49,51.48,6.55,405.62,1,1032.57,0.86
2022-01-01 19:10:00,Station_24,43.095445840969695,-118.65564907254706,Urban,12.35,46.19,6.32,197.21,7,1043.55,0.85
2022-01-01 19:15:00,Station_24,32.878747375306816,-94.93069250548515,Agricultural,16.17,44.62,2.83,764.88,1,1046.26,0.76
2022-01-01 19:20:00,Station_24,48.82614686103959,-89.14249791129888,Barren,3.16,73.23,1.67,778.97,10,988.76,0.6
2022-01-01 19:25:00,Station_24,27.905539619625234,-122.06610882119446,Barren,30.81,75.77,9.29,330.21,2,989.08,0.54
2022-01-01 19:30:00,Station_24,26.070966699340183,-76.21754494058854,Agricultural,-3.02,69.42,6.74,419.26,9,1028.49,0.38
2022-01-01 19:35:00,Station_24,47.578643889080496,-69.13290288413548,Water,16.04,72.97,7.83,391.37,8,1012.32,0.34
2022-01-01 19:40:00,Station_24,35.08689866021276,-102.04682967775776,Agricultural,21.04,58.17,10.85,720.7,10,1025.09,0.21
2022-01-01 19:45:00,Station_24,38.007337893529446,-98.33772175798629,Water,-1.66,34.96,13.47,533.84,6,1048.58,0.42
2022-01-01 19:50:00,Station_24,34.70872997623377,-117.79430267188445,Forest,29.17,42.05,9.2,264.31,2,1022.44,0.45
2022-01-01 19:55:00,Station_24,31.40773819540508,-73.9440580841457,Water,25.69,46.71,0.79,578.64,7,1004.41,0.84
2022-01-01 20:00:00,Station_24,28.41699707470381,-70.22301239333211,Forest,-0.18,76.93,4.87,807.19,8,981.7,0.39
2022-01-01 20:05:00,Station_24,32.643668689426725,-97.25191796396786,Agricultural,13.56,89.95,10.85,907.71,3,998.48,0.41
2022-01-01 20:10:00,Station_24,39.74086232752158,-69.10237152164306,Water,8.18,32.25,6.63,398.33,6,1049.96,0.26
2022-01-01 20:15:00,Station_24,31.543895608648924,-114.69923816228481,Barren,24.39,74.17,10.02,216.8,4,1043.22,0.58
2022-01-01 20:20:00,Station_24,48.578853577968815,-124.58423719682023,Water,-8.33,66.16,2.73,552.53,9,1018.94,0.66
2022-01-01 20:25:00,Station_24,40.21197714916725,-119.54282715955796,Barren,7.23,31.45,9.19,627.94,5,1005.73,0.52
2022-01-01 20:30:00,Station_24,25.03045557727325,-95.94993545758733,Barren,-5.51,35.0,2.08,305.5,3,984.46,0.54
2022-01-01 20:35:00,Station_24,36.638453005332835,-87.71350483925653,Forest,8.48,78.35,9.11,909.81,7,995.51,0.23
2022-01-01 20:40:00,Station_24,27.6313623806676,-109.21345539661847,Urban,-4.61,63.97,11.94,682.11,10,1023.44,0.6
2022-01-01 20:45:00,Station_24,33.100059194478405,-92.26027292261836,Barren,25.13,47.35,6.66,381.08,5,1032.37,0.58
2022-01-01 20:50:00,Station_24,33.64807704047563,-94.83265998623028,Water,34.65,63.1,4.67,164.27,7,997.06,0.87
2022-01-01 20:55:00,Station_24,27.079321892476692,-108.69900928037123,Forest,1.25,78.77,0.63,928.91,7,994.09,0.65
2022-01-01 21:00:00,Station_24,25.106098386850213,-99.40481988414221,Urban,12.64,87.37,9.74,851.86,0,1009.06,0.68
2022-01-01 21:05:00,Station_24,48.334294934302946,-112.52638762667256,Agricultural,0.19,71.62,11.41,103.88,10,1019.63,0.58
2022-01-01 21:10:00,Station_24,39.67944317742039,-64.52801152051155,Barren,14.09,41.61,2.86,574.79,4,989.96,0.35
2022-01-01 21:15:00,Station_24,41.792276380692044,-105.73053773493825,Forest,3.16,35.37,13.75,126.44,1,1030.69,0.41
2022-01-01 21:20:00,Station_24,28.64323920146068,-67.66382036946327,Barren,26.58,78.2,14.94,202.81,8,1026.18,0.79
2022-01-01 21:25:00,Station_24,32.44176849258295,-115.25844194638391,Barren,17.59,74.46,8.73,129.28,6,1023.32,0.68
2022-01-01 21:30:00,Station_24,31.188666359372007,-124.79460330020008,Agricultural,-8.65,70.04,10.47,341.23,7,1023.48,0.34
2022-01-01 21:35:00,Station_24,47.15579299214464,-119.62774673057588,Barren,15.92,74.94,7.57,902.7,9,1010.06,0.25
2022-01-01 21:40:00,Station_24,25.70345856415187,-120.06666990535341,Water,12.47,67.55,5.89,967.99,3,1028.05,0.6
2022-01-01 21:45:00,Station_24,45.872513897300166,-75.91844705050157,Agricultural,-4.88,84.51,8.4,699.79,10,1044.47,0.85
2022-01-01 21:50:00,Station_24,36.08791925969759,-121.92183207170542,Barren,-3.42,59.54,14.27,637.63,1,1038.3,0.58
2022-01-01 21:55:00,Station_24,31.864937975987317,-77.32610028674368,Water,32.54,48.53,13.15,819.0,8,1037.48,0.63
2022-01-01 22:00:00,Station_24,46.586080458500064,-84.1887465491454,Water,12.45,34.4,5.45,103.37,7,1006.76,0.76
2022-01-01 22:05:00,Station_24,25.628282884567042,-73.13081649048702,Forest,23.25,81.32,1.99,638.42,1,1006.37,0.34
2022-01-01 22:10:00,Station_24,31.195321534797543,-101.7456894239059,Agricultural,8.6,30.07,5.62,799.2,1,996.44,0.2
2022-01-01 22:15:00,Station_24,49.176592724588545,-63.54855019561124,Forest,6.08,55.65,14.27,271.74,8,1021.7,0.67
2022-01-01 22:20:00,Station_24,38.614733964299376,-98.0485101047135,Water,-3.87,42.43,4.46,482.08,0,1018.81,0.7
2022-01-01 22:25:00,Station_24,27.69341122107499,-65.64144097051025,Urban,-8.16,48.32,11.15,641.89,7,1039.17,0.66
2022-01-01 22:30:00,Station_24,36.59217524307621,-110.24416621843208,Water,11.24,67.85,7.7,775.58,9,1017.61,0.84
2022-01-01 22:35:00,Station_24,38.76156183904702,-107.02131579667216,Water,8.46,85.83,8.49,515.16,4,1022.19,0.29
2022-01-01 22:40:00,Station_24,43.31339982740403,-110.74657641337413,Forest,-4.51,31.55,4.64,824.44,5,1015.95,0.34
2022-01-01 22:45:00,Station_24,26.948494475574915,-65.40706081418872,Forest,13.77,85.5,11.81,332.74,0,1020.76,0.37
2022-01-01 22:50:00,Station_24,45.82403311542768,-103.96342705954358,Agricultural,27.49,77.48,1.36,606.37,1,1026.14,0.26
2022-01-01 22:55:00,Station_24,38.24502766363634,-103.66746455192838,Water,30.42,64.32,1.76,226.68,5,999.87,0.84
2022-01-01 23:00:00,Station_24,26.19004579470238,-61.001050995985594,Barren,7.08,53.91,8.56,215.17,2,1019.73,0.41
2022-01-01 23:05:00,Station_24,26.75043006849915,-65.1062426311965,Agricultural,5.37,57.31,3.3,689.79,4,985.76,0.19
2022-01-01 23:10:00,Station_24,40.62558818066219,-63.98867444251065,Forest,-0.43,63.89,1.77,357.5,2,1017.0,0.8
2022-01-01 23:15:00,Station_24,39.748434152213605,-112.28661259160572,Forest,11.0,35.18,7.57,352.83,3,1025.85,0.45
2022-01-01 23:20:00,Station_24,45.60499178107635,-90.58305140450331,Agricultural,7.46,73.02,8.77,724.43,3,1003.18,0.37
2022-01-01 23:25:00,Station_24,48.494897026345335,-73.33474203504082,Water,-2.53,68.06,11.71,208.46,0,993.3,0.41
2022-01-01 23:30:00,Station_24,31.006980732651666,-69.78151289982432,Agricultural,24.85,49.29,5.03,273.98,3,1037.55,0.67
2022-01-01 23:35:00,Station_24,47.911340164740736,-79.49079424493826,Water,6.02,69.38,4.96,222.2,0,1028.93,0.77
2022-01-01 23:40:00,Station_24,36.61551017043264,-108.25534619881797,Urban,-4.89,47.92,3.85,712.46,4,1009.77,0.82
2022-01-01 23:45:00,Station_24,27.20465123423973,-122.06164463717943,Urban,30.32,86.43,9.31,107.72,9,1004.23,0.18
2022-01-01 23:50:00,Station_24,29.01926625631991,-98.42832486892696,Water,20.87,59.58,5.78,684.88,1,994.67,0.17
2022-01-01 23:55:00,Station_24,38.01441801383071,-64.69913439500186,Barren,17.67,85.82,8.19,473.9,9,1042.04,0.5
2022-01-01 00:00:00,Station_25,45.31860173705924,-81.30834035271687,Water,4.39,66.73,14.84,707.61,9,1018.31,0.66
2022-01-01 00:05:00,Station_25,27.902790199014003,-68.7237332560866,Agricultural,-1.93,30.49,6.7,459.54,5,1037.54,0.64
2022-01-01 00:10:00,Station_25,47.93213290926775,-106.63418498056248,Water,16.26,79.21,8.93,468.48,8,987.76,0.9
2022-01-01 00:15:00,Station_25,25.028215326828064,-83.67140219858048,Agricultural,18.41,71.87,2.44,911.98,9,1015.7,0.32
2022-01-01 00:20:00,Station_25,47.28650375123647,-93.13574942443175,Agricultural,3.57,40.84,11.24,220.33,8,1039.5,0.13
2022-01-01 00:25:00,Station_25,46.362729524855084,-61.17286076227431,Water,2.17,80.42,3.41,703.52,8,1015.37,0.11
2022-01-01 00:30:00,Station_25,26.45987774258701,-118.0917279563786,Barren,25.44,38.55,5.03,903.85,9,1002.95,0.27
2022-01-01 00:35:00,Station_25,28.462389235506276,-82.92616543769896,Agricultural,13.71,68.75,8.3,436.66,9,1024.33,0.39
2022-01-01 00:40:00,Station_25,26.229703242936033,-119.8689461639281,Urban,17.13,35.73,9.92,957.4,10,995.76,0.49
2022-01-01 00:45:00,Station_25,29.90602592157606,-70.84925290489925,Agricultural,25.05,44.14,6.39,382.48,8,984.8,0.62
2022-01-01 00:50:00,Station_25,32.701559723426854,-98.20364074552734,Urban,15.72,35.4,4.97,517.87,9,1017.12,0.17
2022-01-01 00:55:00,Station_25,26.380367799992648,-122.58576606159997,Agricultural,17.16,76.77,10.55,175.39,4,1005.88,0.3
2022-01-01 01:00:00,Station_25,45.63306227899876,-114.90946068293705,Barren,3.88,64.2,12.13,870.25,0,1015.0,0.41
2022-01-01 01:05:00,Station_25,42.94200309539608,-109.22856425015344,Water,-5.07,64.95,0.2,689.02,0,1032.25,0.19
2022-01-01 01:10:00,Station_25,42.59369182932585,-116.92324612538916,Water,5.27,47.99,9.4,643.33,7,1037.31,0.46
2022-01-01 01:15:00,Station_25,46.563789066211356,-106.19702404951951,Agricultural,-3.84,56.82,6.09,307.17,0,980.24,0.55
2022-01-01 01:20:00,Station_25,38.27560826752382,-65.84353124278753,Water,33.06,43.32,7.59,635.32,6,996.05,0.71
2022-01-01 01:25:00,Station_25,41.992087737848735,-123.27770889059283,Urban,13.16,48.59,3.53,711.88,9,1010.75,0.55
2022-01-01 01:30:00,Station_25,48.7297461201363,-118.4162836703072,Forest,-6.34,46.86,5.74,694.31,2,1002.42,0.17
2022-01-01 01:35:00,Station_25,46.27073058902313,-94.03875373658701,Urban,6.63,88.39,2.01,336.76,0,1011.21,0.83
2022-01-01 01:40:00,Station_25,30.43585092493796,-82.6813738331877,Barren,26.0,68.48,2.92,349.49,5,1043.72,0.7
2022-01-01 01:45:00,Station_25,38.27357750016085,-87.1074837761867,Agricultural,9.19,86.25,12.5,670.79,5,1029.02,0.89
2022-01-01 01:50:00,Station_25,34.804422034364556,-114.01464734412862,Water,8.73,36.46,13.68,564.38,1,983.43,0.17
2022-01-01 01:55:00,Station_25,47.88965217405914,-78.82476534092183,Barren,15.12,54.99,0.75,980.59,9,1002.49,0.86
2022-01-01 02:00:00,Station_25,36.280835295474745,-124.44409919790718,Urban,-4.23,77.65,0.66,836.42,2,1009.72,0.16
2022-01-01 02:05:00,Station_25,36.64068914048048,-71.41291429257959,Urban,12.19,71.36,14.35,433.76,1,1031.91,0.38
2022-01-01 02:10:00,Station_25,49.36416929279736,-121.13893584934748,Barren,-8.49,85.21,12.7,278.33,7,996.96,0.83
2022-01-01 02:15:00,Station_25,41.35916902816351,-116.37673568162957,Agricultural,-1.17,66.89,0.27,120.99,3,1019.53,0.71
2022-01-01 02:20:00,Station_25,34.24275461739531,-68.09746937840075,Agricultural,19.6,48.15,8.19,275.64,7,1002.1,0.64
2022-01-01 02:25:00,Station_25,27.994435397046185,-80.18153348175312,Urban,7.84,70.49,8.42,735.66,10,997.93,0.51
2022-01-01 02:30:00,Station_25,47.959198707086955,-67.38580135413545,Water,33.46,39.9,14.91,521.36,3,1035.01,0.12
2022-01-01 02:35:00,Station_25,35.68936577516894,-81.84946447850227,Water,-0.03,46.04,3.03,560.67,8,1024.29,0.37
2022-01-01 02:40:00,Station_25,48.61193268536375,-120.62995560594123,Water,17.29,39.81,10.65,149.3,6,995.66,0.87
2022-01-01 02:45:00,Station_25,34.4826116987308,-124.43097385764978,Barren,0.18,86.08,2.78,237.51,0,999.55,0.11
2022-01-01 02:50:00,Station_25,26.383221538422685,-83.57622146019958,Barren,14.51,76.47,12.4,639.99,4,1006.23,0.52
2022-01-01 02:55:00,Station_25,42.298287175017045,-101.19790594165752,Forest,28.7,42.9,10.2,490.64,6,1046.73,0.75
2022-01-01 03:00:00,Station_25,41.95032966733918,-121.6020185425884,Barren,3.47,52.33,12.84,746.36,9,1005.12,0.43
2022-01-01 03:05:00,Station_25,31.935856874378203,-73.64510961193528,Barren,-0.71,85.37,14.84,111.31,1,982.26,0.47
2022-01-01 03:10:00,Station_25,49.02358821929583,-77.64584577772212,Urban,9.54,33.77,3.83,622.07,3,1014.01,0.82
2022-01-01 03:15:00,Station_25,42.68723351079127,-65.27439194767123,Urban,6.12,67.39,14.59,467.82,7,994.64,0.25
2022-01-01 03:20:00,Station_25,36.438193780011574,-69.07321317325516,Urban,30.87,88.78,4.57,202.72,6,993.12,0.85
2022-01-01 03:25:00,Station_25,39.964252740696715,-117.96845144009637,Barren,16.92,58.96,7.67,622.13,1,1006.31,0.17
2022-01-01 03:30:00,Station_25,45.47368967853568,-92.7310832552939,Forest,-7.31,47.66,3.48,451.91,1,1031.77,0.72
2022-01-01 03:35:00,Station_25,41.680929141719865,-87.54317366558385,Urban,-7.64,53.42,0.6,812.81,4,983.91,0.22
2022-01-01 03:40:00,Station_25,48.77347090737173,-124.10086280516097,Urban,31.36,35.62,9.36,113.47,9,1008.59,0.76
2022-01-01 03:45:00,Station_25,45.229437802535685,-96.41322410697012,Agricultural,30.39,39.77,7.23,883.8,1,988.09,0.34
2022-01-01 03:50:00,Station_25,47.373885223168735,-94.48651506571997,Water,-3.99,89.78,1.46,478.98,3,1045.88,0.84
2022-01-01 03:55:00,Station_25,45.952916102435864,-106.21479093435391,Forest,10.84,47.63,0.03,228.53,5,1018.5,0.89
2022-01-01 04:00:00,Station_25,40.92875654740832,-79.73660191335988,Urban,12.14,72.15,9.05,844.2,6,992.13,0.8
2022-01-01 04:05:00,Station_25,29.33851908516829,-90.02881367471184,Barren,21.08,87.88,5.57,798.4,2,1020.66,0.41
2022-01-01 04:10:00,Station_25,47.66653108547299,-107.17052718891264,Water,2.33,86.83,12.65,992.09,10,1020.2,0.67
2022-01-01 04:15:00,Station_25,25.69373651110104,-118.78460869979321,Barren,1.79,44.6,1.56,767.49,2,985.4,0.57
2022-01-01 04:20:00,Station_25,45.992797220366995,-124.28807449426097,Water,9.1,67.91,3.54,375.72,6,1011.59,0.88
2022-01-01 04:25:00,Station_25,26.490771581559095,-82.68661588930826,Urban,6.11,51.36,6.99,567.31,1,998.21,0.78
2022-01-01 04:30:00,Station_25,28.546151054383714,-98.28596544699997,Barren,9.64,30.5,11.29,554.19,9,1000.96,0.68
2022-01-01 04:35:00,Station_25,46.657530760268855,-107.18836897775823,Barren,25.17,58.86,10.58,807.74,7,1014.92,0.15
2022-01-01 04:40:00,Station_25,36.8725614653265,-85.67855833883289,Forest,32.56,53.43,5.98,414.35,0,1032.72,0.55
2022-01-01 04:45:00,Station_25,37.582527279174386,-108.80362877467843,Urban,13.48,54.02,8.65,297.99,5,983.66,0.48
2022-01-01 04:50:00,Station_25,49.50016427995481,-81.66231707188896,Forest,3.72,54.7,14.38,208.16,5,1038.89,0.72
2022-01-01 04:55:00,Station_25,29.89783514804083,-105.42827465511212,Agricultural,29.96,39.77,1.17,123.43,3,1034.99,0.32
2022-01-01 05:00:00,Station_25,37.52679538295135,-119.44968216888428,Agricultural,32.69,38.28,9.43,566.87,8,993.08,0.85
2022-01-01 05:05:00,Station_25,33.884119304112524,-65.67028583901285,Agricultural,31.85,47.56,5.35,711.26,6,997.8,0.5
2022-01-01 05:10:00,Station_25,29.53709663428699,-101.37923344323127,Agricultural,3.31,78.34,8.16,425.41,4,1005.15,0.81
2022-01-01 05:15:00,Station_25,41.592297232446626,-94.14408206708745,Urban,32.3,38.39,10.83,360.42,9,1015.55,0.29
2022-01-01 05:20:00,Station_25,28.139953522527417,-85.40903706479169,Barren,31.39,75.09,9.23,891.69,4,984.14,0.37
2022-01-01 05:25:00,Station_25,40.65763871766756,-100.57667058938783,Forest,5.66,44.8,10.33,428.43,2,1017.58,0.33
2022-01-01 05:30:00,Station_25,47.764961157294934,-112.66744807365774,Forest,29.32,52.66,14.11,472.18,8,1014.65,0.88
2022-01-01 05:35:00,Station_25,25.16781042965681,-76.34799342820324,Forest,30.85,30.83,3.86,201.14,3,1049.73,0.77
2022-01-01 05:40:00,Station_25,28.418977439459763,-93.62859423013437,Barren,13.74,57.12,1.06,349.89,6,987.96,0.79
2022-01-01 05:45:00,Station_25,46.253201932340716,-68.07935812441704,Water,9.18,59.37,2.29,838.96,3,1032.78,0.83
2022-01-01 05:50:00,Station_25,31.799822188373927,-70.42344824669746,Urban,33.91,37.69,14.12,221.96,7,1004.58,0.13
2022-01-01 05:55:00,Station_25,26.471524432833945,-87.93613892379173,Water,25.55,86.54,10.7,172.45,3,1027.79,0.53
2022-01-01 06:00:00,Station_25,29.759414497864455,-120.89575535664619,Agricultural,-1.88,51.22,1.05,816.87,2,1046.86,0.21
2022-01-01 06:05:00,Station_25,39.63590390005614,-80.07504273841457,Forest,17.69,53.71,12.75,555.38,10,985.83,0.73
2022-01-01 06:10:00,Station_25,34.69691719921809,-85.13445331028669,Water,3.24,40.91,10.87,594.19,0,1040.7,0.89
2022-01-01 06:15:00,Station_25,49.378264373878125,-75.44669429640982,Urban,14.09,48.25,9.7,345.0,3,1039.96,0.57
2022-01-01 06:20:00,Station_25,28.145021386009304,-88.06080122775994,Forest,10.83,83.79,13.34,206.73,5,981.58,0.76
2022-01-01 06:25:00,Station_25,33.898736810836354,-83.89819044778292,Water,30.4,66.97,10.02,786.6,1,1031.75,0.11
2022-01-01 06:30:00,Station_25,26.652505812174137,-100.18113623609207,Urban,18.29,87.76,3.38,743.67,0,1032.82,0.72
2022-01-01 06:35:00,Station_25,47.34394395718711,-90.10796380149125,Agricultural,24.44,45.28,3.77,525.71,4,1037.48,0.26
2022-01-01 06:40:00,Station_25,42.263757404528015,-84.07141808320564,Urban,22.82,57.6,6.1,736.75,6,987.58,0.37
2022-01-01 06:45:00,Station_25,33.87473287777755,-63.41081945385901,Forest,13.67,79.85,3.69,954.34,3,1030.91,0.28
2022-01-01 06:50:00,Station_25,47.15968516755708,-93.98927341462036,Water,16.61,33.53,14.29,631.54,8,994.87,0.27
2022-01-01 06:55:00,Station_25,31.63078807713166,-74.74927385483011,Forest,1.71,82.15,14.01,106.85,9,1045.15,0.6
2022-01-01 07:00:00,Station_25,49.535295592202864,-76.9228559859287,Agricultural,25.9,72.45,8.09,586.64,5,997.38,0.84
2022-01-01 07:05:00,Station_25,36.65584984764868,-116.4584564775171,Water,14.16,53.08,2.49,187.95,6,995.95,0.3
2022-01-01 07:10:00,Station_25,31.110607310573357,-104.3161602829409,Agricultural,3.31,79.98,0.02,303.44,9,1006.89,0.62
2022-01-01 07:15:00,Station_25,41.762831497115414,-84.53971933722097,Urban,28.88,48.81,6.84,548.69,7,996.7,0.26
2022-01-01 07:20:00,Station_25,36.09683595280363,-98.19845058074088,Forest,6.93,46.0,6.09,190.01,9,1035.32,0.58
2022-01-01 07:25:00,Station_25,44.79323576124998,-61.98732540110579,Water,23.6,55.53,10.31,776.3,4,1024.33,0.15
2022-01-01 07:30:00,Station_25,34.27022006140353,-120.60968969266492,Agricultural,-1.27,44.05,8.6,927.5,10,1026.91,0.44
2022-01-01 07:35:00,Station_25,33.47097876541135,-75.95053028720855,Agricultural,17.87,36.67,13.23,715.68,4,1029.75,0.18
2022-01-01 07:40:00,Station_25,25.56669160586323,-115.37062828656627,Water,21.93,34.55,9.09,393.0,2,1030.93,0.68
2022-01-01 07:45:00,Station_25,29.981369732779388,-106.66961331909576,Agricultural,13.35,66.69,2.44,435.86,3,1010.31,0.87
2022-01-01 07:50:00,Station_25,40.650819090048536,-66.03954167075854,Water,7.77,67.95,4.71,354.84,6,1020.02,0.73
2022-01-01 07:55:00,Station_25,47.74436969554655,-78.42398946819293,Barren,31.41,88.22,4.7,312.59,5,1036.57,0.65
2022-01-01 08:00:00,Station_25,30.818104508463858,-76.0178837808079,Urban,3.92,67.57,13.12,825.29,0,1014.07,0.78
2022-01-01 08:05:00,Station_25,42.30106785124417,-85.78523881861214,Agricultural,19.87,65.14,4.07,519.77,2,1029.43,0.11
2022-01-01 08:10:00,Station_25,44.99279253723792,-124.0604293759958,Barren,20.49,88.96,10.02,761.31,0,1017.85,0.25
2022-01-01 08:15:00,Station_25,29.445165968729647,-119.00830775086779,Urban,-4.85,51.4,0.73,810.65,6,1009.88,0.66
2022-01-01 08:20:00,Station_25,25.33204711016576,-117.06604147802703,Urban,-9.06,51.66,0.08,391.74,7,1032.45,0.88
2022-01-01 08:25:00,Station_25,46.05861466806701,-118.77259666024808,Agricultural,3.15,67.44,6.91,112.44,1,1043.98,0.66
2022-01-01 08:30:00,Station_25,46.27288383463862,-87.37142137736832,Forest,8.73,30.17,14.09,936.75,0,1001.2,0.42
2022-01-01 08:35:00,Station_25,25.341875571792144,-109.31684575302646,Forest,21.72,52.84,3.75,556.27,7,992.68,0.61
2022-01-01 08:40:00,Station_25,35.68502456591567,-104.96196584730697,Barren,33.18,87.14,9.15,898.15,4,987.0,0.54
2022-01-01 08:45:00,Station_25,40.037239013425406,-119.06518457274765,Barren,-7.37,65.19,10.75,558.68,6,1036.06,0.72
2022-01-01 08:50:00,Station_25,39.4104276986341,-81.56510285888157,Forest,31.08,86.15,13.06,834.27,9,1038.52,0.86
2022-01-01 08:55:00,Station_25,34.57488549211816,-82.424541978503,Agricultural,-7.97,41.93,13.8,355.35,2,985.16,0.69
2022-01-01 09:00:00,Station_25,34.604276094980435,-115.7765445649955,Barren,9.51,34.25,9.29,560.74,6,1039.09,0.7
2022-01-01 09:05:00,Station_25,33.41009947682018,-71.89942951032123,Forest,27.47,77.37,0.9,875.38,6,1002.56,0.58
2022-01-01 09:10:00,Station_25,48.47611664128286,-92.39552356226599,Barren,29.57,86.48,12.99,495.2,0,1015.79,0.6
2022-01-01 09:15:00,Station_25,42.647068954595724,-81.57596338256289,Urban,4.11,80.33,8.61,804.19,0,1025.42,0.83
2022-01-01 09:20:00,Station_25,44.09818290052284,-62.58395431795987,Barren,9.4,54.21,1.75,792.33,10,1017.56,0.53
2022-01-01 09:25:00,Station_25,42.282842376703485,-61.08814618653096,Water,23.47,63.51,0.15,422.18,1,988.86,0.67
2022-01-01 09:30:00,Station_25,41.54981135690774,-113.23135323628084,Barren,-6.15,46.37,6.37,386.38,6,1004.31,0.17
2022-01-01 09:35:00,Station_25,32.38164990924063,-92.58342321587071,Urban,33.45,67.34,1.99,957.73,1,995.65,0.72
2022-01-01 09:40:00,Station_25,45.09503189274328,-83.07027744411393,Urban,1.51,81.66,3.64,609.66,4,994.68,0.31
2022-01-01 09:45:00,Station_25,44.32280391930509,-105.6955914054409,Water,14.2,86.65,3.67,176.35,7,994.57,0.15
2022-01-01 09:50:00,Station_25,26.61305446836684,-94.65883558162827,Urban,0.26,82.96,8.82,272.16,10,1005.8,0.37
2022-01-01 09:55:00,Station_25,46.22701113534745,-72.10952275794187,Urban,2.12,80.58,11.62,154.2,7,1015.51,0.51
2022-01-01 10:00:00,Station_25,48.628734000785464,-81.38970652102395,Urban,3.18,79.22,14.04,521.89,1,1040.05,0.34
2022-01-01 10:05:00,Station_25,39.05367820440485,-112.08578069838322,Barren,3.19,71.36,11.17,932.22,2,1028.95,0.84
2022-01-01 10:10:00,Station_25,45.411891392275166,-122.56710195579875,Water,20.31,74.23,12.94,558.75,7,1038.49,0.89
2022-01-01 10:15:00,Station_25,26.77387855598075,-88.95012954815225,Barren,12.27,36.56,12.37,386.15,5,1012.72,0.68
2022-01-01 10:20:00,Station_25,48.10556300268751,-86.48923891025153,Urban,4.26,44.86,0.75,804.82,6,1029.42,0.86
2022-01-01 10:25:00,Station_25,33.99620764189065,-92.70779378260963,Forest,29.29,55.12,0.64,615.96,2,1046.14,0.82
2022-01-01 10:30:00,Station_25,26.250792122231196,-123.68562301420963,Urban,-1.34,54.57,9.89,845.37,2,1011.2,0.11
2022-01-01 10:35:00,Station_25,32.288532927536345,-99.07690097790935,Forest,5.97,57.75,10.03,273.42,4,1005.51,0.62
2022-01-01 10:40:00,Station_25,29.513150706336653,-123.51319776841846,Urban,13.55,34.97,14.91,836.98,4,1022.78,0.77
2022-01-01 10:45:00,Station_25,25.810336705690354,-77.42486459524304,Water,24.78,38.46,8.64,129.52,9,1026.92,0.58
2022-01-01 10:50:00,Station_25,42.65283811315276,-82.38791420075196,Agricultural,30.67,52.2,13.91,700.48,9,1019.78,0.28
2022-01-01 10:55:00,Station_25,49.57694050674243,-94.34114868863685,Urban,3.35,86.99,12.46,495.93,2,1031.46,0.59
2022-01-01 11:00:00,Station_25,39.97591783221054,-96.54390787989298,Water,10.7,51.04,4.01,242.25,2,1048.49,0.2
2022-01-01 11:05:00,Station_25,31.141796412823496,-81.4389890348039,Urban,8.41,80.32,9.63,381.56,8,986.88,0.39
2022-01-01 11:10:00,Station_25,27.821661315458186,-120.34853110477138,Water,21.23,64.44,13.06,610.88,8,1002.35,0.9
2022-01-01 11:15:00,Station_25,40.841524286569054,-75.11221028589895,Agricultural,28.64,56.41,6.02,855.6,0,1011.2,0.34
2022-01-01 11:20:00,Station_25,41.82107460974612,-63.34983131101924,Agricultural,-1.13,31.1,6.02,285.67,5,982.24,0.44
2022-01-01 11:25:00,Station_25,37.139445066706344,-93.65502218046711,Agricultural,17.7,42.43,12.82,356.77,5,1038.94,0.54
2022-01-01 11:30:00,Station_25,47.68949595331532,-77.64218310070024,Urban,33.23,82.74,9.64,981.11,1,1040.38,0.65
2022-01-01 11:35:00,Station_25,48.211362219816834,-123.46175702190448,Forest,5.62,84.73,1.04,399.94,6,1042.87,0.6
2022-01-01 11:40:00,Station_25,29.519624928914183,-98.97479574033468,Water,-6.57,80.59,5.28,891.94,4,1035.89,0.23
2022-01-01 11:45:00,Station_25,30.47753465390702,-104.32488895707974,Water,25.0,84.16,8.26,899.67,6,1040.79,0.76
2022-01-01 11:50:00,Station_25,33.525543187693245,-101.94968360694261,Urban,4.02,56.86,10.26,397.95,9,980.84,0.29
2022-01-01 11:55:00,Station_25,25.15649367407862,-123.4864028708746,Barren,21.99,65.44,10.15,319.08,2,1014.86,0.82
2022-01-01 12:00:00,Station_25,43.56391725354908,-65.59427428640697,Urban,-9.6,71.61,6.11,212.83,2,998.94,0.84
2022-01-01 12:05:00,Station_25,32.46185454396074,-108.44504520316673,Water,8.56,71.71,0.08,588.15,2,1019.23,0.41
2022-01-01 12:10:00,Station_25,38.128297823420766,-73.9252107160887,Barren,3.26,80.35,12.86,449.74,4,1032.9,0.68
2022-01-01 12:15:00,Station_25,43.584355221304484,-118.41800822506568,Barren,25.27,61.24,12.75,634.26,2,1033.75,0.32
2022-01-01 12:20:00,Station_25,27.098462860982977,-105.40505103010895,Water,7.41,40.4,4.45,578.58,1,1004.85,0.48
2022-01-01 12:25:00,Station_25,45.809089387719695,-119.56027884670517,Forest,29.04,54.7,2.05,109.13,10,1028.7,0.12
2022-01-01 12:30:00,Station_25,32.15564854638264,-116.37326168718454,Forest,33.73,35.38,12.67,319.07,5,1004.28,0.54
2022-01-01 12:35:00,Station_25,28.85426230214165,-74.87463712354406,Water,33.55,33.18,9.42,334.76,0,987.41,0.41
2022-01-01 12:40:00,Station_25,35.954069596429065,-107.7465945121579,Forest,27.43,75.54,9.59,530.67,1,985.5,0.13
2022-01-01 12:45:00,Station_25,29.692010618964645,-63.37642591470436,Water,31.8,67.76,11.5,641.96,4,987.16,0.77
2022-01-01 12:50:00,Station_25,46.23278115827309,-60.619515556346514,Urban,24.37,57.76,0.14,379.98,10,1027.94,0.71
2022-01-01 12:55:00,Station_25,26.301942710792037,-99.15193413690957,Water,11.92,42.66,13.09,554.78,0,991.56,0.11
2022-01-01 13:00:00,Station_25,42.12252963177389,-76.87849785974866,Barren,18.42,71.41,5.79,755.48,10,1020.02,0.88
2022-01-01 13:05:00,Station_25,26.898316840643794,-117.4452126130882,Forest,20.27,35.16,3.34,616.68,4,1010.49,0.87
2022-01-01 13:10:00,Station_25,39.25647248242946,-64.82139151202077,Forest,12.38,47.5,13.0,340.62,6,1021.55,0.59
2022-01-01 13:15:00,Station_25,25.251654673793496,-113.18974158002018,Forest,28.24,53.14,3.23,152.79,9,1044.51,0.15
2022-01-01 13:20:00,Station_25,42.16839760971317,-68.8586300021484,Urban,28.4,67.53,11.59,799.34,6,1027.14,0.84
2022-01-01 13:25:00,Station_25,41.841022832904116,-89.3360122566655,Water,-9.99,87.8,9.68,285.44,5,1005.06,0.31
2022-01-01 13:30:00,Station_25,27.036236093591896,-72.60218298484754,Forest,-0.35,62.36,1.05,214.84,1,1022.61,0.39
2022-01-01 13:35:00,Station_25,46.01683800473285,-88.61739142421315,Forest,24.24,47.82,4.34,170.38,0,1000.75,0.11
2022-01-01 13:40:00,Station_25,39.34357082711716,-102.7285992007827,Forest,20.62,32.14,9.76,734.51,2,1023.12,0.4
2022-01-01 13:45:00,Station_25,32.61059502317995,-79.72656382493406,Forest,13.03,74.55,13.44,135.65,6,991.62,0.58
2022-01-01 13:50:00,Station_25,25.44537357256202,-82.3548666967848,Water,25.78,72.71,4.42,204.2,5,1033.57,0.77
2022-01-01 13:55:00,Station_25,36.76795655722461,-118.4404134488452,Urban,-6.64,85.82,0.75,854.7,9,1018.38,0.78
2022-01-01 14:00:00,Station_25,48.035328889089165,-79.84025281210539,Barren,29.54,83.98,11.39,779.87,1,1007.17,0.44
2022-01-01 14:05:00,Station_25,45.26961368982998,-99.09657759607353,Agricultural,14.79,89.57,12.68,855.3,8,991.68,0.77
2022-01-01 14:10:00,Station_25,38.11879462053743,-104.00550521218719,Urban,9.72,64.68,8.47,412.98,9,1021.81,0.58
2022-01-01 14:15:00,Station_25,46.37848102731659,-85.9140361601728,Forest,25.49,67.88,14.55,532.71,1,1033.1,0.26
2022-01-01 14:20:00,Station_25,26.25985422024478,-72.39500882594783,Urban,31.87,35.39,13.4,620.61,4,993.3,0.43
2022-01-01 14:25:00,Station_25,47.29341604287231,-101.3581176631079,Urban,17.73,52.3,14.51,757.17,0,1025.88,0.65
2022-01-01 14:30:00,Station_25,30.23568222582783,-76.33298731475146,Urban,32.23,89.46,0.79,304.64,8,1028.48,0.13
2022-01-01 14:35:00,Station_25,43.625713838816324,-62.876109522996735,Urban,14.55,84.63,3.45,868.7,8,1012.01,0.6
2022-01-01 14:40:00,Station_25,26.20975155461687,-63.70536806481055,Barren,14.34,86.85,14.07,851.33,8,1014.45,0.77
2022-01-01 14:45:00,Station_25,49.86838567884931,-100.60608273274431,Water,26.62,37.39,13.83,112.84,1,1039.92,0.39
2022-01-01 14:50:00,Station_25,31.8601044353826,-87.22789365392688,Agricultural,-9.07,51.27,7.31,649.66,8,1046.84,0.29
2022-01-01 14:55:00,Station_25,48.17815297293422,-93.35744220479243,Urban,8.11,57.99,2.94,901.33,0,1049.8,0.33
2022-01-01 15:00:00,Station_25,25.65475803794024,-113.6142693255688,Agricultural,-9.33,86.24,5.43,979.4,5,1003.46,0.9
2022-01-01 15:05:00,Station_25,45.279487290085996,-101.41629350387112,Water,12.51,64.82,12.9,721.71,8,1016.61,0.23
2022-01-01 15:10:00,Station_25,27.60602161119827,-84.09931615601684,Urban,22.83,41.68,7.76,566.02,3,1022.33,0.11
2022-01-01 15:15:00,Station_25,44.755860480489496,-96.1850948175142,Agricultural,28.74,80.16,3.94,994.21,7,1047.25,0.23
2022-01-01 15:20:00,Station_25,30.902490341747384,-91.07153091410493,Water,5.58,55.48,3.82,789.9,8,1018.43,0.59
2022-01-01 15:25:00,Station_25,37.812211775817026,-72.31788712029064,Water,-8.27,36.07,0.83,473.57,10,1023.27,0.1
2022-01-01 15:30:00,Station_25,38.14199022744117,-117.94737823458564,Water,34.47,52.27,2.7,501.22,4,1014.8,0.54
2022-01-01 15:35:00,Station_25,30.21317436438988,-92.35889793233878,Water,-2.92,77.71,7.7,748.42,10,1012.23,0.72
2022-01-01 15:40:00,Station_25,49.0699761500872,-116.02300443874942,Water,24.25,37.65,8.34,809.64,4,1025.65,0.58
2022-01-01 15:45:00,Station_25,32.59162080945191,-116.47377176890654,Agricultural,8.6,65.84,5.43,269.87,2,987.26,0.29
2022-01-01 15:50:00,Station_25,44.85018579096832,-120.4197630696714,Urban,29.9,79.81,8.85,886.56,0,1013.54,0.7
2022-01-01 15:55:00,Station_25,42.58302411977634,-121.81984257315636,Forest,9.05,82.76,7.11,215.02,4,1041.66,0.38
2022-01-01 16:00:00,Station_25,44.92760145554283,-62.170013098609985,Agricultural,21.33,39.83,14.05,106.8,2,1038.34,0.15
2022-01-01 16:05:00,Station_25,25.842798737825074,-67.97535312622159,Forest,14.57,73.05,0.14,333.2,1,983.74,0.89
2022-01-01 16:10:00,Station_25,48.15678631568336,-102.67599977876941,Water,21.41,69.52,7.61,897.44,6,1042.96,0.4
2022-01-01 16:15:00,Station_25,48.215511603802966,-60.628795355723696,Agricultural,-5.88,32.91,6.1,121.25,0,1043.21,0.77
2022-01-01 16:20:00,Station_25,46.1930267629334,-94.38506855204454,Barren,15.93,42.81,8.65,806.65,5,987.79,0.19
2022-01-01 16:25:00,Station_25,39.55881607806783,-96.63233014385315,Urban,13.97,68.17,10.4,866.54,3,991.53,0.2
2022-01-01 16:30:00,Station_25,42.09651267083266,-87.34302347729752,Agricultural,27.47,49.39,14.18,686.08,8,1047.36,0.66
2022-01-01 16:35:00,Station_25,46.02580668679888,-102.07783780211884,Forest,16.66,34.57,7.32,415.37,4,1026.85,0.88
2022-01-01 16:40:00,Station_25,35.79063424793975,-60.723867729709326,Water,-7.76,30.49,4.4,846.13,4,986.51,0.72
2022-01-01 16:45:00,Station_25,30.274570052057427,-121.30263855665787,Barren,29.93,62.02,12.56,593.43,9,1013.83,0.67
2022-01-01 16:50:00,Station_25,44.22460086169875,-100.15767281548867,Barren,-6.22,79.78,2.78,643.71,9,1044.97,0.27
2022-01-01 16:55:00,Station_25,32.16166525389012,-103.41994074234873,Agricultural,21.45,84.34,12.42,722.17,8,1028.29,0.51
2022-01-01 17:00:00,Station_25,47.41932937649814,-117.62524866470552,Agricultural,30.1,79.02,7.75,435.66,0,1008.57,0.38
2022-01-01 17:05:00,Station_25,41.23319503046672,-65.24071655102964,Water,28.87,63.61,13.83,960.38,7,1015.07,0.14
2022-01-01 17:10:00,Station_25,45.554358794720294,-67.5857101388303,Barren,3.43,32.7,10.63,147.3,7,1047.33,0.2
2022-01-01 17:15:00,Station_25,48.78793412570249,-107.15007408230849,Forest,11.89,52.81,7.15,782.55,5,1049.14,0.43
2022-01-01 17:20:00,Station_25,41.09258567250377,-80.63851135720788,Agricultural,-1.24,55.65,11.22,414.47,1,1042.81,0.3
2022-01-01 17:25:00,Station_25,37.50206700999085,-74.38241053473361,Agricultural,14.66,37.61,3.17,430.59,0,981.89,0.73
2022-01-01 17:30:00,Station_25,33.09627210855257,-105.21783115417782,Agricultural,-6.39,62.87,7.48,616.54,2,1011.56,0.84
2022-01-01 17:35:00,Station_25,26.948973480883602,-74.4128950283602,Agricultural,-9.74,32.66,1.7,756.13,10,1038.81,0.4
2022-01-01 17:40:00,Station_25,42.7118150548697,-62.8866045693988,Barren,27.63,68.49,5.43,556.95,6,1009.03,0.12
2022-01-01 17:45:00,Station_25,42.166670269808336,-79.8185522227453,Forest,34.05,79.34,1.31,204.05,0,1036.96,0.22
2022-01-01 17:50:00,Station_25,45.85474349413518,-92.02542215009913,Forest,32.92,31.37,2.79,278.92,7,1035.02,0.11
2022-01-01 17:55:00,Station_25,34.60623449236159,-112.74567011280661,Agricultural,19.51,76.99,3.29,189.75,3,1020.27,0.59
2022-01-01 18:00:00,Station_25,31.64668839757195,-64.5625553706214,Agricultural,-5.67,49.44,13.65,412.55,9,1024.4,0.4
2022-01-01 18:05:00,Station_25,40.56795338338612,-96.36480018876853,Barren,26.77,49.44,8.83,520.92,8,987.19,0.65
2022-01-01 18:10:00,Station_25,29.82463086427916,-104.79328351153532,Barren,-6.67,71.1,0.79,420.64,8,1042.36,0.69
2022-01-01 18:15:00,Station_25,29.025559060815944,-90.11143089334368,Barren,14.84,70.84,7.79,513.44,9,1023.36,0.66
2022-01-01 18:20:00,Station_25,32.29997929540097,-88.49990503927464,Agricultural,12.22,44.54,9.69,754.31,2,1002.03,0.74
2022-01-01 18:25:00,Station_25,41.86432853829311,-100.76074036336274,Agricultural,25.2,77.85,0.31,642.73,9,994.49,0.9
2022-01-01 18:30:00,Station_25,32.48680396322198,-105.0228143118716,Water,27.64,61.37,13.55,699.61,7,1045.9,0.45
2022-01-01 18:35:00,Station_25,32.61099964133299,-95.1018429838734,Forest,-3.48,31.42,2.53,177.86,1,1008.97,0.19
2022-01-01 18:40:00,Station_25,41.66959483361664,-81.89091491384374,Forest,-3.74,83.17,11.47,660.26,5,1010.65,0.84
2022-01-01 18:45:00,Station_25,35.02859221309226,-63.148425607000945,Agricultural,18.88,41.15,6.75,966.39,9,997.72,0.64
2022-01-01 18:50:00,Station_25,32.00652434370604,-92.90541113583913,Agricultural,-8.31,77.33,14.6,708.29,7,1045.85,0.15
2022-01-01 18:55:00,Station_25,37.62412408259729,-103.66396393860069,Urban,28.14,51.4,13.59,179.15,10,1011.16,0.14
2022-01-01 19:00:00,Station_25,35.30863382441096,-120.44516913440135,Forest,15.64,63.07,6.07,874.0,0,1012.17,0.79
2022-01-01 19:05:00,Station_25,41.14599227983025,-92.31307787140597,Water,-1.34,77.39,5.49,722.43,5,990.67,0.56
2022-01-01 19:10:00,Station_25,32.865731750691154,-63.97415538713276,Barren,8.47,55.61,14.93,936.83,9,995.52,0.81
2022-01-01 19:15:00,Station_25,36.79407093969318,-90.4200350441119,Agricultural,4.14,78.46,12.68,391.43,3,982.63,0.34
2022-01-01 19:20:00,Station_25,27.49089194603721,-78.1852113929798,Water,17.45,42.68,6.28,718.03,9,1023.46,0.64
2022-01-01 19:25:00,Station_25,30.96933314784312,-62.720536870266415,Agricultural,2.09,63.13,4.96,695.8,3,1048.79,0.23
2022-01-01 19:30:00,Station_25,32.03216356384546,-92.44392194783542,Barren,33.06,85.43,8.22,100.75,0,1038.75,0.34
2022-01-01 19:35:00,Station_25,43.602803613713775,-66.7020842236636,Agricultural,17.05,33.99,11.21,632.41,5,1044.99,0.65
2022-01-01 19:40:00,Station_25,26.966608245219284,-78.2389128988647,Water,8.91,82.55,5.76,801.88,6,1030.41,0.64
2022-01-01 19:45:00,Station_25,28.47809357497119,-110.79167763600537,Barren,32.14,54.1,1.11,122.93,8,1042.73,0.87
2022-01-01 19:50:00,Station_25,32.6473015697464,-78.69602102939442,Barren,22.51,70.84,5.75,724.3,3,981.4,0.12
2022-01-01 19:55:00,Station_25,25.196913633556367,-70.4513907253978,Water,-9.42,37.0,11.92,682.2,6,1015.98,0.18
2022-01-01 20:00:00,Station_25,43.35270429313141,-81.02160797107284,Water,4.22,44.92,5.13,826.47,1,1039.97,0.8
2022-01-01 20:05:00,Station_25,32.365757234350134,-106.13979731604937,Urban,16.79,66.05,3.88,879.52,6,1017.15,0.34
2022-01-01 20:10:00,Station_25,39.91006424015519,-83.82503789574932,Barren,24.18,61.86,7.24,605.31,3,1023.6,0.81
2022-01-01 20:15:00,Station_25,44.31152461977207,-86.67178589011753,Forest,17.96,40.11,9.71,202.88,8,1024.68,0.41
2022-01-01 20:20:00,Station_25,38.38207189525997,-111.57449270641354,Water,7.31,78.55,14.74,411.71,1,1035.7,0.72
2022-01-01 20:25:00,Station_25,44.551826196386195,-96.82471206736605,Urban,22.24,62.26,7.34,372.92,6,1022.42,0.25
2022-01-01 20:30:00,Station_25,32.6523502134662,-101.22310426359492,Barren,14.43,67.69,8.78,182.95,9,984.83,0.53
2022-01-01 20:35:00,Station_25,25.004159386161266,-110.21464816228911,Water,13.81,73.24,14.45,610.7,3,1011.19,0.83
2022-01-01 20:40:00,Station_25,36.24365012543378,-95.43427721996416,Agricultural,23.01,49.0,5.22,759.06,2,990.82,0.76
2022-01-01 20:45:00,Station_25,30.14351903369242,-81.91621503917001,Forest,6.24,70.4,13.58,372.16,6,1034.27,0.57
2022-01-01 20:50:00,Station_25,25.347721178755492,-71.99839268435235,Agricultural,15.7,33.58,7.3,485.73,2,1031.6,0.75
2022-01-01 20:55:00,Station_25,47.06628272249026,-66.60764005466545,Water,10.36,48.41,6.14,320.91,5,1008.99,0.41
2022-01-01 21:00:00,Station_25,46.37000778261866,-66.88352790308181,Forest,6.95,64.18,12.39,836.12,3,1010.07,0.54
2022-01-01 21:05:00,Station_25,46.15638824235714,-107.16188811549168,Forest,9.44,64.11,13.78,633.17,1,1001.24,0.55
2022-01-01 21:10:00,Station_25,26.261299368639897,-104.14247713757005,Water,26.6,60.46,5.91,154.59,3,980.72,0.78
2022-01-01 21:15:00,Station_25,45.5429968483959,-88.28628377861232,Agricultural,32.4,76.66,5.82,847.6,10,981.85,0.2
2022-01-01 21:20:00,Station_25,34.21458231446965,-89.67534035050267,Urban,11.99,83.19,8.14,537.5,7,1020.55,0.15
2022-01-01 21:25:00,Station_25,35.77164907663485,-97.3334164597509,Agricultural,15.87,75.58,5.42,987.65,10,1048.4,0.26
2022-01-01 21:30:00,Station_25,48.79233688776672,-116.07322633168076,Water,18.57,82.41,9.24,290.06,8,1027.04,0.19
2022-01-01 21:35:00,Station_25,42.12922732315661,-61.217657010099884,Agricultural,20.26,77.12,4.38,500.47,1,1032.0,0.76
2022-01-01 21:40:00,Station_25,31.56351468993705,-67.76860953765974,Barren,-3.61,42.38,9.88,891.43,1,997.2,0.28
2022-01-01 21:45:00,Station_25,41.36915815147006,-83.90806169396294,Forest,30.93,79.51,6.79,760.39,9,1009.36,0.29
2022-01-01 21:50:00,Station_25,45.48071964605106,-116.30456795989357,Barren,11.1,51.45,9.09,495.34,4,1041.23,0.78
2022-01-01 21:55:00,Station_25,49.44258000289038,-91.9716306778036,Barren,20.88,76.89,3.09,271.7,6,1042.99,0.38
2022-01-01 22:00:00,Station_25,46.94220641563891,-97.2231320547562,Barren,27.28,87.45,2.85,310.37,8,1035.99,0.47
2022-01-01 22:05:00,Station_25,37.29321965644928,-106.28361466382816,Forest,-9.53,56.15,11.81,426.13,9,1003.89,0.71
2022-01-01 22:10:00,Station_25,37.11477855872609,-64.55294536904681,Urban,-1.63,79.85,5.44,585.65,6,981.98,0.67
2022-01-01 22:15:00,Station_25,30.87328436498178,-75.94640161142965,Urban,30.28,57.21,8.17,250.18,5,1003.84,0.51
2022-01-01 22:20:00,Station_25,44.508793521170375,-64.3803304583511,Water,27.26,51.93,9.03,989.42,10,1043.99,0.87
2022-01-01 22:25:00,Station_25,42.430682344634576,-68.8552405291864,Forest,33.47,77.14,9.91,583.35,0,1036.19,0.17
2022-01-01 22:30:00,Station_25,34.20670565042052,-124.61408168475008,Forest,23.26,66.02,11.97,200.69,7,1044.49,0.33
2022-01-01 22:35:00,Station_25,35.41450828845949,-95.60112664949735,Water,17.26,38.55,7.67,465.09,8,1009.5,0.49
2022-01-01 22:40:00,Station_25,46.191141255784814,-113.54123442237884,Urban,9.26,37.36,13.1,934.57,9,1026.3,0.16
2022-01-01 22:45:00,Station_25,31.200522454513944,-60.881268911879644,Water,27.37,59.21,13.63,704.68,8,1049.41,0.43
2022-01-01 22:50:00,Station_25,30.85742558134984,-114.3705014897382,Agricultural,32.54,35.53,10.58,783.67,3,982.47,0.54
2022-01-01 22:55:00,Station_25,31.168592835347592,-106.23364937518323,Barren,26.52,64.74,4.48,174.57,0,1028.73,0.39
2022-01-01 23:00:00,Station_25,31.63675272701088,-92.15775472530926,Forest,-7.09,67.92,2.68,843.16,7,1041.96,0.84
2022-01-01 23:05:00,Station_25,25.31738942970847,-122.49053037741582,Barren,32.48,34.18,8.51,587.57,1,997.68,0.88
2022-01-01 23:10:00,Station_25,27.731618046781666,-84.64203627588685,Water,23.25,75.55,12.41,727.02,1,1007.54,0.82
2022-01-01 23:15:00,Station_25,43.392540832958446,-101.4611215020496,Agricultural,5.5,47.4,11.29,158.84,1,1048.69,0.69
2022-01-01 23:20:00,Station_25,42.15128885671476,-75.08192831512739,Forest,-9.42,79.27,9.41,895.46,4,986.42,0.4
2022-01-01 23:25:00,Station_25,39.52360795519493,-107.23939759437759,Forest,-2.52,89.72,10.43,429.62,9,996.51,0.85
2022-01-01 23:30:00,Station_25,34.68256617921024,-77.1863022371355,Forest,-7.9,55.67,7.45,297.03,3,1002.74,0.16
2022-01-01 23:35:00,Station_25,31.513303778465655,-121.62063183198995,Forest,1.48,69.12,8.6,532.72,0,1026.91,0.89
2022-01-01 23:40:00,Station_25,29.385716457915667,-77.95838038637977,Agricultural,24.09,52.15,1.35,646.67,10,1027.33,0.77
2022-01-01 23:45:00,Station_25,31.97671465956172,-72.23607125425326,Agricultural,26.74,41.95,12.21,203.57,6,980.46,0.34
2022-01-01 23:50:00,Station_25,27.369319183066548,-112.38952339409558,Barren,23.09,65.64,14.84,580.71,8,981.44,0.62
2022-01-01 23:55:00,Station_25,37.71595186557208,-74.36733118862938,Water,32.67,44.77,11.43,474.31,1,990.78,0.49
2022-01-01 00:00:00,Station_26,48.63779051469013,-89.0223013631792,Agricultural,10.08,38.79,14.64,146.36,8,980.99,0.53
2022-01-01 00:05:00,Station_26,34.78490345139522,-102.21117645792108,Agricultural,1.13,70.8,8.25,787.37,0,1000.36,0.88
2022-01-01 00:10:00,Station_26,27.726982962935246,-99.86741392122813,Water,-4.27,38.2,1.97,865.14,2,1013.87,0.73
2022-01-01 00:15:00,Station_26,36.59073696753414,-85.18682022634839,Barren,22.88,39.32,2.24,376.66,10,1009.71,0.63
2022-01-01 00:20:00,Station_26,35.86767484367515,-123.86655033853923,Water,16.08,36.6,2.77,578.81,7,1021.56,0.43
2022-01-01 00:25:00,Station_26,28.68918823363505,-94.74533194773679,Urban,22.24,47.54,6.88,279.37,9,1014.66,0.18
2022-01-01 00:30:00,Station_26,33.64936401268162,-101.56675217620273,Water,0.57,80.83,8.98,697.59,4,1034.7,0.36
2022-01-01 00:35:00,Station_26,33.969714544585706,-62.711897190983905,Barren,9.48,72.43,5.33,662.39,2,1001.79,0.77
2022-01-01 00:40:00,Station_26,29.095225842156587,-76.24372519887368,Water,8.16,63.83,6.74,400.87,8,1020.95,0.35
2022-01-01 00:45:00,Station_26,45.2236029873316,-119.24743041020086,Urban,-8.56,65.59,13.14,137.88,4,1045.22,0.54
2022-01-01 00:50:00,Station_26,46.608960403421136,-79.227860736778,Barren,6.19,87.04,13.89,273.25,7,1000.24,0.74
2022-01-01 00:55:00,Station_26,47.71430598307579,-97.51719024662762,Urban,2.81,71.23,6.0,816.63,9,1008.4,0.6
2022-01-01 01:00:00,Station_26,43.321355828421325,-72.01985484876262,Barren,10.58,80.25,7.04,480.07,6,1049.88,0.15
2022-01-01 01:05:00,Station_26,41.38735200539415,-60.756424838881685,Forest,5.94,47.9,5.06,275.31,6,1001.62,0.58
2022-01-01 01:10:00,Station_26,36.39227237745528,-117.23778633045995,Agricultural,16.28,85.3,1.45,808.82,5,985.48,0.47
2022-01-01 01:15:00,Station_26,38.81421840009479,-105.72925555189038,Agricultural,-9.9,69.47,7.02,985.95,9,1006.73,0.81
2022-01-01 01:20:00,Station_26,37.64059570258904,-62.58439495933138,Agricultural,-4.55,71.44,2.92,984.79,4,1046.43,0.44
2022-01-01 01:25:00,Station_26,41.50410790394483,-96.88935338954354,Barren,-6.26,40.88,2.66,162.38,3,1049.67,0.7
2022-01-01 01:30:00,Station_26,45.91653111763429,-100.38109145606883,Barren,5.45,34.62,13.68,523.66,7,1025.22,0.65
2022-01-01 01:35:00,Station_26,25.345516205055702,-82.10226266769045,Barren,20.49,30.57,12.01,395.36,5,1043.59,0.88
2022-01-01 01:40:00,Station_26,49.52012835374521,-100.8994301757105,Agricultural,25.47,50.75,13.01,990.86,0,985.84,0.57
2022-01-01 01:45:00,Station_26,27.683016490471083,-80.32712449696947,Water,13.0,69.3,10.53,769.66,0,1006.38,0.7
2022-01-01 01:50:00,Station_26,47.16110270761848,-116.59839374938012,Urban,17.85,68.07,1.35,245.31,0,1046.84,0.13
2022-01-01 01:55:00,Station_26,35.20202492982045,-95.29271964342183,Urban,-5.02,33.82,11.27,775.34,7,990.93,0.6
2022-01-01 02:00:00,Station_26,40.34204538236609,-68.37832343550659,Urban,-9.81,62.29,9.41,350.48,7,983.46,0.59
2022-01-01 02:05:00,Station_26,41.45439217303834,-67.99716290490542,Barren,27.52,37.18,13.55,934.36,3,1004.7,0.38
2022-01-01 02:10:00,Station_26,31.558464911719824,-89.7660618849671,Urban,12.96,80.34,10.65,134.28,7,1044.31,0.64
2022-01-01 02:15:00,Station_26,35.67195472359595,-74.836520822044,Forest,18.62,34.08,14.12,723.71,7,1043.91,0.88
2022-01-01 02:20:00,Station_26,32.92825772108999,-124.89668141490222,Forest,28.31,43.07,6.58,171.98,10,1006.23,0.54
2022-01-01 02:25:00,Station_26,33.024266978667654,-84.5716804482115,Urban,16.26,82.44,9.8,438.65,6,1043.58,0.77
2022-01-01 02:30:00,Station_26,32.956159466050835,-119.19136072113439,Urban,12.11,85.1,9.31,445.46,3,1049.78,0.73
2022-01-01 02:35:00,Station_26,25.976181889178076,-94.95667757299876,Forest,18.59,47.65,1.75,145.81,5,1010.18,0.56
2022-01-01 02:40:00,Station_26,47.589289336494986,-91.98187058237518,Barren,14.72,42.66,6.95,612.45,7,1032.32,0.75
2022-01-01 02:45:00,Station_26,43.52031565552102,-113.42413143383101,Forest,-4.93,81.93,9.34,860.82,8,1046.79,0.13
2022-01-01 02:50:00,Station_26,34.94582935594596,-70.85156959270833,Barren,-5.71,38.19,0.84,967.92,8,1038.67,0.88
2022-01-01 02:55:00,Station_26,46.33661438076052,-97.32081955352432,Agricultural,-9.74,76.86,0.9,951.55,5,984.65,0.58
2022-01-01 03:00:00,Station_26,26.740424510939935,-112.80353230274147,Water,7.85,36.86,14.67,907.62,8,1007.96,0.87
2022-01-01 03:05:00,Station_26,35.39593531666783,-108.40396372012387,Water,11.49,77.17,10.05,532.73,3,1036.0,0.14
2022-01-01 03:10:00,Station_26,31.139285626726178,-84.44928433213295,Forest,20.74,30.55,14.74,872.19,8,986.57,0.27
2022-01-01 03:15:00,Station_26,47.217027177138796,-88.47908771275132,Urban,33.84,87.46,11.09,596.67,3,985.98,0.8
2022-01-01 03:20:00,Station_26,33.948921078659396,-114.48435282654339,Water,-0.57,69.06,1.64,811.65,3,1026.9,0.25
2022-01-01 03:25:00,Station_26,40.354379464928584,-103.45318018052869,Barren,12.63,86.45,14.24,366.4,2,1036.05,0.89
2022-01-01 03:30:00,Station_26,25.644098997953066,-104.19496293789972,Agricultural,14.18,68.56,13.14,345.97,9,1041.22,0.36
2022-01-01 03:35:00,Station_26,47.80602778775871,-122.28319200189587,Forest,29.47,52.79,6.09,314.4,9,1037.35,0.31
2022-01-01 03:40:00,Station_26,42.613089757726875,-75.8533138430023,Water,26.18,32.85,1.14,306.68,10,1008.97,0.84
2022-01-01 03:45:00,Station_26,46.51962900343806,-120.42741981037398,Urban,22.91,59.32,1.17,836.39,5,1033.12,0.76
2022-01-01 03:50:00,Station_26,40.705536654720156,-78.81598593615035,Urban,30.06,79.48,14.21,604.12,9,1049.6,0.21
2022-01-01 03:55:00,Station_26,37.52569494857073,-101.15974016425267,Urban,12.65,48.32,2.14,235.05,8,982.47,0.78
2022-01-01 04:00:00,Station_26,32.16131058847091,-69.77254046232301,Urban,22.39,75.4,0.25,914.84,8,980.8,0.31
2022-01-01 04:05:00,Station_26,49.540089436491456,-69.56719098306525,Barren,24.31,55.35,6.1,986.9,4,1004.71,0.68
2022-01-01 04:10:00,Station_26,30.389336823979548,-60.2525383869998,Forest,17.53,31.7,0.88,442.34,10,1012.85,0.31
2022-01-01 04:15:00,Station_26,40.61588271401264,-81.22429904415674,Barren,32.94,55.23,7.2,183.83,6,1032.46,0.89
2022-01-01 04:20:00,Station_26,33.19489266952901,-86.08995208776533,Urban,21.21,53.25,11.99,837.19,1,1044.1,0.2
2022-01-01 04:25:00,Station_26,48.93194958364457,-104.37818447079651,Forest,10.48,42.27,1.36,433.29,2,1000.07,0.57
2022-01-01 04:30:00,Station_26,29.087543957897978,-82.86654502928329,Agricultural,8.04,84.58,1.93,498.93,6,1010.82,0.56
2022-01-01 04:35:00,Station_26,42.066798213434694,-100.71227143417536,Urban,15.73,80.83,8.16,783.22,4,1032.93,0.51
2022-01-01 04:40:00,Station_26,42.831483842322505,-110.97111412606678,Water,14.89,31.2,2.44,309.35,10,981.37,0.9
2022-01-01 04:45:00,Station_26,28.942957902970832,-69.75426142862864,Forest,29.81,59.45,7.23,801.12,10,993.69,0.24
2022-01-01 04:50:00,Station_26,43.46029987893762,-111.1806648702794,Urban,2.19,51.72,13.98,294.22,10,989.56,0.19
2022-01-01 04:55:00,Station_26,43.09269309387309,-60.05350608303772,Agricultural,7.44,32.62,7.88,410.25,5,1031.73,0.31
2022-01-01 05:00:00,Station_26,27.683957428192123,-100.49711358605528,Urban,26.32,33.99,12.29,230.07,9,986.99,0.57
2022-01-01 05:05:00,Station_26,45.931102506585226,-82.62706553757806,Barren,-3.81,65.17,1.05,562.58,7,999.61,0.27
2022-01-01 05:10:00,Station_26,28.962072874573433,-89.15218981842226,Water,-8.72,63.99,13.47,385.89,7,1046.58,0.47
2022-01-01 05:15:00,Station_26,33.55434759234353,-104.09729476498751,Agricultural,4.79,72.95,10.93,773.1,0,1017.74,0.74
2022-01-01 05:20:00,Station_26,37.258534240881964,-72.23589459903286,Water,19.71,71.77,5.58,235.26,6,991.71,0.73
2022-01-01 05:25:00,Station_26,46.557538171867066,-115.79198538211503,Urban,29.45,57.27,7.31,617.92,2,1031.38,0.64
2022-01-01 05:30:00,Station_26,38.66682507673757,-104.58174275937861,Agricultural,-6.33,86.95,6.64,868.32,1,1049.32,0.58
2022-01-01 05:35:00,Station_26,30.466537923835023,-67.19017925435601,Water,26.7,54.99,6.49,984.43,7,1016.4,0.19
2022-01-01 05:40:00,Station_26,34.32947753535853,-99.9461620585854,Forest,-1.37,70.2,3.46,153.64,6,1030.26,0.16
2022-01-01 05:45:00,Station_26,40.65421124082638,-89.61123683489718,Forest,27.19,42.86,9.2,910.79,5,1039.69,0.18
2022-01-01 05:50:00,Station_26,27.388899892449547,-100.1703033893441,Water,10.35,68.24,7.61,211.99,8,1034.5,0.49
2022-01-01 05:55:00,Station_26,29.334056204039886,-86.79214882601732,Urban,26.79,67.04,14.05,355.05,7,1002.17,0.74
2022-01-01 06:00:00,Station_26,32.26081716171409,-64.75650956267727,Water,-1.22,78.05,14.71,693.2,10,1048.32,0.2
2022-01-01 06:05:00,Station_26,25.11044053545163,-73.02314953409666,Barren,21.92,85.0,10.07,417.0,4,1021.66,0.12
2022-01-01 06:10:00,Station_26,35.94800479119057,-112.54446593931219,Water,33.33,74.68,4.21,734.15,1,1048.58,0.53
2022-01-01 06:15:00,Station_26,34.53905733571929,-80.08440130699422,Agricultural,4.88,53.78,12.41,552.35,7,987.64,0.57
2022-01-01 06:20:00,Station_26,30.06364698403408,-87.70610898278414,Agricultural,19.02,47.13,13.47,678.27,4,1038.14,0.54
2022-01-01 06:25:00,Station_26,25.698088855133022,-103.3219505238763,Urban,7.25,74.07,6.27,858.8,4,1015.84,0.16
2022-01-01 06:30:00,Station_26,49.17579059367016,-103.65127284065773,Urban,23.05,45.97,9.13,215.34,10,1007.06,0.68
2022-01-01 06:35:00,Station_26,37.0680466057998,-113.74364558558,Agricultural,31.48,81.67,12.13,829.31,3,1020.84,0.38
2022-01-01 06:40:00,Station_26,42.07763445263475,-95.33082036760493,Urban,11.12,76.38,10.06,465.54,1,1006.87,0.3
2022-01-01 06:45:00,Station_26,42.65855968193061,-72.98313714064173,Agricultural,20.04,48.69,5.73,487.93,9,1005.84,0.48
2022-01-01 06:50:00,Station_26,29.70080394041603,-82.71742603696985,Agricultural,5.8,47.39,2.57,564.61,3,1043.21,0.15
2022-01-01 06:55:00,Station_26,32.39827799221471,-106.4329117493965,Barren,1.16,62.05,0.22,679.61,8,1006.91,0.41
2022-01-01 07:00:00,Station_26,33.973686356219915,-111.35228985496869,Water,16.83,59.79,14.91,679.29,3,1020.57,0.54
2022-01-01 07:05:00,Station_26,36.03935646616758,-99.32639516751851,Urban,14.94,50.8,1.87,985.6,4,982.93,0.78
2022-01-01 07:10:00,Station_26,42.23911667556021,-61.33120802906451,Water,28.15,81.2,13.09,370.97,5,983.24,0.79
2022-01-01 07:15:00,Station_26,41.85886824041188,-78.52910134288305,Water,21.82,49.76,6.66,190.16,0,981.4,0.88
2022-01-01 07:20:00,Station_26,29.111695756288775,-75.38114784351617,Forest,34.74,64.63,14.71,962.76,3,994.32,0.23
2022-01-01 07:25:00,Station_26,28.061323311102456,-105.02067926128203,Barren,20.09,69.53,8.56,922.29,9,994.99,0.87
2022-01-01 07:30:00,Station_26,27.66501748230658,-66.91340359648572,Water,-6.77,78.44,3.28,870.4,2,1033.02,0.49
2022-01-01 07:35:00,Station_26,25.916208719898094,-116.89249186834986,Urban,-4.42,56.56,7.68,126.69,7,1013.64,0.38
2022-01-01 07:40:00,Station_26,44.88007559346303,-120.38702025829228,Water,19.92,71.6,4.06,320.76,6,1020.0,0.65
2022-01-01 07:45:00,Station_26,27.165027176023514,-115.2411940932284,Water,15.91,76.03,9.4,735.45,0,984.6,0.29
2022-01-01 07:50:00,Station_26,32.66969621919497,-86.56381202961661,Water,-3.42,80.78,0.18,925.05,6,1038.37,0.77
2022-01-01 07:55:00,Station_26,44.888860564680215,-113.81898383222085,Urban,-7.05,36.54,2.54,485.12,9,1002.08,0.83
2022-01-01 08:00:00,Station_26,49.23465978375095,-101.20775796377293,Forest,3.59,65.54,7.52,564.91,1,1048.08,0.38
2022-01-01 08:05:00,Station_26,28.40033981395691,-93.79298481195309,Barren,24.53,41.08,14.11,126.82,5,1039.69,0.23
2022-01-01 08:10:00,Station_26,43.62510601549497,-87.56631189685126,Agricultural,21.9,49.22,12.11,158.52,7,1046.12,0.21
2022-01-01 08:15:00,Station_26,31.47691750510709,-77.99827870812487,Forest,7.39,49.53,12.16,999.4,4,1019.79,0.56
2022-01-01 08:20:00,Station_26,26.190327363219925,-123.69591013676178,Water,-5.9,58.6,10.73,400.26,3,1019.04,0.74
2022-01-01 08:25:00,Station_26,32.641341166417604,-95.39104467796571,Agricultural,32.9,57.3,12.98,928.48,3,1023.86,0.29
2022-01-01 08:30:00,Station_26,38.90825055446369,-79.25035256865787,Agricultural,16.3,48.56,9.37,227.85,7,1027.01,0.49
2022-01-01 08:35:00,Station_26,32.7996656434006,-93.11954357023424,Urban,2.82,76.66,14.4,538.45,8,1035.06,0.31
2022-01-01 08:40:00,Station_26,46.821974447030115,-104.82088378754851,Barren,-5.61,65.66,4.73,115.84,10,1045.02,0.23
2022-01-01 08:45:00,Station_26,48.288296208991554,-105.38670975141592,Urban,23.56,52.71,6.08,691.33,3,1047.46,0.33
2022-01-01 08:50:00,Station_26,49.83766022059939,-101.658924363784,Barren,-3.91,76.36,5.27,267.33,0,1038.5,0.73
2022-01-01 08:55:00,Station_26,42.9262226010585,-101.69689231909311,Agricultural,3.18,52.15,12.66,300.59,6,1024.5,0.83
2022-01-01 09:00:00,Station_26,44.58044433680355,-64.20813562967692,Water,8.17,59.39,10.2,984.17,9,1026.05,0.16
2022-01-01 09:05:00,Station_26,31.931854700825028,-61.04761690439234,Water,8.5,34.52,12.33,795.59,6,1047.89,0.26
2022-01-01 09:10:00,Station_26,29.87864295805577,-89.15862472264507,Forest,-2.07,81.01,0.92,551.06,1,987.94,0.65
2022-01-01 09:15:00,Station_26,49.860383972738404,-84.57087590379288,Agricultural,2.81,45.42,10.71,788.51,6,1011.73,0.49
2022-01-01 09:20:00,Station_26,32.72455814337019,-123.22908900310102,Forest,21.34,81.11,0.49,885.88,5,986.64,0.81
2022-01-01 09:25:00,Station_26,42.70458636993281,-81.77826912775669,Urban,17.85,65.22,3.55,149.3,9,984.84,0.49
2022-01-01 09:30:00,Station_26,49.69415097055149,-76.98240601196427,Barren,5.87,47.12,7.09,636.02,6,1010.24,0.78
2022-01-01 09:35:00,Station_26,33.77277088056305,-78.64895812735205,Barren,17.92,74.43,5.75,101.18,10,1039.83,0.5
2022-01-01 09:40:00,Station_26,33.25472411125993,-60.45118140358221,Water,-8.92,68.79,3.81,733.91,5,1017.64,0.88
2022-01-01 09:45:00,Station_26,34.348964684442315,-69.53971009907522,Barren,20.78,86.16,9.12,855.31,10,992.21,0.11
2022-01-01 09:50:00,Station_26,41.31335647343661,-122.21770684055709,Barren,3.32,35.32,8.8,961.9,3,1000.4,0.74
2022-01-01 09:55:00,Station_26,29.876024785282038,-106.66930956276809,Water,34.77,72.07,2.53,879.69,8,982.37,0.28
2022-01-01 10:00:00,Station_26,32.61727344135701,-124.93053170385856,Agricultural,9.28,64.95,10.16,462.04,3,1031.51,0.6
2022-01-01 10:05:00,Station_26,33.42013068820788,-82.4106553959862,Forest,-3.02,77.94,10.31,471.47,3,989.71,0.47
2022-01-01 10:10:00,Station_26,31.154040044177506,-97.06281285488157,Agricultural,21.27,33.63,8.57,953.81,2,1036.19,0.58
2022-01-01 10:15:00,Station_26,45.29675814827063,-103.18002643580998,Agricultural,29.32,85.41,6.36,173.67,8,1003.75,0.76
2022-01-01 10:20:00,Station_26,48.249765183455494,-111.87918303788236,Urban,-2.49,31.21,2.33,975.81,2,1010.96,0.37
2022-01-01 10:25:00,Station_26,41.926233912843855,-114.67797231194953,Forest,19.84,39.41,7.35,486.59,5,1033.89,0.47
2022-01-01 10:30:00,Station_26,27.975988002448226,-109.9276215351729,Forest,-5.02,78.43,10.55,148.16,3,1040.05,0.58
2022-01-01 10:35:00,Station_26,38.03898127346856,-94.2364108090564,Urban,24.62,62.37,11.05,405.23,3,1022.29,0.75
2022-01-01 10:40:00,Station_26,46.72952417312521,-107.40583377592478,Barren,6.59,71.17,12.59,214.3,3,1020.99,0.55
2022-01-01 10:45:00,Station_26,39.08875123897244,-106.07701157985336,Urban,15.52,67.4,13.11,764.01,9,1021.99,0.35
2022-01-01 10:50:00,Station_26,29.826085484284953,-96.8224380342183,Forest,11.19,83.88,13.37,115.39,2,1039.2,0.37
2022-01-01 10:55:00,Station_26,40.45273208039979,-114.34714245451565,Barren,-8.39,48.35,13.39,476.08,8,1017.02,0.37
2022-01-01 11:00:00,Station_26,31.142398040162178,-92.41828259481372,Urban,25.5,78.41,10.23,364.98,4,1049.48,0.47
2022-01-01 11:05:00,Station_26,35.07215787518391,-112.55182281202562,Forest,-8.12,83.5,12.81,415.37,2,1023.95,0.49
2022-01-01 11:10:00,Station_26,33.935456259012994,-80.98529507832828,Urban,-2.46,59.82,12.23,786.44,1,1032.83,0.29
2022-01-01 11:15:00,Station_26,35.663579382065755,-84.52599261888713,Urban,-2.12,44.68,7.41,793.99,4,1034.33,0.18
2022-01-01 11:20:00,Station_26,45.59125123286817,-62.556130361944255,Urban,18.31,77.69,14.55,381.6,7,1012.29,0.75
2022-01-01 11:25:00,Station_26,33.142435358958714,-102.17544038622876,Agricultural,29.2,33.92,9.17,360.92,6,997.9,0.15
2022-01-01 11:30:00,Station_26,28.601928301667854,-71.35696693663164,Water,-0.33,82.05,7.23,140.47,9,1044.44,0.33
2022-01-01 11:35:00,Station_26,37.63415952267589,-78.47988273716236,Forest,20.58,43.1,8.12,354.4,0,1026.23,0.79
2022-01-01 11:40:00,Station_26,33.445535439214595,-75.28294404457789,Forest,3.89,58.57,12.59,835.18,10,1042.24,0.82
2022-01-01 11:45:00,Station_26,26.52514725545787,-105.98425106117217,Barren,27.76,54.29,13.57,910.59,1,1013.48,0.29
2022-01-01 11:50:00,Station_26,25.537905372913652,-94.7910695973035,Barren,34.0,39.5,4.08,126.36,10,1035.56,0.24
2022-01-01 11:55:00,Station_26,37.27732777034706,-106.89818603748554,Agricultural,5.51,79.55,4.18,978.04,10,991.8,0.72
2022-01-01 12:00:00,Station_26,28.76064492693355,-93.78447085794885,Water,17.29,57.93,11.47,231.81,0,1010.33,0.84
2022-01-01 12:05:00,Station_26,34.117278066199916,-124.69939341092415,Forest,-7.98,73.53,2.04,479.15,9,1024.11,0.53
2022-01-01 12:10:00,Station_26,32.437772689311416,-104.15782362961727,Agricultural,34.42,87.46,8.38,944.61,2,1022.1,0.1
2022-01-01 12:15:00,Station_26,25.859220410201313,-72.0499041914932,Forest,31.62,53.84,5.17,593.78,10,1045.89,0.35
2022-01-01 12:20:00,Station_26,42.27172503310255,-63.99708595054927,Agricultural,9.58,81.94,10.12,307.4,2,997.4,0.72
2022-01-01 12:25:00,Station_26,42.28014839407845,-110.4039390644468,Agricultural,22.85,68.83,14.22,874.19,9,1016.28,0.34
2022-01-01 12:30:00,Station_26,27.509525285404585,-106.91286941013973,Urban,-2.29,75.08,12.51,790.67,1,1010.8,0.45
2022-01-01 12:35:00,Station_26,28.011725535747466,-89.0697577082654,Agricultural,7.33,76.04,10.22,332.13,9,1020.44,0.62
2022-01-01 12:40:00,Station_26,43.562371874789065,-68.5198074845958,Water,1.17,79.71,13.14,590.84,2,993.38,0.75
2022-01-01 12:45:00,Station_26,46.20602045086541,-123.01404636136228,Urban,3.04,84.63,2.74,294.87,1,1038.95,0.59
2022-01-01 12:50:00,Station_26,37.61328905969252,-95.41491794005981,Forest,1.35,50.45,1.97,383.21,7,996.27,0.5
2022-01-01 12:55:00,Station_26,34.911190991167224,-86.69913197573717,Forest,-4.86,74.99,7.19,385.78,8,1021.15,0.84
2022-01-01 13:00:00,Station_26,39.37004170915945,-94.43318391087652,Forest,13.55,34.78,3.28,194.84,0,981.86,0.16
2022-01-01 13:05:00,Station_26,27.066586451949295,-124.16851522450658,Forest,18.39,78.88,7.52,115.53,3,1015.13,0.13
2022-01-01 13:10:00,Station_26,45.49839288975585,-63.106819161021,Urban,14.4,47.1,11.33,538.35,5,1000.36,0.24
2022-01-01 13:15:00,Station_26,34.28601314562046,-117.61224991675726,Forest,30.8,74.5,11.6,275.53,10,1019.44,0.74
2022-01-01 13:20:00,Station_26,25.32840084547592,-105.9296121091562,Water,-5.33,31.25,2.08,723.57,3,1034.97,0.12
2022-01-01 13:25:00,Station_26,38.844531710307315,-115.20660394115299,Urban,5.8,40.04,13.85,284.8,10,986.38,0.46
2022-01-01 13:30:00,Station_26,35.55058375410491,-91.28516506591178,Urban,20.09,67.61,4.58,316.08,5,1037.85,0.28
2022-01-01 13:35:00,Station_26,41.438128292560975,-121.06698616207407,Forest,11.66,66.62,7.99,487.53,10,1010.11,0.25
2022-01-01 13:40:00,Station_26,28.840365969692478,-111.53934030664809,Agricultural,11.94,74.93,13.84,652.2,0,998.94,0.21
2022-01-01 13:45:00,Station_26,47.568656418669676,-123.25047288495252,Forest,1.25,34.88,5.42,986.01,2,995.72,0.84
2022-01-01 13:50:00,Station_26,32.48082024173856,-98.22949206033434,Water,4.56,76.71,11.81,327.27,8,997.96,0.89
2022-01-01 13:55:00,Station_26,30.28998822015908,-107.97890515917231,Forest,-2.24,55.63,9.21,718.12,9,1009.32,0.48
2022-01-01 14:00:00,Station_26,46.17063082130338,-99.8123101966868,Water,0.24,70.27,3.98,842.12,8,1041.84,0.42
2022-01-01 14:05:00,Station_26,38.46703000713785,-98.03780826971686,Urban,16.36,72.41,8.49,434.56,10,1001.79,0.27
2022-01-01 14:10:00,Station_26,35.36479665036917,-91.1321866540541,Agricultural,0.35,50.27,13.65,759.14,2,1041.25,0.65
2022-01-01 14:15:00,Station_26,30.21641844999826,-101.77327795420743,Urban,18.91,71.08,8.16,788.49,5,1002.81,0.47
2022-01-01 14:20:00,Station_26,27.054557631064984,-90.53808279906691,Agricultural,-9.02,47.26,12.04,847.57,3,1013.78,0.4
2022-01-01 14:25:00,Station_26,40.06376280391305,-63.97914109838005,Urban,-9.52,81.71,5.83,938.91,1,1006.11,0.31
2022-01-01 14:30:00,Station_26,35.36663369413043,-122.24878606338666,Barren,23.26,50.15,2.41,254.02,6,1033.7,0.5
2022-01-01 14:35:00,Station_26,38.97817634403443,-104.22545580954818,Urban,0.44,34.3,13.1,953.43,0,1041.64,0.77
2022-01-01 14:40:00,Station_26,34.53872695136118,-122.19506934388181,Agricultural,12.92,75.68,3.16,187.87,4,1004.62,0.89
2022-01-01 14:45:00,Station_26,41.615605239381935,-87.44491577071418,Water,15.72,34.07,2.94,550.9,9,993.85,0.32
2022-01-01 14:50:00,Station_26,47.78619310399863,-87.09821238805941,Agricultural,-4.87,46.52,9.63,262.43,6,1046.51,0.72
2022-01-01 14:55:00,Station_26,26.142633837752268,-123.74366961761609,Water,24.37,39.31,4.23,897.92,4,1040.36,0.87
2022-01-01 15:00:00,Station_26,37.734508300285555,-108.93404274959681,Forest,11.44,42.99,2.46,454.21,1,1044.37,0.54
2022-01-01 15:05:00,Station_26,43.98214068320401,-116.00387179262441,Urban,8.43,51.02,13.47,569.16,3,980.21,0.67
2022-01-01 15:10:00,Station_26,29.33214701423628,-100.6059025448627,Agricultural,1.04,50.59,2.15,566.81,4,1002.4,0.24
2022-01-01 15:15:00,Station_26,43.827065725041386,-97.75179919822412,Urban,1.55,73.73,7.37,774.62,5,1000.57,0.74
2022-01-01 15:20:00,Station_26,28.313962467389846,-91.65515696297028,Water,14.85,52.71,7.89,226.77,2,997.83,0.75
2022-01-01 15:25:00,Station_26,45.10502186009977,-83.4367814880687,Water,-5.27,73.65,0.31,595.09,8,1047.1,0.89
2022-01-01 15:30:00,Station_26,39.11894171603963,-86.3554256268533,Forest,32.68,49.98,7.5,145.31,7,1010.12,0.62
2022-01-01 15:35:00,Station_26,26.776638108002164,-105.8913182612988,Forest,24.98,33.27,12.7,599.6,2,1019.93,0.39
2022-01-01 15:40:00,Station_26,31.60280732651607,-77.79738035997637,Urban,12.45,82.19,12.54,973.89,0,1031.36,0.56
2022-01-01 15:45:00,Station_26,29.144224458512532,-84.32046751099307,Forest,5.6,69.62,1.39,985.24,1,1011.2,0.44
2022-01-01 15:50:00,Station_26,32.31149635176677,-123.91253251280331,Water,4.87,33.51,7.09,416.49,3,1045.38,0.18
2022-01-01 15:55:00,Station_26,27.500287421810345,-109.81544918854767,Urban,19.86,50.75,5.15,328.22,10,1033.27,0.33
2022-01-01 16:00:00,Station_26,37.28880706908299,-80.64784701523575,Barren,15.15,31.92,14.5,957.2,1,1048.91,0.85
2022-01-01 16:05:00,Station_26,31.093846342265536,-87.61684180263978,Forest,-2.08,88.64,6.61,325.38,3,998.89,0.77
2022-01-01 16:10:00,Station_26,37.008380034215875,-99.48211288160581,Water,1.29,78.22,3.81,448.5,10,1006.2,0.11
2022-01-01 16:15:00,Station_26,29.766032181153637,-88.08878084810328,Water,17.55,62.64,10.58,954.81,4,999.33,0.63
2022-01-01 16:20:00,Station_26,30.04929210140224,-88.31045578565491,Forest,10.17,46.62,9.26,121.04,1,986.56,0.25
2022-01-01 16:25:00,Station_26,35.85703323906652,-86.67732049098612,Urban,-7.07,37.87,5.36,545.04,3,986.69,0.71
2022-01-01 16:30:00,Station_26,35.674781614220855,-104.60076425196971,Forest,-0.6,57.25,3.02,821.03,1,1034.13,0.56
2022-01-01 16:35:00,Station_26,28.856824686070357,-97.15947253619971,Forest,30.3,52.16,10.29,325.33,2,1032.77,0.69
2022-01-01 16:40:00,Station_26,41.79985934273198,-91.69184117754048,Urban,-7.1,73.51,8.41,243.76,4,1039.29,0.57
2022-01-01 16:45:00,Station_26,43.67393933281727,-111.13995769295484,Forest,20.27,59.31,7.38,260.23,7,983.1,0.44
2022-01-01 16:50:00,Station_26,30.07611142126257,-111.34996590797157,Barren,32.24,82.89,2.43,163.7,4,1031.5,0.83
2022-01-01 16:55:00,Station_26,34.03166891233611,-110.16512157433542,Water,31.22,61.14,13.9,529.95,8,983.53,0.48
2022-01-01 17:00:00,Station_26,45.3017598410092,-104.99275301374132,Urban,4.91,31.61,11.93,351.78,10,997.54,0.16
2022-01-01 17:05:00,Station_26,36.404745378343975,-61.58935820129259,Water,-6.21,73.47,2.22,955.06,1,986.6,0.72
2022-01-01 17:10:00,Station_26,42.46581663834482,-70.62914122730668,Urban,32.47,85.38,3.45,891.28,4,984.97,0.28
2022-01-01 17:15:00,Station_26,40.507335978197716,-100.23407510835798,Barren,8.05,75.48,7.28,589.46,6,995.54,0.85
2022-01-01 17:20:00,Station_26,33.95701994864251,-94.47063398556844,Barren,-9.37,71.35,12.97,480.25,3,1017.95,0.72
2022-01-01 17:25:00,Station_26,29.206699358270996,-66.66146675353528,Agricultural,7.03,39.2,1.82,200.88,5,986.02,0.55
2022-01-01 17:30:00,Station_26,44.07481739441189,-106.14980819596619,Forest,-3.96,33.99,3.06,360.39,3,999.56,0.49
2022-01-01 17:35:00,Station_26,37.945249469452165,-111.96270421434754,Water,-3.04,61.69,5.27,313.33,7,981.86,0.42
2022-01-01 17:40:00,Station_26,38.07673660330705,-62.22183923148425,Forest,24.09,46.02,10.89,892.5,5,1021.55,0.88
2022-01-01 17:45:00,Station_26,26.216225587812936,-122.69041781686707,Urban,5.24,49.11,12.98,418.67,3,1012.42,0.71
2022-01-01 17:50:00,Station_26,25.024379283337,-84.58604314729797,Forest,16.76,46.95,2.97,623.17,3,983.07,0.66
2022-01-01 17:55:00,Station_26,49.06449680982497,-78.36574615133568,Urban,22.0,40.01,4.13,231.82,2,1035.67,0.27
2022-01-01 18:00:00,Station_26,33.99572591994679,-104.11879197649266,Agricultural,-4.28,78.43,14.69,375.24,5,991.51,0.32
2022-01-01 18:05:00,Station_26,49.339399413337915,-122.84475083456786,Water,-2.0,42.07,10.58,107.2,3,990.57,0.35
2022-01-01 18:10:00,Station_26,45.59705420334947,-108.87376014632386,Urban,16.97,73.04,8.11,976.67,2,995.98,0.27
2022-01-01 18:15:00,Station_26,49.5065597569122,-118.01181191879577,Barren,26.2,75.84,4.5,477.3,9,991.0,0.87
2022-01-01 18:20:00,Station_26,33.82453614023075,-113.0830016074046,Urban,13.28,75.08,2.94,962.17,3,1041.46,0.19
2022-01-01 18:25:00,Station_26,41.046695609852975,-78.13543692857237,Urban,5.65,78.82,9.84,398.52,8,1025.56,0.2
2022-01-01 18:30:00,Station_26,42.539196866918005,-73.08136111551539,Urban,-7.54,66.12,1.67,971.15,6,998.43,0.74
2022-01-01 18:35:00,Station_26,49.41223078220095,-62.92606022846408,Urban,-7.09,44.58,5.23,779.03,4,996.79,0.15
2022-01-01 18:40:00,Station_26,48.01561927429096,-108.4724546444811,Forest,15.04,81.04,14.45,560.66,0,1000.14,0.84
2022-01-01 18:45:00,Station_26,29.048751821165286,-75.12416336599654,Agricultural,13.77,53.56,6.62,779.0,5,1012.45,0.38
2022-01-01 18:50:00,Station_26,30.05847880483423,-60.35371433377273,Water,-7.05,30.28,14.23,283.85,10,1027.36,0.28
2022-01-01 18:55:00,Station_26,29.78687644979214,-94.0493794254336,Barren,29.92,37.02,2.08,199.09,5,1026.56,0.85
2022-01-01 19:00:00,Station_26,38.605709907440385,-78.01965449806258,Water,20.36,50.84,8.24,331.49,3,1026.13,0.65
2022-01-01 19:05:00,Station_26,31.489051769967148,-106.64883113129336,Urban,30.64,65.23,12.58,629.0,9,1021.27,0.77
2022-01-01 19:10:00,Station_26,36.98400613110303,-93.89732368362425,Water,10.44,54.87,13.43,215.41,3,982.8,0.88
2022-01-01 19:15:00,Station_26,38.108384662632936,-103.22267677165135,Barren,-6.63,69.69,1.4,401.63,1,1031.96,0.29
2022-01-01 19:20:00,Station_26,39.346992642721005,-97.69294568661522,Water,-0.81,35.17,1.38,663.46,3,999.85,0.58
2022-01-01 19:25:00,Station_26,44.64227350782348,-63.8091530091788,Barren,1.83,71.37,10.62,255.96,4,993.06,0.64
2022-01-01 19:30:00,Station_26,38.986546099704626,-80.34758210691095,Water,5.21,85.94,12.81,292.16,7,987.3,0.35
2022-01-01 19:35:00,Station_26,41.22368068336869,-65.10318384078201,Urban,8.49,71.81,3.67,414.77,0,1023.17,0.32
2022-01-01 19:40:00,Station_26,28.351371939944823,-120.85136747179969,Agricultural,27.41,82.29,4.04,306.17,6,1045.77,0.26
2022-01-01 19:45:00,Station_26,27.026667346132346,-95.76361092367905,Water,21.94,79.16,6.33,552.19,4,1032.0,0.15
2022-01-01 19:50:00,Station_26,38.86833731812515,-60.90993791595626,Forest,20.4,74.95,5.19,373.14,1,999.32,0.82
2022-01-01 19:55:00,Station_26,31.928752620848407,-84.49770091087359,Agricultural,20.91,49.15,2.93,537.75,5,981.21,0.13
2022-01-01 20:00:00,Station_26,34.93675659513674,-101.27101922592803,Agricultural,13.02,47.67,7.89,589.99,8,1030.97,0.24
2022-01-01 20:05:00,Station_26,48.12401811095292,-64.7820913970599,Barren,7.95,74.31,8.69,442.1,1,980.95,0.35
2022-01-01 20:10:00,Station_26,29.556433332183353,-117.18435035580838,Forest,19.04,50.85,2.86,604.21,0,984.63,0.26
2022-01-01 20:15:00,Station_26,30.132470409804874,-85.10937340426358,Urban,-1.18,73.4,2.98,215.53,6,1009.65,0.41
2022-01-01 20:20:00,Station_26,31.816080960229627,-78.02375071837508,Water,10.01,87.68,6.95,576.8,10,1020.64,0.85
2022-01-01 20:25:00,Station_26,47.569323558187754,-118.41450278671866,Water,-2.75,61.35,12.69,706.63,1,1010.72,0.84
2022-01-01 20:30:00,Station_26,48.170307361556624,-73.25176887190315,Agricultural,30.49,79.34,7.3,767.39,3,981.91,0.72
2022-01-01 20:35:00,Station_26,36.53114817068273,-93.47732352123127,Agricultural,13.13,32.51,14.79,927.25,10,997.43,0.22
2022-01-01 20:40:00,Station_26,49.73730967659188,-102.82314479060155,Agricultural,-6.36,80.31,8.31,958.85,5,996.07,0.61
2022-01-01 20:45:00,Station_26,43.84253752889505,-110.96190026178483,Forest,19.45,48.31,10.55,292.56,3,1030.54,0.75
2022-01-01 20:50:00,Station_26,27.547704713256284,-79.36018077400038,Barren,29.22,37.06,11.39,254.41,8,1031.34,0.22
2022-01-01 20:55:00,Station_26,32.38685115325524,-122.73793347574609,Agricultural,-7.54,77.14,11.5,635.97,10,1027.58,0.6
2022-01-01 21:00:00,Station_26,39.14249491529299,-82.28550645050046,Urban,12.53,65.8,11.2,404.95,0,1049.96,0.81
2022-01-01 21:05:00,Station_26,46.30388463515156,-103.96105512835318,Barren,18.32,34.81,12.9,619.59,7,1022.07,0.11
2022-01-01 21:10:00,Station_26,48.252116150744484,-81.93087399947922,Urban,12.21,64.35,8.44,635.72,6,1049.43,0.54
2022-01-01 21:15:00,Station_26,38.99083135874651,-109.476287561194,Water,28.11,80.48,12.51,142.61,2,1039.08,0.25
2022-01-01 21:20:00,Station_26,43.2896438359028,-75.27813053844267,Forest,29.4,63.21,5.43,126.79,10,1000.87,0.18
2022-01-01 21:25:00,Station_26,27.54702853434562,-78.19062665158316,Water,17.94,76.31,10.57,986.62,7,1030.18,0.78
2022-01-01 21:30:00,Station_26,35.72941744634069,-112.79983601059448,Agricultural,-5.73,57.82,12.17,877.81,2,1033.93,0.56
2022-01-01 21:35:00,Station_26,34.79153889697709,-103.66621334278501,Barren,-2.75,32.55,12.42,925.61,3,996.55,0.42
2022-01-01 21:40:00,Station_26,41.50388464494779,-66.44482769830486,Barren,-3.48,42.27,2.15,757.22,5,1014.1,0.81
2022-01-01 21:45:00,Station_26,49.90992310216658,-88.12916812795936,Forest,20.19,87.74,11.15,419.44,4,1001.39,0.86
2022-01-01 21:50:00,Station_26,31.757716906474606,-105.51668415872766,Urban,16.62,50.99,8.84,127.99,10,1043.96,0.68
2022-01-01 21:55:00,Station_26,44.28985112835265,-90.46400125938925,Agricultural,-2.54,51.63,12.37,536.38,7,1022.44,0.13
2022-01-01 22:00:00,Station_26,29.889478766154088,-81.56420110878078,Barren,31.85,56.21,13.08,438.77,8,1006.17,0.71
2022-01-01 22:05:00,Station_26,28.431857199445858,-83.07021908587296,Agricultural,32.67,57.8,8.07,321.15,2,1023.57,0.44
2022-01-01 22:10:00,Station_26,33.18416734379085,-72.77225613433887,Barren,2.26,59.75,7.77,447.69,5,1015.32,0.85
2022-01-01 22:15:00,Station_26,30.989809730847583,-118.91032795772406,Agricultural,27.55,59.33,6.58,743.0,7,1014.86,0.85
2022-01-01 22:20:00,Station_26,36.58744940083385,-108.70355969460701,Agricultural,27.69,33.52,2.39,246.0,9,984.18,0.23
2022-01-01 22:25:00,Station_26,40.88433267274563,-123.23535859520301,Urban,12.9,30.03,11.43,678.21,8,1044.65,0.43
2022-01-01 22:30:00,Station_26,41.32691303810312,-91.05013631290917,Forest,33.73,52.87,8.79,537.08,8,981.5,0.5
2022-01-01 22:35:00,Station_26,46.309082539385315,-67.40090235831642,Agricultural,4.16,44.88,5.13,979.37,2,1013.86,0.56
2022-01-01 22:40:00,Station_26,33.6508924362331,-89.43112570931365,Urban,-9.74,77.09,11.08,872.47,4,1048.08,0.54
2022-01-01 22:45:00,Station_26,26.692922415512733,-106.55510788208207,Agricultural,15.96,58.45,7.72,374.97,7,1019.29,0.45
2022-01-01 22:50:00,Station_26,41.903292844956354,-92.11356262814957,Urban,-1.01,65.31,2.2,648.49,8,1019.89,0.48
2022-01-01 22:55:00,Station_26,31.489669611371962,-64.87544386532588,Water,-3.67,33.81,8.58,440.77,7,1018.76,0.48
2022-01-01 23:00:00,Station_26,41.02292122112858,-107.06696225230475,Agricultural,14.72,42.83,8.2,994.12,1,989.57,0.11
2022-01-01 23:05:00,Station_26,26.31630248901794,-91.43574484962322,Barren,27.26,85.15,7.04,148.18,10,1011.89,0.41
2022-01-01 23:10:00,Station_26,30.356240487164584,-66.46309196857973,Agricultural,34.04,33.22,4.44,468.21,4,1019.0,0.48
2022-01-01 23:15:00,Station_26,39.39090719970662,-124.81158902767517,Barren,-9.9,58.73,2.71,427.75,5,1026.05,0.29
2022-01-01 23:20:00,Station_26,31.92796223086088,-76.60592995683672,Water,-5.01,39.31,9.47,461.61,4,1026.5,0.3
2022-01-01 23:25:00,Station_26,48.681779457788664,-109.26141606703021,Barren,34.13,43.19,5.89,681.29,9,1019.67,0.81
2022-01-01 23:30:00,Station_26,40.957970533802865,-117.36735689740517,Water,29.26,81.72,1.24,351.0,9,1008.39,0.6
2022-01-01 23:35:00,Station_26,28.57816497141023,-120.76551587644522,Agricultural,13.9,37.74,0.05,808.17,5,1006.47,0.88
2022-01-01 23:40:00,Station_26,28.684016243519288,-85.18159206977977,Water,-6.0,82.14,6.38,177.83,7,1024.03,0.36
2022-01-01 23:45:00,Station_26,37.409078357881604,-77.08610734901109,Barren,4.02,60.25,10.86,856.76,0,1021.63,0.13
2022-01-01 23:50:00,Station_26,45.88351438485522,-65.18892016808347,Urban,6.18,57.45,10.34,723.68,7,982.45,0.41
2022-01-01 23:55:00,Station_26,35.20449744261008,-80.67102204484823,Barren,-8.19,55.8,8.17,168.72,1,1019.58,0.86
2022-01-01 00:00:00,Station_27,35.15101458893729,-104.07391899067142,Agricultural,19.6,38.02,1.54,829.49,2,1022.38,0.21
2022-01-01 00:05:00,Station_27,37.235608007010654,-69.49796565436804,Barren,-7.62,68.59,3.46,783.61,0,1022.0,0.89
2022-01-01 00:10:00,Station_27,34.767555907124994,-73.873949506649,Forest,31.34,36.6,10.37,301.93,9,1037.13,0.17
2022-01-01 00:15:00,Station_27,28.251596681161608,-96.46630100030876,Forest,14.64,70.22,7.64,965.2,10,986.73,0.15
2022-01-01 00:20:00,Station_27,34.92130461648354,-91.70448862616522,Forest,-4.72,75.35,2.77,765.56,5,986.78,0.8
2022-01-01 00:25:00,Station_27,38.50444027884983,-103.80308414355379,Water,7.88,85.78,6.9,308.05,6,1006.31,0.13
2022-01-01 00:30:00,Station_27,32.85803421684364,-103.70176530495323,Barren,22.92,87.35,5.06,217.32,8,1028.78,0.27
2022-01-01 00:35:00,Station_27,41.362558589216086,-62.69660681531847,Water,0.54,66.16,6.71,692.59,6,998.97,0.69
2022-01-01 00:40:00,Station_27,35.376772059703654,-108.41098214044587,Agricultural,14.38,64.53,7.64,383.8,1,1025.7,0.68
2022-01-01 00:45:00,Station_27,33.987230201057855,-103.77473042401044,Water,15.24,66.01,14.97,515.47,4,1043.85,0.57
2022-01-01 00:50:00,Station_27,40.333716340891634,-97.53924544018871,Urban,-2.81,35.73,10.81,384.56,2,999.86,0.16
2022-01-01 00:55:00,Station_27,38.27148143686456,-108.58158747035756,Agricultural,-0.19,55.35,10.43,827.4,9,1007.66,0.65
2022-01-01 01:00:00,Station_27,29.1209142085405,-113.12290247521409,Barren,1.95,85.66,14.78,795.55,8,1035.23,0.52
2022-01-01 01:05:00,Station_27,27.93057075446245,-90.0685102044039,Urban,-8.32,35.54,7.39,671.98,5,1008.3,0.57
2022-01-01 01:10:00,Station_27,42.660779079895,-79.34414228085755,Barren,12.06,44.07,1.77,503.23,8,1043.92,0.63
2022-01-01 01:15:00,Station_27,29.91096591892138,-79.71521162539237,Water,-0.13,42.19,2.26,578.18,2,1018.56,0.18
2022-01-01 01:20:00,Station_27,26.72424798989038,-78.9805390689618,Water,16.59,71.28,12.99,193.32,2,992.86,0.57
2022-01-01 01:25:00,Station_27,27.22422849037598,-70.93920555537531,Barren,28.25,69.78,9.23,514.06,8,1038.59,0.41
2022-01-01 01:30:00,Station_27,37.487392943530814,-89.46580843893808,Water,32.04,79.58,6.67,190.37,2,1016.46,0.87
2022-01-01 01:35:00,Station_27,31.08637540441652,-114.93029916047776,Urban,18.07,45.82,10.75,119.81,9,991.85,0.56
2022-01-01 01:40:00,Station_27,26.978238372732424,-78.7463540159105,Forest,14.25,63.37,12.36,500.89,8,1019.45,0.49
2022-01-01 01:45:00,Station_27,39.60040593109123,-123.1994427089119,Water,22.58,80.59,14.74,239.47,8,980.31,0.58
2022-01-01 01:50:00,Station_27,41.42646909426405,-98.42749139639832,Water,-8.74,42.67,9.27,349.99,3,991.43,0.78
2022-01-01 01:55:00,Station_27,31.6793520626761,-105.73913032063797,Urban,-1.99,67.42,6.97,428.58,3,1048.32,0.5
2022-01-01 02:00:00,Station_27,48.928657384562534,-96.92522228354032,Urban,-5.3,52.25,13.22,922.0,9,993.72,0.59
2022-01-01 02:05:00,Station_27,33.346338759509074,-63.55863535114378,Forest,-6.08,55.38,0.3,681.46,8,996.56,0.4
2022-01-01 02:10:00,Station_27,34.711555561349385,-80.9683411399889,Agricultural,27.61,38.43,14.86,130.91,0,1012.37,0.58
2022-01-01 02:15:00,Station_27,29.564407953912095,-99.15624220105614,Forest,21.65,85.26,7.6,818.54,6,1039.7,0.19
2022-01-01 02:20:00,Station_27,48.01540640985395,-115.93802660058306,Barren,28.63,35.22,5.37,340.29,5,1039.71,0.52
2022-01-01 02:25:00,Station_27,28.92780198871056,-87.81366120444252,Water,12.91,33.7,10.97,548.7,4,998.59,0.56
2022-01-01 02:30:00,Station_27,26.720047445043274,-120.00153144735377,Water,20.07,60.1,10.39,306.0,10,1020.77,0.11
2022-01-01 02:35:00,Station_27,25.291186391807898,-64.56433443169057,Urban,9.71,44.86,2.12,676.5,6,1035.29,0.35
2022-01-01 02:40:00,Station_27,28.958371840189038,-124.96218963345186,Water,22.67,82.28,5.86,656.65,10,993.6,0.88
2022-01-01 02:45:00,Station_27,40.769276136538956,-79.99885482559924,Barren,-2.23,70.06,0.95,139.28,7,983.69,0.7
2022-01-01 02:50:00,Station_27,42.26663105232996,-119.00539927160692,Forest,-4.58,45.4,11.44,378.6,3,1003.34,0.38
2022-01-01 02:55:00,Station_27,26.168629781358433,-107.43126616448491,Agricultural,3.15,77.78,14.55,985.72,0,1001.14,0.41
2022-01-01 03:00:00,Station_27,39.99068599207724,-65.27428831770499,Forest,5.17,54.32,9.2,169.53,7,1019.03,0.8
2022-01-01 03:05:00,Station_27,32.90658382301892,-102.42255859257757,Water,3.37,49.62,14.04,469.08,9,991.63,0.14
2022-01-01 03:10:00,Station_27,44.151322124433655,-74.84274182443923,Forest,32.11,34.39,1.94,687.14,6,1034.69,0.62
2022-01-01 03:15:00,Station_27,31.019990118660807,-72.81098886753892,Forest,19.37,33.13,14.33,541.02,5,1000.03,0.88
2022-01-01 03:20:00,Station_27,30.55006265496597,-109.26858536038502,Water,-1.52,52.45,9.87,222.84,8,1038.51,0.73
2022-01-01 03:25:00,Station_27,28.177216016435,-86.71564708229215,Urban,13.54,54.82,9.65,247.67,9,995.21,0.82
2022-01-01 03:30:00,Station_27,36.41018471030371,-121.096158799421,Barren,28.72,36.92,3.89,537.14,4,1015.52,0.25
2022-01-01 03:35:00,Station_27,45.364213353480885,-116.9909420307407,Agricultural,12.91,35.52,0.37,265.65,4,1045.53,0.54
2022-01-01 03:40:00,Station_27,42.97583353977831,-96.79644842690466,Forest,23.69,50.11,3.99,700.59,1,1019.55,0.9
2022-01-01 03:45:00,Station_27,37.47775038251426,-83.38189582432497,Forest,9.21,56.63,8.0,911.79,7,995.9,0.27
2022-01-01 03:50:00,Station_27,48.27422604227091,-80.77680505759068,Forest,26.31,61.81,4.89,513.88,7,985.43,0.64
2022-01-01 03:55:00,Station_27,26.36792139328304,-107.66151047785918,Urban,22.59,80.25,11.61,697.43,3,997.57,0.68
2022-01-01 04:00:00,Station_27,32.03656072781625,-122.55168552638182,Agricultural,-9.03,86.6,10.55,697.86,3,990.04,0.71
2022-01-01 04:05:00,Station_27,41.850127242067614,-78.8967991623636,Water,25.88,80.54,8.77,656.72,0,1004.47,0.44
2022-01-01 04:10:00,Station_27,29.34371325513066,-98.62936366028157,Forest,-6.07,86.78,2.95,387.23,1,997.75,0.77
2022-01-01 04:15:00,Station_27,42.73096319629775,-123.24979069102478,Forest,-8.0,61.77,0.24,455.61,8,995.14,0.19
2022-01-01 04:20:00,Station_27,49.91632268954584,-66.56469802662315,Barren,8.35,86.11,13.36,503.36,3,989.44,0.55
2022-01-01 04:25:00,Station_27,30.742185046001868,-95.14231720435933,Agricultural,28.21,61.32,2.04,495.96,2,1009.27,0.39
2022-01-01 04:30:00,Station_27,28.678726514503172,-61.29509124994306,Water,8.24,35.16,1.92,925.35,5,1014.31,0.28
2022-01-01 04:35:00,Station_27,44.33212291659689,-119.69787411676516,Forest,26.51,69.74,13.58,198.0,1,1037.09,0.76
2022-01-01 04:40:00,Station_27,38.14559654730166,-115.66826274078447,Barren,2.43,40.47,9.67,480.43,3,988.64,0.66
2022-01-01 04:45:00,Station_27,47.89920587802446,-113.21319276290396,Water,32.8,60.42,1.66,207.64,9,1029.86,0.71
2022-01-01 04:50:00,Station_27,49.15014443460289,-67.64258441927278,Forest,-9.87,36.64,12.57,143.49,4,1021.43,0.48
2022-01-01 04:55:00,Station_27,45.370086158905,-104.98030432433156,Water,-7.46,76.02,0.22,413.3,7,1031.33,0.19
2022-01-01 05:00:00,Station_27,43.986544528337745,-76.3216138109005,Agricultural,17.02,36.13,2.68,366.17,4,1048.04,0.12
2022-01-01 05:05:00,Station_27,49.98562546132085,-116.72520868135562,Forest,14.19,33.74,11.91,385.19,9,981.93,0.82
2022-01-01 05:10:00,Station_27,31.02421747301901,-74.47501522078747,Forest,27.05,70.74,2.14,315.51,10,1045.94,0.45
2022-01-01 05:15:00,Station_27,25.60398869009435,-97.98739067048432,Agricultural,12.76,69.36,3.95,883.57,2,1006.56,0.83
2022-01-01 05:20:00,Station_27,45.862816718677735,-121.79071480787555,Barren,33.74,55.04,10.07,701.46,10,1025.9,0.83
2022-01-01 05:25:00,Station_27,41.76698579676311,-72.83464525956487,Urban,-1.76,45.65,13.8,275.38,6,1042.17,0.53
2022-01-01 05:30:00,Station_27,33.12435299082709,-72.6079558758483,Water,10.21,80.53,9.67,984.67,4,1025.72,0.2
2022-01-01 05:35:00,Station_27,40.96380540933722,-106.78028061639642,Water,-3.76,41.14,4.78,535.01,0,991.39,0.34
2022-01-01 05:40:00,Station_27,34.018404641313026,-63.611699651359466,Urban,11.04,86.38,4.66,258.84,3,997.97,0.44
2022-01-01 05:45:00,Station_27,40.40155500175301,-91.58806029973059,Water,23.43,86.07,7.72,472.75,5,1041.83,0.31
2022-01-01 05:50:00,Station_27,25.708938641633626,-94.90765912933846,Barren,15.7,50.11,9.68,207.63,4,1023.57,0.6
2022-01-01 05:55:00,Station_27,31.099550065196784,-60.05170943953328,Agricultural,-3.4,54.85,6.02,635.91,3,1018.19,0.22
2022-01-01 06:00:00,Station_27,46.60196571923596,-105.51459814518094,Barren,-8.49,73.96,14.07,368.5,0,1047.28,0.58
2022-01-01 06:05:00,Station_27,27.099151443182,-111.11995748145088,Forest,34.07,77.46,11.14,273.61,7,1026.24,0.89
2022-01-01 06:10:00,Station_27,37.50411161579547,-92.08457609535353,Water,9.43,82.35,13.03,320.45,1,1018.6,0.24
2022-01-01 06:15:00,Station_27,39.60760093146668,-61.86061730588688,Agricultural,5.25,54.74,13.16,949.44,6,1004.21,0.27
2022-01-01 06:20:00,Station_27,35.141662344559904,-82.43037110387472,Forest,11.55,53.3,2.1,414.07,10,1031.91,0.13
2022-01-01 06:25:00,Station_27,31.236586587920847,-65.97620463107243,Water,13.45,82.98,13.98,640.12,6,1044.37,0.6
2022-01-01 06:30:00,Station_27,32.85311937002247,-73.79687657521171,Urban,6.64,49.08,8.46,304.05,3,1026.71,0.26
2022-01-01 06:35:00,Station_27,42.84121747315564,-108.62857107933351,Agricultural,23.01,37.26,5.66,914.68,9,984.78,0.5
2022-01-01 06:40:00,Station_27,34.98716878505934,-108.46969213007469,Barren,17.33,38.15,3.44,842.31,7,1045.47,0.77
2022-01-01 06:45:00,Station_27,49.16663838380866,-106.05025252617759,Water,28.92,47.15,10.4,442.18,9,989.51,0.22
2022-01-01 06:50:00,Station_27,32.16644567072232,-101.09216200185102,Water,32.03,89.43,12.78,671.82,9,1000.66,0.83
2022-01-01 06:55:00,Station_27,39.39656047939448,-86.6874752628984,Water,-3.74,35.16,2.74,738.94,6,996.68,0.52
2022-01-01 07:00:00,Station_27,36.85632585641338,-99.28737725860714,Urban,18.97,71.52,12.85,983.75,8,992.64,0.31
2022-01-01 07:05:00,Station_27,34.78878264482813,-73.02633137688656,Agricultural,33.46,43.45,4.75,651.15,4,992.3,0.75
2022-01-01 07:10:00,Station_27,39.91569182494495,-74.09235710758716,Agricultural,26.61,79.57,2.4,992.35,3,1010.11,0.9
2022-01-01 07:15:00,Station_27,29.931275206438592,-69.5403821763754,Agricultural,3.71,31.24,14.89,803.4,7,989.72,0.55
2022-01-01 07:20:00,Station_27,26.925444294955845,-121.22777655886438,Forest,3.71,37.26,11.17,142.82,9,1040.81,0.11
2022-01-01 07:25:00,Station_27,40.529550117295855,-63.89324398059,Water,18.36,47.56,5.35,558.29,1,995.73,0.13
2022-01-01 07:30:00,Station_27,42.78779430673495,-83.30440782469992,Water,19.59,78.88,8.81,740.28,4,1029.59,0.78
2022-01-01 07:35:00,Station_27,34.4991814542243,-118.57247579057207,Forest,34.07,51.68,12.05,748.59,2,1046.91,0.66
2022-01-01 07:40:00,Station_27,45.91702990700919,-102.41151099767467,Agricultural,9.71,35.45,8.26,908.73,1,1049.58,0.3
2022-01-01 07:45:00,Station_27,30.266174288315355,-96.87130429452657,Agricultural,17.08,39.79,7.81,567.46,5,984.02,0.56
2022-01-01 07:50:00,Station_27,46.04879435695294,-118.66289591648942,Urban,27.65,81.25,7.82,450.44,4,1013.86,0.67
2022-01-01 07:55:00,Station_27,37.09716421864228,-93.45704743330906,Agricultural,21.76,68.56,0.14,369.2,1,1021.99,0.81
2022-01-01 08:00:00,Station_27,45.29398621935315,-106.92508861485172,Water,-2.05,72.25,0.19,886.4,4,1037.35,0.58
2022-01-01 08:05:00,Station_27,38.86156249471723,-94.68539161238574,Agricultural,34.6,80.63,4.13,578.13,7,997.16,0.29
2022-01-01 08:10:00,Station_27,38.123000673899526,-97.20973299819366,Forest,28.96,45.87,10.95,287.43,8,1045.58,0.19
2022-01-01 08:15:00,Station_27,40.54211576566757,-117.29079590300913,Water,-2.04,38.91,11.7,513.54,6,1010.07,0.2
2022-01-01 08:20:00,Station_27,30.765796029103882,-71.24362226634469,Urban,24.18,51.81,6.22,822.15,0,1011.47,0.84
2022-01-01 08:25:00,Station_27,26.397196632292086,-78.30192273782396,Water,20.48,73.01,8.55,919.93,8,994.43,0.67
2022-01-01 08:30:00,Station_27,44.004760329875936,-68.41423417357372,Urban,-6.02,59.04,1.48,759.92,4,1004.92,0.56
2022-01-01 08:35:00,Station_27,49.027258032260214,-117.26101565658593,Barren,27.49,33.89,2.36,759.74,5,984.73,0.29
2022-01-01 08:40:00,Station_27,33.80308999585448,-78.17657200199022,Agricultural,28.31,59.55,6.85,118.37,7,1036.17,0.6
2022-01-01 08:45:00,Station_27,43.459136995997966,-75.99798072375168,Water,-4.22,42.52,7.95,368.67,8,1041.53,0.89
2022-01-01 08:50:00,Station_27,35.35912499266521,-107.82740993912161,Water,23.47,34.98,4.45,798.27,10,986.95,0.21
2022-01-01 08:55:00,Station_27,39.430653469718116,-88.65468793944194,Barren,25.51,81.17,12.06,258.85,3,1048.33,0.33
2022-01-01 09:00:00,Station_27,41.73644123506036,-112.72470852440314,Water,11.95,45.44,7.85,138.0,2,1009.39,0.2
2022-01-01 09:05:00,Station_27,41.84833289944925,-111.61384897194034,Barren,28.77,42.6,2.96,995.03,9,1043.12,0.57
2022-01-01 09:10:00,Station_27,48.015173433481124,-73.115212509577,Barren,16.92,87.75,9.76,341.23,9,1020.14,0.78
2022-01-01 09:15:00,Station_27,31.753912084710812,-60.651807327795936,Forest,10.68,52.6,13.62,189.48,2,1044.91,0.6
2022-01-01 09:20:00,Station_27,48.798004744900695,-86.29763467411865,Forest,4.99,33.86,8.94,666.49,9,1040.02,0.55
2022-01-01 09:25:00,Station_27,29.0774351462574,-73.98493516620027,Agricultural,10.34,38.82,8.06,307.89,7,999.22,0.51
2022-01-01 09:30:00,Station_27,40.63924223198356,-84.39088019440953,Barren,25.0,45.47,6.57,121.33,7,1037.58,0.24
2022-01-01 09:35:00,Station_27,40.36548801280146,-74.00862943052019,Water,-8.92,85.17,2.89,945.75,8,1031.55,0.7
2022-01-01 09:40:00,Station_27,34.74109424161408,-63.31816163504747,Forest,-8.16,70.08,11.11,927.1,6,1044.94,0.66
2022-01-01 09:45:00,Station_27,31.78775702277311,-99.47193859560902,Water,7.85,56.16,13.79,310.05,4,999.96,0.88
2022-01-01 09:50:00,Station_27,31.131814519008067,-83.28758913054509,Agricultural,-4.19,73.08,10.15,359.22,7,1038.79,0.52
2022-01-01 09:55:00,Station_27,30.503860215456655,-98.85095087204685,Forest,15.93,68.35,9.13,693.74,9,1037.11,0.44
2022-01-01 10:00:00,Station_27,30.824428206850257,-108.05212002819576,Water,6.46,57.11,7.65,340.43,3,1004.23,0.4
2022-01-01 10:05:00,Station_27,25.250407726650003,-107.75690380453726,Urban,-3.48,69.01,11.44,721.69,0,1039.4,0.64
2022-01-01 10:10:00,Station_27,46.58261030928149,-102.8179780489431,Urban,28.78,55.0,9.8,307.6,8,1031.43,0.23
2022-01-01 10:15:00,Station_27,45.21943721999647,-79.56571436160061,Agricultural,-6.05,54.96,12.05,666.37,3,1042.44,0.87
2022-01-01 10:20:00,Station_27,41.076812114011545,-91.37931176730206,Urban,6.12,59.5,12.02,950.31,3,991.53,0.6
2022-01-01 10:25:00,Station_27,38.4978419236496,-62.389704156736926,Forest,4.01,77.31,9.87,305.72,4,1021.23,0.34
2022-01-01 10:30:00,Station_27,35.55357026764631,-98.20814517019224,Barren,29.94,61.46,8.82,678.68,4,1007.51,0.55
2022-01-01 10:35:00,Station_27,38.07368129887978,-96.90022175845534,Agricultural,7.08,42.89,9.89,705.79,3,1033.55,0.44
2022-01-01 10:40:00,Station_27,32.01702289330179,-64.39321441523705,Water,12.29,88.54,5.79,585.82,9,990.46,0.46
2022-01-01 10:45:00,Station_27,40.36212272817679,-86.03920697569885,Urban,-7.91,84.01,9.84,740.48,2,1013.93,0.65
2022-01-01 10:50:00,Station_27,45.95616065805939,-84.4007367526549,Barren,-1.83,49.45,2.41,410.39,3,1037.55,0.33
2022-01-01 10:55:00,Station_27,27.848889750999504,-85.10405564531942,Agricultural,13.12,48.3,1.74,339.77,10,1042.89,0.15
2022-01-01 11:00:00,Station_27,36.009004491919406,-73.89734709438872,Urban,28.7,80.77,12.56,376.75,9,1034.95,0.1
2022-01-01 11:05:00,Station_27,34.770027344528366,-105.07310379487228,Water,-6.93,36.2,10.18,400.93,7,1027.8,0.58
2022-01-01 11:10:00,Station_27,35.33236466346928,-67.53666749143771,Urban,5.48,52.28,13.82,715.16,7,1023.94,0.18
2022-01-01 11:15:00,Station_27,48.855315767723184,-118.53588902991117,Forest,9.51,67.66,9.86,949.25,2,1016.3,0.42
2022-01-01 11:20:00,Station_27,38.867638543822224,-119.83442616449122,Barren,32.81,39.16,7.95,617.08,5,1010.56,0.21
2022-01-01 11:25:00,Station_27,46.755116890957744,-63.08731396013898,Barren,26.69,34.3,1.94,435.42,3,1008.3,0.63
2022-01-01 11:30:00,Station_27,49.22739279052358,-107.38313300129563,Urban,30.13,70.5,9.16,454.08,0,1034.49,0.69
2022-01-01 11:35:00,Station_27,33.24342539714943,-77.47324584153202,Forest,10.7,50.31,3.11,169.52,7,1036.43,0.19
2022-01-01 11:40:00,Station_27,39.184025200300695,-106.35966430992491,Forest,-1.84,32.15,14.93,221.42,2,1041.06,0.48
2022-01-01 11:45:00,Station_27,40.982141988828445,-95.57208287052953,Forest,18.57,74.15,12.87,619.72,7,1048.49,0.74
2022-01-01 11:50:00,Station_27,35.53433978056625,-88.3046931889424,Forest,-5.09,84.62,14.06,364.39,0,1046.74,0.4
2022-01-01 11:55:00,Station_27,44.27709067402697,-118.38257512753745,Barren,-3.06,58.63,7.21,757.43,5,1025.79,0.23
2022-01-01 12:00:00,Station_27,27.43095699928305,-81.272125721993,Urban,7.05,52.19,10.62,614.17,3,1001.45,0.68
2022-01-01 12:05:00,Station_27,42.86473844469606,-76.3153380373202,Urban,-9.99,57.46,11.27,190.43,2,1026.14,0.83
2022-01-01 12:10:00,Station_27,38.51670839421736,-123.17101363221504,Urban,-3.06,81.32,11.65,300.54,7,1044.89,0.4
2022-01-01 12:15:00,Station_27,42.00858957481104,-114.36495817193018,Barren,3.94,68.3,3.32,772.7,1,1045.36,0.63
2022-01-01 12:20:00,Station_27,45.07548205296922,-66.58669281861862,Barren,13.58,68.22,4.72,384.5,6,1037.48,0.54
2022-01-01 12:25:00,Station_27,47.30358367116053,-124.92644783918212,Forest,3.79,89.67,12.88,338.11,8,988.56,0.47
2022-01-01 12:30:00,Station_27,33.66689718229773,-65.68753007798887,Agricultural,19.99,77.34,3.52,330.33,7,1009.74,0.46
2022-01-01 12:35:00,Station_27,35.33043796897371,-95.47572957360248,Barren,15.75,79.93,3.91,318.14,10,1025.04,0.66
2022-01-01 12:40:00,Station_27,47.125131939539315,-105.83152389429516,Barren,20.92,38.17,5.47,710.18,7,1020.73,0.86
2022-01-01 12:45:00,Station_27,40.83643455716308,-108.28764519761086,Agricultural,24.34,45.01,0.09,990.68,2,1006.37,0.76
2022-01-01 12:50:00,Station_27,30.40280700511645,-82.86667504783671,Agricultural,26.76,39.94,5.09,881.63,3,1004.96,0.86
2022-01-01 12:55:00,Station_27,38.9949101467775,-93.05841881013734,Water,30.97,62.07,10.32,877.93,8,989.78,0.35
2022-01-01 13:00:00,Station_27,30.226572594417142,-75.15322900171378,Water,10.5,79.21,11.01,470.08,0,986.05,0.72
2022-01-01 13:05:00,Station_27,47.93096791220249,-75.91445646482373,Water,13.47,80.15,0.85,801.79,6,985.66,0.42
2022-01-01 13:10:00,Station_27,49.13867302603239,-71.79952897568538,Water,7.77,60.85,2.6,135.66,0,989.1,0.36
2022-01-01 13:15:00,Station_27,35.95480884084755,-105.49185052136878,Urban,25.39,39.83,10.03,363.43,4,1028.21,0.67
2022-01-01 13:20:00,Station_27,35.81377311272349,-107.12250013529369,Urban,9.38,84.1,0.15,691.74,1,1024.6,0.87
2022-01-01 13:25:00,Station_27,34.22186589999162,-81.57498798458903,Agricultural,26.31,55.2,10.82,271.4,3,996.46,0.62
2022-01-01 13:30:00,Station_27,46.767930288341134,-62.36105124459878,Barren,-7.75,82.7,10.1,936.61,2,1019.36,0.21
2022-01-01 13:35:00,Station_27,35.139680289091345,-83.80790701279112,Barren,28.66,89.48,9.3,164.12,0,993.97,0.13
2022-01-01 13:40:00,Station_27,29.305745573574047,-63.23858681807043,Urban,16.01,54.96,7.83,241.72,9,989.92,0.42
2022-01-01 13:45:00,Station_27,46.64632528683046,-91.27902485659547,Forest,18.32,32.72,6.65,219.32,2,984.46,0.29
2022-01-01 13:50:00,Station_27,32.97825393582125,-62.70951050328345,Urban,1.11,63.33,8.07,298.94,6,1033.25,0.74
2022-01-01 13:55:00,Station_27,29.13786595591233,-60.758646444057305,Water,18.7,68.73,10.39,457.5,7,1040.8,0.43
2022-01-01 14:00:00,Station_27,41.54667335270531,-102.24425768364588,Barren,-2.72,61.83,0.49,946.97,5,995.74,0.88
2022-01-01 14:05:00,Station_27,31.98263879391722,-67.67173469265829,Water,-9.23,32.32,6.11,386.53,9,1017.87,0.7
2022-01-01 14:10:00,Station_27,49.0989469804865,-92.23156827295205,Water,24.2,85.42,14.43,468.24,0,985.59,0.74
2022-01-01 14:15:00,Station_27,33.53553671184366,-108.10517879269268,Urban,30.43,34.55,4.41,144.89,1,1005.55,0.82
2022-01-01 14:20:00,Station_27,39.985007697414524,-61.80635388503344,Urban,28.58,84.38,5.65,930.71,8,996.84,0.32
2022-01-01 14:25:00,Station_27,44.209854561716796,-78.66007108815145,Agricultural,2.69,74.83,3.62,423.72,1,1030.56,0.13
2022-01-01 14:30:00,Station_27,45.96333082317177,-109.46273324613882,Agricultural,13.98,62.27,10.88,408.29,0,987.7,0.84
2022-01-01 14:35:00,Station_27,34.83978085689413,-63.08432099325555,Agricultural,24.78,57.69,3.45,932.38,4,984.11,0.27
2022-01-01 14:40:00,Station_27,39.72986492432978,-109.11136371604536,Agricultural,6.33,46.01,2.94,113.96,1,1017.58,0.46
2022-01-01 14:45:00,Station_27,44.15939943298685,-70.89876600125899,Forest,-8.57,34.47,11.2,401.72,3,986.93,0.55
2022-01-01 14:50:00,Station_27,46.61532293152884,-106.76331709039253,Agricultural,-9.88,56.92,4.89,284.1,7,1030.6,0.26
2022-01-01 14:55:00,Station_27,31.197910199834443,-117.40205357581286,Urban,33.37,66.18,10.87,803.36,0,1000.64,0.79
2022-01-01 15:00:00,Station_27,49.8360179644868,-69.37588638967814,Agricultural,8.54,77.97,8.44,387.97,4,1037.23,0.47
2022-01-01 15:05:00,Station_27,27.29607597946191,-91.82353363558039,Water,29.34,34.59,12.11,605.28,10,1029.16,0.43
2022-01-01 15:10:00,Station_27,39.40273195496418,-122.58585293539755,Barren,14.65,36.24,3.51,109.65,4,987.08,0.36
2022-01-01 15:15:00,Station_27,36.01605604786245,-122.08755420669188,Barren,7.29,84.07,11.9,762.88,8,986.65,0.67
2022-01-01 15:20:00,Station_27,47.51590553836026,-96.63755525420758,Urban,4.04,75.17,10.74,391.65,0,1004.92,0.73
2022-01-01 15:25:00,Station_27,38.73360364840054,-75.19817719335451,Barren,-1.91,54.03,1.56,365.3,3,985.19,0.51
2022-01-01 15:30:00,Station_27,36.002858863004334,-75.94414985875278,Forest,14.59,86.34,14.11,530.32,10,1038.35,0.71
2022-01-01 15:35:00,Station_27,33.90953876012141,-114.39353730621303,Water,-9.38,37.45,13.04,819.55,7,1013.8,0.17
2022-01-01 15:40:00,Station_27,45.08889890550405,-83.98958851887929,Barren,30.44,48.19,9.52,327.69,0,1019.78,0.45
2022-01-01 15:45:00,Station_27,40.50437466333533,-103.27977606339704,Forest,-7.12,52.87,0.79,583.74,7,985.5,0.85
2022-01-01 15:50:00,Station_27,26.832446695683824,-123.90776825409581,Forest,3.89,45.83,11.17,296.82,0,1006.25,0.14
2022-01-01 15:55:00,Station_27,32.84622347795074,-110.48776259327134,Agricultural,7.81,80.32,3.12,961.67,5,1006.44,0.85
2022-01-01 16:00:00,Station_27,32.0607616076118,-122.38118301253635,Barren,13.17,36.33,3.56,911.22,5,1048.78,0.76
2022-01-01 16:05:00,Station_27,41.26976047792447,-112.37819275988525,Water,3.39,41.74,4.75,211.99,3,1004.3,0.35
2022-01-01 16:10:00,Station_27,41.32602688048,-68.49160079381866,Barren,5.18,46.64,12.46,163.0,2,1007.91,0.22
2022-01-01 16:15:00,Station_27,40.925708947719045,-102.37279734068964,Barren,30.6,42.45,9.05,524.83,6,1015.34,0.72
2022-01-01 16:20:00,Station_27,35.774616783092625,-121.54376296229111,Barren,-9.76,66.46,2.11,740.02,10,996.28,0.88
2022-01-01 16:25:00,Station_27,47.66733990521112,-123.26914757091451,Forest,24.63,85.7,11.85,410.22,9,1025.79,0.68
2022-01-01 16:30:00,Station_27,37.765561853880435,-97.94505262853663,Agricultural,20.21,85.26,3.88,268.62,7,1044.14,0.54
2022-01-01 16:35:00,Station_27,48.59333172917601,-106.0168783794653,Water,-9.45,39.93,12.81,102.45,0,980.14,0.48
2022-01-01 16:40:00,Station_27,29.458353096381927,-95.6527347620958,Urban,18.98,67.93,13.26,763.06,8,986.67,0.59
2022-01-01 16:45:00,Station_27,40.61424076099254,-94.97267024847974,Agricultural,21.36,52.96,5.87,155.69,5,1019.51,0.7
2022-01-01 16:50:00,Station_27,47.35225827607346,-85.35117864124462,Water,-10.0,35.95,6.47,324.32,3,1002.32,0.64
2022-01-01 16:55:00,Station_27,35.87932871306586,-121.17886991122154,Water,30.67,71.43,7.86,751.67,1,1021.22,0.59
2022-01-01 17:00:00,Station_27,33.009165837773295,-95.30227458584521,Barren,-4.16,73.31,12.97,624.77,4,1022.34,0.17
2022-01-01 17:05:00,Station_27,27.235520864069297,-117.46495789930034,Agricultural,-7.0,71.58,10.72,332.26,3,1025.85,0.85
2022-01-01 17:10:00,Station_27,47.604783587784794,-101.75770291897152,Forest,27.66,69.5,8.64,497.74,7,1043.57,0.21
2022-01-01 17:15:00,Station_27,42.464658653903804,-60.72243802588714,Agricultural,24.44,52.54,9.36,401.21,1,1041.13,0.48
2022-01-01 17:20:00,Station_27,41.93190596808876,-82.68024528000039,Barren,7.59,88.32,14.94,989.95,9,1037.03,0.85
2022-01-01 17:25:00,Station_27,45.66086613741015,-115.62557482175805,Forest,-2.03,86.31,7.52,685.4,7,995.56,0.71
2022-01-01 17:30:00,Station_27,31.975230810651702,-122.77682111664829,Barren,30.39,39.02,11.38,848.16,7,988.86,0.59
2022-01-01 17:35:00,Station_27,36.65535555239674,-80.50533040888898,Barren,19.38,73.18,13.84,262.78,6,1006.88,0.89
2022-01-01 17:40:00,Station_27,40.02162763433895,-97.779943584016,Water,-2.29,32.07,5.02,441.11,10,1044.83,0.58
2022-01-01 17:45:00,Station_27,48.1928871602933,-64.66718304935223,Barren,-2.78,31.01,12.03,651.39,1,1020.11,0.36
2022-01-01 17:50:00,Station_27,27.01215861909912,-114.90566090098699,Water,-1.92,73.57,11.82,893.19,3,991.33,0.46
2022-01-01 17:55:00,Station_27,29.101089797267388,-81.97501016962359,Urban,13.46,62.48,9.56,688.1,8,1047.26,0.88
2022-01-01 18:00:00,Station_27,37.843858715799904,-81.21140301795887,Agricultural,17.03,58.25,13.31,616.63,0,995.45,0.14
2022-01-01 18:05:00,Station_27,33.85440837856142,-100.82561896159788,Agricultural,29.87,52.26,0.98,466.5,1,1022.29,0.45
2022-01-01 18:10:00,Station_27,34.52676902721352,-81.76367758324253,Agricultural,-7.99,85.29,14.75,760.32,6,1024.16,0.23
2022-01-01 18:15:00,Station_27,32.9324125330417,-108.30786778145728,Water,21.86,45.82,9.87,360.7,3,1038.34,0.82
2022-01-01 18:20:00,Station_27,40.69252197015188,-63.40807705916067,Urban,33.32,37.3,8.92,928.6,5,997.71,0.83
2022-01-01 18:25:00,Station_27,34.73808605094938,-66.9582575062626,Forest,-0.29,44.81,9.54,163.93,1,1026.26,0.78
2022-01-01 18:30:00,Station_27,26.955809753472742,-67.76921900427942,Barren,-5.63,85.28,6.12,355.1,8,1034.67,0.84
2022-01-01 18:35:00,Station_27,36.69199418391791,-86.06629510110284,Agricultural,-6.68,32.17,2.15,473.15,7,1000.61,0.83
2022-01-01 18:40:00,Station_27,27.892416253861462,-77.11282854224329,Urban,25.34,81.65,8.98,815.19,0,1029.61,0.68
2022-01-01 18:45:00,Station_27,26.272896834873848,-64.85758044258569,Barren,7.66,49.09,10.5,704.65,4,1046.86,0.31
2022-01-01 18:50:00,Station_27,25.205443663808513,-104.78669508721197,Water,29.25,74.27,12.86,366.01,6,1047.38,0.65
2022-01-01 18:55:00,Station_27,26.02530001174722,-80.9980468316739,Barren,21.26,47.1,3.98,311.66,4,1026.48,0.11
2022-01-01 19:00:00,Station_27,45.468420805501914,-113.8480684493522,Agricultural,-0.08,89.92,13.71,891.42,7,985.14,0.82
2022-01-01 19:05:00,Station_27,37.38368247769772,-114.95070421915402,Urban,34.21,66.4,7.28,719.91,3,1034.03,0.64
2022-01-01 19:10:00,Station_27,38.62826093200295,-121.04959728626831,Forest,20.78,86.05,14.58,825.31,0,983.72,0.8
2022-01-01 19:15:00,Station_27,28.167700712770902,-94.7446529725523,Agricultural,34.46,81.63,8.62,615.9,4,1040.08,0.53
2022-01-01 19:20:00,Station_27,31.756315504660744,-60.29069675769975,Water,32.09,58.63,10.36,976.84,4,1022.85,0.84
2022-01-01 19:25:00,Station_27,26.602663573908746,-102.24900675099799,Agricultural,30.16,81.98,2.2,613.18,6,985.83,0.73
2022-01-01 19:30:00,Station_27,43.36173772723892,-113.68776899756782,Barren,15.0,33.5,1.1,377.87,0,1008.07,0.77
2022-01-01 19:35:00,Station_27,41.89417797545662,-76.1602270542765,Agricultural,17.81,79.21,6.53,373.79,8,1025.53,0.7
2022-01-01 19:40:00,Station_27,34.46517765023985,-111.82580616513036,Urban,29.33,50.11,9.57,376.09,4,1038.6,0.36
2022-01-01 19:45:00,Station_27,33.38544367906811,-124.52265909643421,Forest,32.08,70.46,3.0,760.53,8,986.93,0.86
2022-01-01 19:50:00,Station_27,31.368829979997635,-103.88329553261029,Water,28.15,68.31,10.88,296.15,9,1002.16,0.53
2022-01-01 19:55:00,Station_27,41.9555702008428,-104.8342008331007,Water,-9.08,63.36,3.91,707.52,6,1034.88,0.85
2022-01-01 20:00:00,Station_27,35.985182308606,-63.73964513314198,Water,-0.78,80.6,5.56,443.44,10,1009.51,0.7
2022-01-01 20:05:00,Station_27,37.1644244004475,-67.0841720062386,Water,21.04,37.29,0.76,945.08,5,1036.54,0.36
2022-01-01 20:10:00,Station_27,49.911595693382836,-105.73087675937396,Water,-5.19,73.68,1.02,942.72,5,1044.71,0.22
2022-01-01 20:15:00,Station_27,39.47615122486323,-73.49311388194403,Water,1.62,63.48,12.63,921.47,5,1049.85,0.39
2022-01-01 20:20:00,Station_27,46.582025581936236,-71.75422905550678,Water,2.69,33.77,1.75,269.97,6,1023.94,0.81
2022-01-01 20:25:00,Station_27,27.503218758959452,-114.51503533274516,Water,13.14,78.45,7.52,316.54,6,990.91,0.46
2022-01-01 20:30:00,Station_27,35.63939180403024,-69.97541637654864,Forest,0.35,83.82,3.38,321.53,9,1038.28,0.65
2022-01-01 20:35:00,Station_27,40.66967001510643,-79.31981428586883,Water,26.88,39.07,6.66,661.94,4,1040.97,0.48
2022-01-01 20:40:00,Station_27,42.65450681961184,-72.13542264654498,Water,-8.77,63.88,12.44,512.75,1,998.7,0.57
2022-01-01 20:45:00,Station_27,47.90220830943642,-61.38259903773589,Barren,24.09,62.31,13.39,177.32,5,985.92,0.62
2022-01-01 20:50:00,Station_27,31.283107327444036,-96.69558540191679,Agricultural,31.11,54.05,0.51,232.14,2,1023.68,0.5
2022-01-01 20:55:00,Station_27,40.16582855323787,-80.63412793771963,Forest,9.33,81.97,2.89,119.37,5,1015.38,0.82
2022-01-01 21:00:00,Station_27,40.13075141540146,-69.31354020042949,Water,2.58,38.63,5.66,279.84,5,989.76,0.23
2022-01-01 21:05:00,Station_27,46.41670906566539,-73.30680053078275,Barren,-6.81,44.2,7.71,178.88,6,984.07,0.16
2022-01-01 21:10:00,Station_27,49.62339353652435,-67.31637281461097,Water,16.95,83.08,8.31,808.92,5,995.48,0.7
2022-01-01 21:15:00,Station_27,25.571091915139256,-84.04894595181106,Agricultural,-1.23,87.09,12.06,126.04,0,1026.54,0.4
2022-01-01 21:20:00,Station_27,45.207153214505034,-78.25147908341512,Forest,18.63,35.73,10.62,401.53,3,988.32,0.11
2022-01-01 21:25:00,Station_27,29.8185650363225,-61.01148250072564,Barren,34.78,42.34,4.52,351.54,4,1023.49,0.73
2022-01-01 21:30:00,Station_27,31.708096296657676,-65.88189428510475,Forest,29.34,80.59,12.4,118.79,0,1018.19,0.43
2022-01-01 21:35:00,Station_27,44.405229524972775,-110.4846431059435,Forest,-0.8,54.84,13.11,981.26,9,984.08,0.64
2022-01-01 21:40:00,Station_27,31.150255887391666,-62.13484557911819,Agricultural,22.39,55.4,0.3,743.51,5,984.87,0.46
2022-01-01 21:45:00,Station_27,42.15524494701174,-81.61249769269743,Water,29.9,79.53,2.52,368.66,5,986.47,0.54
2022-01-01 21:50:00,Station_27,35.47196728268361,-117.15298638209545,Agricultural,2.15,75.05,6.3,802.64,9,999.38,0.36
2022-01-01 21:55:00,Station_27,30.37754070517152,-78.0246500842097,Agricultural,6.5,33.96,1.44,273.12,9,982.94,0.7
2022-01-01 22:00:00,Station_27,30.687174735201523,-86.96313760839092,Urban,13.35,86.7,1.2,635.61,10,1033.56,0.55
2022-01-01 22:05:00,Station_27,30.98496309802004,-122.59157099517168,Agricultural,11.15,79.19,0.88,742.84,5,998.81,0.83
2022-01-01 22:10:00,Station_27,31.768676564392393,-120.3087576567256,Barren,34.95,80.03,7.05,338.95,2,1000.71,0.84
2022-01-01 22:15:00,Station_27,33.48767584863289,-68.8631178760931,Agricultural,11.19,60.67,4.18,626.4,9,1037.4,0.23
2022-01-01 22:20:00,Station_27,48.39048638729975,-75.67782178769961,Urban,32.09,31.18,2.5,687.55,1,1049.27,0.47
2022-01-01 22:25:00,Station_27,40.27588597870037,-80.70241199160284,Forest,4.09,84.38,8.3,354.92,4,983.35,0.76
2022-01-01 22:30:00,Station_27,34.348525950803136,-116.10652932401464,Agricultural,24.69,81.82,10.2,699.48,3,1018.93,0.85
2022-01-01 22:35:00,Station_27,28.997996538536132,-124.00320100565618,Urban,-2.77,68.34,0.05,125.79,8,1045.62,0.22
2022-01-01 22:40:00,Station_27,43.7489142169671,-81.5086425994684,Urban,-4.06,76.89,3.68,694.5,6,1001.17,0.12
2022-01-01 22:45:00,Station_27,40.16448686199438,-75.0320835865536,Barren,27.9,65.41,11.39,202.14,10,1022.58,0.21
2022-01-01 22:50:00,Station_27,35.003395088415495,-91.2585407576945,Forest,22.61,56.41,12.23,488.15,3,998.92,0.53
2022-01-01 22:55:00,Station_27,25.39392476788753,-71.75821441989686,Urban,2.49,58.8,12.16,511.25,10,997.73,0.46
2022-01-01 23:00:00,Station_27,47.73865370621923,-84.68059463506276,Forest,1.43,86.41,1.08,128.96,9,984.25,0.9
2022-01-01 23:05:00,Station_27,27.478569852678007,-69.74950502014465,Agricultural,32.82,65.21,7.31,960.21,8,980.1,0.11
2022-01-01 23:10:00,Station_27,38.850462225285014,-114.77198250052453,Agricultural,10.63,30.78,13.64,546.39,1,1031.12,0.46
2022-01-01 23:15:00,Station_27,44.20936930331503,-93.66588302732794,Forest,-0.9,86.5,3.99,269.03,2,1024.25,0.65
2022-01-01 23:20:00,Station_27,29.207397366887015,-63.905646308933896,Urban,9.26,74.75,12.47,125.11,2,1008.35,0.62
2022-01-01 23:25:00,Station_27,43.29292573540965,-71.19483229658836,Water,14.2,58.44,11.09,269.26,3,1042.95,0.16
2022-01-01 23:30:00,Station_27,33.53958739179435,-99.79768523669566,Urban,5.57,31.46,1.98,481.3,10,1024.75,0.49
2022-01-01 23:35:00,Station_27,40.58962524843158,-115.33619561516304,Forest,8.95,32.64,1.56,557.86,9,990.32,0.66
2022-01-01 23:40:00,Station_27,44.71930886479423,-116.93729521676654,Forest,34.64,56.15,5.46,428.76,5,986.7,0.64
2022-01-01 23:45:00,Station_27,48.95142662111813,-120.97213439926605,Agricultural,22.39,41.52,7.38,654.21,0,983.65,0.19
2022-01-01 23:50:00,Station_27,48.27443131349921,-103.59679213134987,Urban,-1.91,89.0,7.94,771.83,2,980.79,0.26
2022-01-01 23:55:00,Station_27,31.79460261934766,-111.42759307717506,Forest,11.49,78.79,11.1,466.05,1,1035.38,0.18
2022-01-01 00:00:00,Station_28,41.2659599810692,-74.71467661824104,Water,25.85,48.01,6.96,106.3,2,1038.84,0.64
2022-01-01 00:05:00,Station_28,25.768760674711043,-104.73668791798592,Water,2.29,82.79,12.86,283.21,1,989.09,0.54
2022-01-01 00:10:00,Station_28,26.995890060435375,-90.00085504861217,Forest,21.5,71.7,14.75,341.88,7,1013.51,0.27
2022-01-01 00:15:00,Station_28,38.041345880757525,-69.04528486178998,Forest,21.16,38.02,2.49,673.05,6,992.4,0.86
2022-01-01 00:20:00,Station_28,39.16267685548286,-121.86227194519444,Forest,13.06,50.58,9.64,663.36,7,1031.88,0.52
2022-01-01 00:25:00,Station_28,27.436258884305172,-100.33781336336396,Forest,-0.64,89.42,1.51,800.03,3,985.32,0.61
2022-01-01 00:30:00,Station_28,36.14221374474075,-72.06751866530658,Water,12.15,85.39,7.78,636.53,1,992.46,0.82
2022-01-01 00:35:00,Station_28,37.1587339130203,-84.83588571181463,Agricultural,5.28,38.99,0.46,366.94,10,982.67,0.21
2022-01-01 00:40:00,Station_28,32.17306431582605,-118.31735933180218,Forest,1.72,87.49,8.64,408.33,4,1014.98,0.74
2022-01-01 00:45:00,Station_28,32.10999349724888,-62.82098988658443,Agricultural,-6.61,64.77,3.53,113.25,0,1004.37,0.35
2022-01-01 00:50:00,Station_28,31.797713061845613,-61.5696994851544,Barren,3.63,70.01,3.89,805.49,10,1023.78,0.22
2022-01-01 00:55:00,Station_28,46.99371065727136,-113.36530482515549,Barren,30.07,55.51,8.25,349.27,2,1026.95,0.87
2022-01-01 01:00:00,Station_28,46.7668431069057,-76.4780916723054,Forest,1.55,79.86,14.53,611.8,2,1004.65,0.68
2022-01-01 01:05:00,Station_28,49.62073371572508,-92.52931860810551,Urban,-2.93,57.49,3.9,612.17,8,1018.43,0.82
2022-01-01 01:10:00,Station_28,31.08609611188396,-112.82079517297298,Agricultural,26.64,75.99,1.61,935.83,6,1020.49,0.67
2022-01-01 01:15:00,Station_28,30.470785212403676,-87.79293822898993,Agricultural,1.06,64.87,11.53,638.78,1,998.19,0.4
2022-01-01 01:20:00,Station_28,40.737385841017,-109.53741459477115,Water,6.91,69.53,12.44,685.64,0,1030.69,0.47
2022-01-01 01:25:00,Station_28,27.366600449371624,-93.60802124855266,Forest,6.82,32.86,0.73,577.17,10,1025.53,0.66
2022-01-01 01:30:00,Station_28,47.814709295721734,-87.87733745451851,Barren,18.94,48.22,1.21,319.85,1,1010.7,0.66
2022-01-01 01:35:00,Station_28,30.1741980071125,-88.97522231974,Forest,13.98,48.92,13.47,583.75,9,985.62,0.56
2022-01-01 01:40:00,Station_28,25.9065479789493,-110.48932841719902,Water,-4.77,65.78,0.72,125.57,10,1004.39,0.27
2022-01-01 01:45:00,Station_28,27.96579407663065,-96.5814360826291,Water,8.05,33.37,6.77,370.05,10,1027.13,0.1
2022-01-01 01:50:00,Station_28,41.558791861491244,-120.87801799526918,Barren,19.61,79.08,3.64,510.25,7,1040.83,0.47
2022-01-01 01:55:00,Station_28,28.048496670203278,-91.22117255122093,Forest,8.33,62.27,7.1,316.91,3,1044.6,0.74
2022-01-01 02:00:00,Station_28,44.64651833792582,-110.33482186931562,Forest,25.84,57.0,2.28,730.7,7,981.75,0.83
2022-01-01 02:05:00,Station_28,46.89128002254975,-78.2103598081003,Barren,13.2,59.25,2.68,560.14,4,1031.75,0.54
2022-01-01 02:10:00,Station_28,28.71702760978006,-122.41520945250645,Water,-2.56,88.07,1.55,845.71,8,1037.81,0.84
2022-01-01 02:15:00,Station_28,35.594948760918506,-101.92489386814994,Urban,11.53,78.23,13.56,527.93,4,1032.79,0.6
2022-01-01 02:20:00,Station_28,41.4835793474369,-116.47259235446818,Forest,11.72,40.69,3.19,368.44,9,1027.21,0.79
2022-01-01 02:25:00,Station_28,45.43164264767587,-84.80904727370331,Forest,3.12,68.44,13.79,187.36,6,1039.02,0.35
2022-01-01 02:30:00,Station_28,31.10094355025506,-65.8768949212418,Water,13.47,34.0,5.09,420.4,1,993.49,0.38
2022-01-01 02:35:00,Station_28,42.81198859019361,-67.62561152138503,Water,-2.77,68.99,3.32,110.62,10,1012.9,0.89
2022-01-01 02:40:00,Station_28,27.679646578903736,-111.06663596562147,Forest,21.15,30.15,3.95,214.56,3,987.65,0.52
2022-01-01 02:45:00,Station_28,45.502519798227624,-102.10176311195833,Barren,3.74,81.66,8.9,621.16,4,1034.63,0.73
2022-01-01 02:50:00,Station_28,40.60494395785649,-78.97600717707303,Urban,9.74,36.51,10.19,370.8,4,1039.3,0.68
2022-01-01 02:55:00,Station_28,36.4256702260698,-90.41114835914283,Water,2.04,50.98,11.79,508.36,3,1045.48,0.23
2022-01-01 03:00:00,Station_28,31.460361575997673,-93.62822007036503,Agricultural,11.13,52.8,7.08,141.38,5,1025.83,0.54
2022-01-01 03:05:00,Station_28,33.666029511356086,-96.09368373301768,Barren,10.95,54.53,14.08,258.33,7,1017.38,0.7
2022-01-01 03:10:00,Station_28,49.41444590551174,-90.80589767279514,Forest,26.61,43.45,0.26,759.91,3,981.36,0.61
2022-01-01 03:15:00,Station_28,44.948523846209994,-80.01044832456623,Urban,13.58,70.26,1.5,771.23,1,1022.99,0.9
2022-01-01 03:20:00,Station_28,46.32297352120749,-118.7909771261358,Forest,32.67,42.9,9.45,769.72,9,1045.64,0.58
2022-01-01 03:25:00,Station_28,38.790253623369644,-106.19463897708543,Barren,15.43,79.84,1.68,630.24,6,1040.75,0.55
2022-01-01 03:30:00,Station_28,40.01817361487644,-62.513164031426314,Forest,12.94,50.79,0.89,426.24,2,1028.73,0.63
2022-01-01 03:35:00,Station_28,38.24344107320864,-82.26578803983612,Forest,26.27,50.32,7.6,615.75,2,1047.58,0.51
2022-01-01 03:40:00,Station_28,35.11759107925756,-91.98636084181219,Water,19.47,82.85,6.0,139.49,6,1008.49,0.43
2022-01-01 03:45:00,Station_28,36.22101251128451,-77.30831386205531,Agricultural,13.16,41.68,6.24,318.26,8,1010.27,0.18
2022-01-01 03:50:00,Station_28,41.28212207127335,-107.50804844796973,Agricultural,20.58,73.72,6.38,542.71,9,993.31,0.36
2022-01-01 03:55:00,Station_28,38.02036036773089,-98.77969823222938,Agricultural,27.61,50.95,2.05,404.57,6,1013.29,0.67
2022-01-01 04:00:00,Station_28,25.636270277394953,-116.27176658979778,Barren,12.07,36.61,7.58,889.75,8,989.69,0.57
2022-01-01 04:05:00,Station_28,44.247079267400736,-78.53679728308369,Water,-8.84,44.27,13.99,695.12,5,1008.59,0.81
2022-01-01 04:10:00,Station_28,38.016822066420666,-107.57754018273361,Forest,22.63,51.42,12.79,178.77,7,1001.55,0.35
2022-01-01 04:15:00,Station_28,43.22120495876992,-78.69640190016582,Forest,5.92,75.04,4.6,870.57,4,1041.49,0.64
2022-01-01 04:20:00,Station_28,35.85909757467786,-124.15776587056769,Urban,17.84,74.63,14.45,693.87,9,1024.48,0.48
2022-01-01 04:25:00,Station_28,49.51595869298627,-119.98005773767426,Water,26.79,82.59,12.26,536.54,8,1029.66,0.39
2022-01-01 04:30:00,Station_28,26.65639815811661,-62.374245013523975,Urban,15.74,38.98,2.33,313.37,1,988.61,0.24
2022-01-01 04:35:00,Station_28,35.92810511332191,-118.61888147579816,Urban,15.79,75.1,5.65,121.56,7,1012.4,0.64
2022-01-01 04:40:00,Station_28,47.49650478415874,-64.15612704463581,Water,33.27,67.49,13.68,872.32,3,1019.93,0.19
2022-01-01 04:45:00,Station_28,44.380833054842185,-84.481556368839,Forest,-2.94,67.03,9.41,497.47,4,995.87,0.81
2022-01-01 04:50:00,Station_28,27.05309874644931,-124.04455138300332,Barren,7.35,58.74,8.16,564.44,8,1039.02,0.54
2022-01-01 04:55:00,Station_28,47.19897155758058,-88.14636502772747,Forest,-6.04,89.98,13.27,613.84,7,1038.26,0.6
2022-01-01 05:00:00,Station_28,32.83280415177608,-68.98341810136772,Water,23.54,55.46,7.99,887.98,1,998.27,0.89
2022-01-01 05:05:00,Station_28,44.487920383939894,-97.16238446838885,Barren,31.6,64.43,4.14,912.03,9,1027.8,0.8
2022-01-01 05:10:00,Station_28,30.869188131137417,-61.441567537728055,Barren,21.53,62.05,2.98,525.57,9,1008.22,0.42
2022-01-01 05:15:00,Station_28,40.388197469166876,-92.40428988129625,Barren,22.61,39.53,3.01,431.75,10,1008.46,0.4
2022-01-01 05:20:00,Station_28,46.449378348412786,-105.16079149256109,Urban,16.26,77.18,14.53,137.33,0,1028.93,0.73
2022-01-01 05:25:00,Station_28,25.69720200520767,-72.26627081996023,Water,32.13,80.45,1.2,393.51,8,1015.98,0.63
2022-01-01 05:30:00,Station_28,30.956165911981877,-108.55051080071125,Agricultural,4.1,62.09,7.03,308.64,0,1004.36,0.25
2022-01-01 05:35:00,Station_28,28.232938515024063,-72.64422627533388,Water,23.48,60.11,12.47,266.72,9,988.16,0.46
2022-01-01 05:40:00,Station_28,48.1774949561988,-109.77748171532869,Barren,28.37,65.61,11.4,577.23,6,1010.01,0.24
2022-01-01 05:45:00,Station_28,40.07607516535583,-105.25074802655637,Water,30.22,58.06,12.59,401.98,3,1018.75,0.42
2022-01-01 05:50:00,Station_28,47.11254897948317,-70.85485631276592,Forest,34.06,44.74,4.71,756.34,7,993.0,0.67
2022-01-01 05:55:00,Station_28,27.754871411488246,-117.71675073123393,Barren,22.82,40.44,5.33,139.33,3,1036.08,0.55
2022-01-01 06:00:00,Station_28,27.447029959719316,-61.12908340966149,Urban,15.67,69.6,5.54,442.05,7,1031.52,0.44
2022-01-01 06:05:00,Station_28,27.303893302437714,-65.46627824892306,Water,10.35,53.73,1.66,879.82,7,1034.11,0.62
2022-01-01 06:10:00,Station_28,40.98663657634972,-94.5636564045326,Urban,31.72,70.44,0.64,235.49,1,1018.71,0.76
2022-01-01 06:15:00,Station_28,40.7561968776475,-109.11473710503248,Agricultural,10.7,72.26,11.27,864.89,10,985.2,0.9
2022-01-01 06:20:00,Station_28,28.390836952987875,-109.29949166045733,Urban,24.03,89.04,2.92,641.89,6,997.54,0.19
2022-01-01 06:25:00,Station_28,35.23039471311306,-111.52931451380594,Agricultural,27.52,31.34,12.59,678.47,9,994.15,0.15
2022-01-01 06:30:00,Station_28,26.81330607943191,-86.48693805772126,Urban,7.37,47.73,6.7,692.85,5,1039.26,0.71
2022-01-01 06:35:00,Station_28,32.22996715875709,-112.23882609786729,Urban,-9.35,84.89,1.61,661.19,6,1018.6,0.51
2022-01-01 06:40:00,Station_28,41.065542922197984,-121.41283070438531,Forest,10.77,56.17,5.75,479.31,3,1020.84,0.24
2022-01-01 06:45:00,Station_28,30.64079637068498,-100.59381626984649,Agricultural,28.09,59.3,1.18,582.16,1,1025.65,0.6
2022-01-01 06:50:00,Station_28,39.28157636545959,-62.74683700668615,Urban,27.48,58.82,6.85,859.91,7,1034.7,0.77
2022-01-01 06:55:00,Station_28,27.428935038536068,-97.24467675511698,Agricultural,20.26,43.6,11.91,820.71,2,1020.25,0.85
2022-01-01 07:00:00,Station_28,38.96990843479344,-121.23285582380574,Water,19.42,82.91,4.97,239.6,5,1041.1,0.16
2022-01-01 07:05:00,Station_28,27.261506080133287,-114.19862979893965,Urban,-4.0,46.06,9.48,839.25,10,1038.62,0.78
2022-01-01 07:10:00,Station_28,34.87043204474177,-124.04163391951326,Barren,3.17,66.1,10.64,285.87,2,1012.57,0.12
2022-01-01 07:15:00,Station_28,47.679708093249765,-114.96295615279234,Urban,3.93,69.6,6.1,187.5,7,981.87,0.75
2022-01-01 07:20:00,Station_28,47.89710535787273,-67.2124336116709,Urban,4.11,31.9,6.96,888.58,5,1000.46,0.65
2022-01-01 07:25:00,Station_28,47.097472541952854,-97.11484589900353,Barren,15.74,65.16,3.11,345.87,2,1010.5,0.2
2022-01-01 07:30:00,Station_28,36.87583437920793,-70.12811181931949,Urban,20.46,60.45,14.66,232.55,2,1000.99,0.29
2022-01-01 07:35:00,Station_28,41.794485837357804,-105.66226498937277,Agricultural,6.8,86.05,8.8,744.96,6,985.72,0.3
2022-01-01 07:40:00,Station_28,37.04316082125197,-116.14998741840938,Agricultural,26.04,84.76,10.21,682.45,3,1012.93,0.33
2022-01-01 07:45:00,Station_28,39.545649586128405,-112.13222549759939,Barren,-8.22,64.59,0.12,769.98,0,981.81,0.55
2022-01-01 07:50:00,Station_28,27.140499550291594,-66.26882002228407,Water,17.14,43.0,12.42,861.96,6,1023.97,0.29
2022-01-01 07:55:00,Station_28,36.01459399783037,-87.61793071438146,Agricultural,-4.06,37.16,4.26,892.05,2,996.28,0.67
2022-01-01 08:00:00,Station_28,43.68457222044624,-96.261815618948,Forest,-6.08,87.05,13.37,282.36,1,1018.72,0.23
2022-01-01 08:05:00,Station_28,39.93555672438353,-88.05329613437735,Agricultural,26.79,30.27,0.6,323.15,1,1031.74,0.11
2022-01-01 08:10:00,Station_28,31.563037900953624,-76.3522368621432,Agricultural,4.8,38.93,5.47,415.28,3,1023.55,0.73
2022-01-01 08:15:00,Station_28,38.31264577206076,-110.59715744147076,Agricultural,21.69,38.83,8.06,554.78,0,994.69,0.18
2022-01-01 08:20:00,Station_28,40.40182287656468,-80.65004200321222,Agricultural,-4.17,69.77,14.56,876.86,3,996.35,0.67
2022-01-01 08:25:00,Station_28,33.51874796295455,-96.55387615762373,Water,5.71,41.09,10.06,670.06,0,1026.65,0.88
2022-01-01 08:30:00,Station_28,46.58195191388354,-112.48127962597934,Water,30.82,75.19,2.72,263.64,3,1045.46,0.81
2022-01-01 08:35:00,Station_28,43.976395125775454,-84.53386436315822,Agricultural,17.31,64.08,1.13,247.78,8,997.87,0.62
2022-01-01 08:40:00,Station_28,46.880735607609665,-108.52283580351903,Water,9.67,82.21,14.98,824.16,2,997.91,0.25
2022-01-01 08:45:00,Station_28,40.945405426594064,-61.38136199180724,Agricultural,19.05,36.34,11.28,705.36,3,1017.29,0.47
2022-01-01 08:50:00,Station_28,43.736800516872655,-81.07022558804726,Water,-1.25,68.65,6.07,129.4,7,1037.45,0.68
2022-01-01 08:55:00,Station_28,40.60508001295157,-83.0324643948945,Water,9.82,78.48,14.15,287.75,10,1007.66,0.27
2022-01-01 09:00:00,Station_28,46.26347383800278,-68.37733044500925,Forest,21.14,80.41,4.66,338.26,8,1037.36,0.82
2022-01-01 09:05:00,Station_28,36.31087730276968,-115.12665507668125,Water,17.86,89.66,4.51,304.58,9,1049.88,0.59
2022-01-01 09:10:00,Station_28,45.58637335018951,-108.16927046870137,Agricultural,7.84,85.64,9.86,510.97,10,985.1,0.77
2022-01-01 09:15:00,Station_28,43.90566582265079,-62.99727259024988,Forest,31.18,53.04,10.48,121.43,8,1011.51,0.85
2022-01-01 09:20:00,Station_28,25.85030398288001,-93.24843581369583,Agricultural,29.07,35.9,3.63,575.44,9,1031.07,0.53
2022-01-01 09:25:00,Station_28,39.194325324634015,-116.86273966917993,Urban,10.48,52.48,12.81,920.77,5,1017.18,0.14
2022-01-01 09:30:00,Station_28,28.505216430564907,-112.2990783686498,Water,19.91,52.73,3.49,652.41,1,1019.94,0.83
2022-01-01 09:35:00,Station_28,32.7746501210945,-102.49234757748857,Water,12.58,67.56,8.23,936.97,4,994.56,0.45
2022-01-01 09:40:00,Station_28,30.25968206104225,-123.41956494957768,Urban,-1.01,78.24,11.03,955.5,3,1007.47,0.27
2022-01-01 09:45:00,Station_28,25.481733133654906,-80.07249459599231,Water,6.76,31.65,3.08,404.17,3,1012.48,0.67
2022-01-01 09:50:00,Station_28,28.690966245724383,-106.66881770438465,Water,19.93,45.86,4.64,808.97,5,983.84,0.64
2022-01-01 09:55:00,Station_28,48.72713235923751,-88.79933252141325,Barren,-1.68,65.43,13.71,380.3,5,983.08,0.7
2022-01-01 10:00:00,Station_28,26.23507789141306,-98.96919865614858,Water,8.82,33.25,5.7,694.98,2,1017.32,0.33
2022-01-01 10:05:00,Station_28,31.446856961709294,-80.29645162932736,Agricultural,-3.42,32.68,11.32,548.56,9,1036.56,0.12
2022-01-01 10:10:00,Station_28,47.09418673308904,-116.66170581967953,Forest,7.18,30.54,2.29,214.6,0,981.01,0.29
2022-01-01 10:15:00,Station_28,42.30079104840578,-117.782718317644,Forest,31.16,85.01,2.68,800.94,6,996.54,0.48
2022-01-01 10:20:00,Station_28,38.342569279258754,-79.38524134125602,Urban,12.41,65.87,10.3,408.79,0,1026.26,0.34
2022-01-01 10:25:00,Station_28,47.0236672468524,-89.08985250534593,Barren,-8.78,75.17,9.27,563.41,1,1020.07,0.24
2022-01-01 10:30:00,Station_28,47.32897330052101,-115.55240260753526,Urban,5.87,54.25,8.12,654.6,0,1010.64,0.47
2022-01-01 10:35:00,Station_28,41.99071261218693,-123.88355408130637,Urban,0.84,52.69,8.43,603.7,9,1019.02,0.47
2022-01-01 10:40:00,Station_28,45.46770579790633,-119.41519621022051,Agricultural,-4.6,40.81,4.48,509.94,6,1042.7,0.21
2022-01-01 10:45:00,Station_28,26.086367906799428,-94.6903327035697,Agricultural,15.11,37.47,8.79,416.15,6,1044.96,0.89
2022-01-01 10:50:00,Station_28,27.267469718606332,-86.08963561020511,Barren,27.33,37.92,11.66,692.19,3,983.75,0.17
2022-01-01 10:55:00,Station_28,29.117905573801547,-95.89834052423302,Forest,34.85,80.53,2.44,644.8,6,1042.61,0.45
2022-01-01 11:00:00,Station_28,48.838182977527715,-110.83954010491244,Water,11.56,83.87,5.69,218.41,9,1005.53,0.42
2022-01-01 11:05:00,Station_28,48.12648335428575,-75.17463675677325,Barren,27.25,48.32,11.16,854.49,7,1002.98,0.84
2022-01-01 11:10:00,Station_28,34.13045899276191,-95.41790076414485,Water,30.94,30.98,2.68,884.63,10,1016.05,0.63
2022-01-01 11:15:00,Station_28,42.044912409558954,-73.77180762610848,Agricultural,29.15,88.7,2.94,101.61,8,1038.93,0.65
2022-01-01 11:20:00,Station_28,40.39282468286763,-74.44858522951657,Barren,-1.73,49.71,11.94,182.8,2,1020.7,0.4
2022-01-01 11:25:00,Station_28,48.23912301566763,-95.376239640534,Water,28.81,83.81,14.2,260.91,7,1010.25,0.6
2022-01-01 11:30:00,Station_28,35.61619661627832,-86.60010100154325,Agricultural,15.24,84.64,14.67,424.82,3,1001.46,0.18
2022-01-01 11:35:00,Station_28,48.21076994759261,-111.72035741009987,Forest,13.72,82.68,11.73,570.74,8,1018.47,0.39
2022-01-01 11:40:00,Station_28,49.21386888570124,-89.73733458715088,Agricultural,-5.48,30.15,12.06,392.23,1,1038.88,0.66
2022-01-01 11:45:00,Station_28,47.22297263375266,-119.60759766900588,Agricultural,-8.79,51.8,5.91,725.75,2,1015.71,0.19
2022-01-01 11:50:00,Station_28,39.70019886599362,-96.63128732068225,Urban,-3.48,72.32,8.29,265.98,4,980.51,0.84
2022-01-01 11:55:00,Station_28,30.472204431289022,-67.11538013273758,Barren,-7.27,41.45,14.39,812.93,10,1030.56,0.78
2022-01-01 12:00:00,Station_28,28.32620188197587,-107.35461635084346,Urban,22.74,35.14,4.99,473.12,3,983.45,0.29
2022-01-01 12:05:00,Station_28,39.91474862395653,-118.00827674276803,Agricultural,18.43,53.99,3.42,252.24,3,1047.85,0.65
2022-01-01 12:10:00,Station_28,43.321554014167624,-63.52185177329479,Agricultural,-5.81,54.66,10.06,121.87,6,1044.55,0.74
2022-01-01 12:15:00,Station_28,48.680838216260305,-116.59298366833377,Barren,10.29,78.65,12.72,948.06,10,1026.61,0.35
2022-01-01 12:20:00,Station_28,25.940756316099435,-74.2197449591222,Water,24.57,87.29,1.22,607.62,5,995.95,0.5
2022-01-01 12:25:00,Station_28,49.09640284564826,-110.97456125139897,Barren,26.25,71.42,11.49,337.13,7,1033.25,0.27
2022-01-01 12:30:00,Station_28,43.26449568625166,-62.003350778513855,Barren,-4.96,64.89,8.07,944.58,5,984.97,0.8
2022-01-01 12:35:00,Station_28,30.33569903711919,-92.10364425324121,Barren,28.64,71.73,5.56,887.06,8,1000.34,0.66
2022-01-01 12:40:00,Station_28,34.45589856363954,-105.69305986188715,Agricultural,26.82,52.45,11.59,910.75,9,1030.61,0.86
2022-01-01 12:45:00,Station_28,29.937467219571193,-78.72934411229105,Agricultural,18.93,63.24,0.3,814.82,4,1018.22,0.39
2022-01-01 12:50:00,Station_28,38.27146822168638,-112.15836448254018,Barren,23.1,84.2,12.11,233.1,5,1011.56,0.87
2022-01-01 12:55:00,Station_28,44.65382272213128,-103.89393350711109,Water,5.99,63.04,7.31,810.17,10,989.03,0.65
2022-01-01 13:00:00,Station_28,32.821507775545975,-70.91982608192629,Water,20.04,79.18,3.66,731.87,8,1011.26,0.46
2022-01-01 13:05:00,Station_28,45.78239536736332,-99.86372318507827,Urban,14.12,37.44,4.55,544.23,2,1035.27,0.84
2022-01-01 13:10:00,Station_28,31.854175091906797,-70.16133633424097,Urban,34.32,34.27,6.58,869.59,0,992.53,0.42
2022-01-01 13:15:00,Station_28,31.05371435246425,-75.9539789451145,Forest,5.02,30.68,9.93,829.71,1,1035.68,0.3
2022-01-01 13:20:00,Station_28,49.3922238420576,-73.54086592420703,Forest,-9.81,51.29,10.16,663.46,2,1032.47,0.35
2022-01-01 13:25:00,Station_28,25.67291356446649,-86.80257462768662,Barren,28.07,47.2,2.19,679.6,4,1049.73,0.63
2022-01-01 13:30:00,Station_28,45.25474348579334,-66.28215780581648,Barren,1.28,54.79,5.81,897.93,10,1048.71,0.74
2022-01-01 13:35:00,Station_28,36.784905177228836,-88.75736360124658,Agricultural,-5.35,36.42,10.26,446.31,9,1037.42,0.54
2022-01-01 13:40:00,Station_28,49.49321516393745,-118.04573663896096,Water,10.85,58.29,4.08,845.93,7,1012.45,0.19
2022-01-01 13:45:00,Station_28,29.974972613519423,-118.70397785888738,Barren,29.34,89.0,4.1,812.98,10,996.78,0.61
2022-01-01 13:50:00,Station_28,25.3721707824536,-101.16947651431016,Agricultural,-7.41,31.62,3.78,946.37,10,981.51,0.13
2022-01-01 13:55:00,Station_28,39.27457760223735,-111.15142113004086,Water,26.58,42.39,3.74,217.21,7,1003.41,0.89
2022-01-01 14:00:00,Station_28,37.116215624765324,-68.37447101240126,Agricultural,9.43,30.4,4.47,179.7,5,994.03,0.27
2022-01-01 14:05:00,Station_28,28.17991583220778,-70.16744141957109,Water,9.34,53.34,9.72,268.92,10,982.97,0.71
2022-01-01 14:10:00,Station_28,35.92828980942167,-115.67314860165558,Urban,-5.58,52.45,7.44,636.54,6,984.9,0.4
2022-01-01 14:15:00,Station_28,38.14511992552259,-92.68667736787876,Urban,18.16,85.77,1.11,654.12,9,1010.27,0.24
2022-01-01 14:20:00,Station_28,27.299124823079175,-69.0905049493316,Agricultural,14.41,68.32,14.77,334.16,4,1031.11,0.27
2022-01-01 14:25:00,Station_28,41.38707055866661,-86.96165532702743,Agricultural,-5.08,45.36,6.48,217.04,0,1038.32,0.39
2022-01-01 14:30:00,Station_28,36.912435750586056,-107.47241754507802,Water,26.93,74.13,0.5,655.8,5,1042.04,0.27
2022-01-01 14:35:00,Station_28,35.14093339817837,-93.65207779302371,Barren,20.32,60.66,8.6,949.66,2,1025.86,0.68
2022-01-01 14:40:00,Station_28,30.143400407172813,-112.13408566691915,Forest,26.75,59.73,13.47,585.02,9,1036.47,0.38
2022-01-01 14:45:00,Station_28,36.31973509752212,-60.384631795800644,Agricultural,32.05,58.98,0.68,800.41,5,982.7,0.29
2022-01-01 14:50:00,Station_28,41.95570780494591,-86.79148257474364,Barren,33.87,73.48,12.77,485.08,8,1011.77,0.85
2022-01-01 14:55:00,Station_28,37.03563997450136,-71.48574659422694,Water,3.61,42.71,11.22,510.06,10,1018.66,0.11
2022-01-01 15:00:00,Station_28,28.16225312100036,-71.32235741362776,Barren,-3.72,51.32,8.05,482.51,4,1002.06,0.6
2022-01-01 15:05:00,Station_28,49.16860814115621,-105.49112434875121,Urban,23.55,82.21,10.33,491.32,3,981.03,0.78
2022-01-01 15:10:00,Station_28,36.07168802050481,-89.27700888335019,Urban,22.8,71.65,0.99,334.67,1,1038.23,0.23
2022-01-01 15:15:00,Station_28,30.176284603995306,-122.6934313223299,Agricultural,29.04,72.84,13.89,700.26,8,1009.07,0.3
2022-01-01 15:20:00,Station_28,38.850202667143606,-85.89988828327947,Barren,16.48,77.21,9.61,773.24,2,983.79,0.17
2022-01-01 15:25:00,Station_28,36.037655085331835,-115.12323272889564,Water,-7.62,75.64,6.85,726.57,7,1001.6,0.74
2022-01-01 15:30:00,Station_28,33.75224315415626,-66.02036818625385,Barren,-7.87,34.9,2.89,275.34,10,1007.64,0.39
2022-01-01 15:35:00,Station_28,44.06192000244703,-111.14651545584597,Water,-7.48,51.18,1.88,242.89,1,1001.76,0.77
2022-01-01 15:40:00,Station_28,44.7385787254612,-69.6834436699142,Water,-8.59,37.49,6.05,550.69,6,1044.4,0.19
2022-01-01 15:45:00,Station_28,37.63660467735213,-65.02414426595992,Agricultural,11.93,75.29,9.41,781.48,8,1026.92,0.73
2022-01-01 15:50:00,Station_28,43.22551238540055,-117.41587250299348,Forest,10.31,42.96,6.37,579.26,4,980.66,0.9
2022-01-01 15:55:00,Station_28,44.379854308319935,-78.94166430869193,Forest,1.09,41.6,12.05,277.22,7,999.77,0.66
2022-01-01 16:00:00,Station_28,47.838669296830574,-105.02348161188199,Urban,12.13,89.72,3.69,736.87,5,1047.33,0.6
2022-01-01 16:05:00,Station_28,44.48622975679994,-101.6499492003688,Barren,19.86,72.69,2.8,192.92,2,1011.02,0.11
2022-01-01 16:10:00,Station_28,40.15613166938769,-72.56898948361135,Forest,8.68,61.87,5.5,401.22,0,1040.35,0.36
2022-01-01 16:15:00,Station_28,44.993767743238756,-121.01397047860912,Urban,22.95,62.17,9.42,214.85,9,1028.44,0.45
2022-01-01 16:20:00,Station_28,37.858035670327844,-87.37922045980935,Agricultural,27.32,34.65,11.63,586.05,1,1024.0,0.24
2022-01-01 16:25:00,Station_28,27.636970109025487,-77.76963862446077,Barren,20.64,74.99,14.87,156.14,0,1040.57,0.43
2022-01-01 16:30:00,Station_28,27.529110414758414,-103.79613627685399,Barren,13.96,49.38,6.24,780.24,5,1041.43,0.49
2022-01-01 16:35:00,Station_28,35.562883258757864,-79.78373823379704,Water,27.94,75.91,4.38,663.87,4,1037.63,0.45
2022-01-01 16:40:00,Station_28,43.05460892535628,-105.0842935775503,Water,2.22,40.02,14.07,330.45,10,992.84,0.43
2022-01-01 16:45:00,Station_28,49.262822754787294,-79.79629860161543,Water,16.18,80.92,6.35,261.72,5,1045.25,0.52
2022-01-01 16:50:00,Station_28,39.82156458270194,-62.53729586745099,Water,18.37,51.09,7.67,439.66,10,1042.13,0.11
2022-01-01 16:55:00,Station_28,33.29422751569521,-121.61864291304337,Forest,13.62,89.6,11.94,582.53,4,999.44,0.83
2022-01-01 17:00:00,Station_28,33.501862679095154,-116.68841722516476,Agricultural,17.72,60.03,1.32,574.08,0,1012.18,0.59
2022-01-01 17:05:00,Station_28,34.54841424408366,-76.61556372460254,Agricultural,30.52,71.89,5.69,378.96,6,1011.53,0.15
2022-01-01 17:10:00,Station_28,47.87963803342802,-76.84641925033415,Agricultural,24.6,65.82,1.63,829.93,3,1047.01,0.74
2022-01-01 17:15:00,Station_28,38.07687964512671,-113.75849150592718,Barren,32.64,64.42,12.82,349.95,3,1009.11,0.54
2022-01-01 17:20:00,Station_28,32.81526023020292,-62.968699104845584,Barren,8.28,74.19,2.39,248.08,5,1048.05,0.36
2022-01-01 17:25:00,Station_28,31.29659982194725,-69.7316831016515,Urban,-8.59,80.65,1.32,682.33,2,1048.97,0.75
2022-01-01 17:30:00,Station_28,36.58635638471175,-84.13743479545388,Agricultural,28.22,36.34,9.73,935.71,10,997.04,0.27
2022-01-01 17:35:00,Station_28,33.71368746441587,-118.45784957171932,Barren,12.71,39.55,13.37,286.98,7,981.05,0.5
2022-01-01 17:40:00,Station_28,43.26691245053608,-124.78899366185944,Agricultural,26.7,50.95,14.91,643.98,7,1031.04,0.77
2022-01-01 17:45:00,Station_28,39.435518727492266,-110.42447099859362,Water,34.03,34.21,13.63,434.15,10,995.63,0.3
2022-01-01 17:50:00,Station_28,48.582692834618584,-63.93407192356404,Forest,28.36,58.86,0.68,449.76,7,1038.29,0.4
2022-01-01 17:55:00,Station_28,27.536802688580725,-85.35826197958053,Water,-9.56,32.47,3.12,916.13,10,1018.62,0.53
2022-01-01 18:00:00,Station_28,37.136146708403686,-114.00019282828698,Agricultural,21.19,82.55,11.89,686.26,6,999.54,0.31
2022-01-01 18:05:00,Station_28,29.930674306922285,-101.00266492773304,Urban,-5.73,30.56,14.35,378.2,4,994.01,0.21
2022-01-01 18:10:00,Station_28,34.30672163698849,-103.59476318079761,Water,33.38,89.27,10.17,348.81,5,1026.52,0.43
2022-01-01 18:15:00,Station_28,46.074133454989834,-72.21929828542265,Barren,9.1,55.96,9.0,708.07,1,1047.58,0.56
2022-01-01 18:20:00,Station_28,46.843329584253965,-76.02249931599371,Barren,17.9,45.12,5.24,148.64,5,1014.19,0.82
2022-01-01 18:25:00,Station_28,41.15049877175821,-100.08004058289754,Agricultural,26.59,83.32,7.06,342.31,8,1022.23,0.89
2022-01-01 18:30:00,Station_28,34.76991480955667,-84.73691082663854,Barren,6.47,32.87,0.71,136.63,3,980.63,0.11
2022-01-01 18:35:00,Station_28,49.628770506855005,-122.8242984967237,Urban,28.67,36.88,1.14,123.84,5,983.55,0.27
2022-01-01 18:40:00,Station_28,40.558133901244766,-90.18665413535041,Water,-9.82,38.98,6.4,725.0,0,1018.69,0.42
2022-01-01 18:45:00,Station_28,29.584935307946104,-93.85863621232676,Agricultural,14.06,87.4,13.11,422.69,10,985.31,0.27
2022-01-01 18:50:00,Station_28,34.90818503703291,-91.81173780860684,Agricultural,23.23,80.28,9.22,991.63,6,1000.13,0.47
2022-01-01 18:55:00,Station_28,26.753458667635748,-100.89350853857266,Water,22.53,83.03,14.58,168.48,3,1010.41,0.58
2022-01-01 19:00:00,Station_28,49.468822411743375,-106.53186215083879,Agricultural,18.92,70.4,10.96,529.54,9,1011.05,0.32
2022-01-01 19:05:00,Station_28,35.40509649353287,-115.64218935916068,Barren,26.88,59.31,2.52,728.12,2,1028.92,0.19
2022-01-01 19:10:00,Station_28,38.245888281946876,-95.4320032654302,Urban,-7.56,46.23,11.91,926.56,5,1038.48,0.42
2022-01-01 19:15:00,Station_28,33.43887096117929,-101.11545417427342,Water,18.15,75.73,14.29,832.12,6,1008.49,0.75
2022-01-01 19:20:00,Station_28,32.902120198952964,-63.2868494011577,Urban,15.66,78.43,5.3,416.55,7,1028.39,0.81
2022-01-01 19:25:00,Station_28,41.092983591097514,-111.18645157835873,Urban,15.2,77.19,12.44,145.24,10,1034.15,0.48
2022-01-01 19:30:00,Station_28,25.32557895820449,-108.02824600752719,Agricultural,32.6,38.92,1.67,522.51,10,1001.07,0.13
2022-01-01 19:35:00,Station_28,45.99740771741464,-103.88481099636061,Water,30.79,80.6,12.01,737.89,6,1016.08,0.77
2022-01-01 19:40:00,Station_28,45.62334639084226,-123.0714501989849,Barren,28.53,84.69,3.96,948.34,10,1017.49,0.34
2022-01-01 19:45:00,Station_28,41.808389554437916,-108.92861149382865,Forest,28.48,64.93,8.34,838.48,9,1042.88,0.46
2022-01-01 19:50:00,Station_28,43.835921967952416,-115.35491772443446,Water,1.46,43.58,5.84,967.89,7,1030.32,0.84
2022-01-01 19:55:00,Station_28,32.848513179262234,-78.0161991738212,Barren,-9.01,39.12,4.66,277.15,8,1039.81,0.36
2022-01-01 20:00:00,Station_28,25.673399714648422,-84.43973377257947,Forest,1.56,32.64,13.47,617.72,5,1002.33,0.81
2022-01-01 20:05:00,Station_28,31.745624750166236,-74.87677698299592,Agricultural,4.83,85.06,5.62,327.42,7,984.34,0.59
2022-01-01 20:10:00,Station_28,42.579077394694266,-111.89813991374315,Barren,-1.82,60.98,10.65,906.81,10,1036.78,0.3
2022-01-01 20:15:00,Station_28,42.33320216520316,-108.22220058903054,Water,-0.93,51.36,12.19,627.96,9,1048.8,0.29
2022-01-01 20:20:00,Station_28,46.28380403222596,-112.84562840971051,Barren,26.7,41.4,0.76,325.1,7,980.03,0.33
2022-01-01 20:25:00,Station_28,35.59404807437453,-74.71312419403259,Urban,9.7,51.87,4.4,240.06,6,993.99,0.37
2022-01-01 20:30:00,Station_28,38.999065273431164,-106.70928837974925,Water,16.13,63.22,9.41,765.21,9,1024.21,0.4
2022-01-01 20:35:00,Station_28,36.57500285634184,-123.72023252448672,Barren,5.26,61.7,5.52,154.97,0,993.83,0.56
2022-01-01 20:40:00,Station_28,45.26008620001011,-85.07493670144106,Agricultural,7.54,69.49,4.38,397.28,7,994.46,0.74
2022-01-01 20:45:00,Station_28,41.3328767782334,-114.01529044782656,Agricultural,14.81,67.4,6.26,376.15,6,1020.45,0.63
2022-01-01 20:50:00,Station_28,43.349677218830195,-89.74771493958818,Barren,19.59,74.63,8.71,607.44,3,1001.65,0.37
2022-01-01 20:55:00,Station_28,38.65186924725869,-91.51247753367576,Water,5.61,56.34,1.38,427.22,10,983.75,0.15
2022-01-01 21:00:00,Station_28,40.93980078061099,-118.66670294713377,Water,34.43,34.53,14.71,887.97,10,1038.51,0.33
2022-01-01 21:05:00,Station_28,38.851573610087236,-71.16754151572145,Water,25.04,66.48,5.23,954.63,2,987.9,0.86
2022-01-01 21:10:00,Station_28,38.4782550995627,-112.62433614900937,Agricultural,-5.48,69.85,11.31,964.05,10,996.26,0.53
2022-01-01 21:15:00,Station_28,47.74343980072871,-86.0395283814819,Barren,11.67,72.27,12.7,632.78,4,1047.79,0.78
2022-01-01 21:20:00,Station_28,42.32348180484898,-116.0714610495115,Water,0.05,58.85,6.49,211.37,2,1025.68,0.17
2022-01-01 21:25:00,Station_28,39.97574650884438,-114.40721017154996,Water,5.24,73.38,14.16,102.53,3,998.2,0.71
2022-01-01 21:30:00,Station_28,43.20573465263263,-67.20328955062877,Urban,18.66,76.39,12.08,181.22,6,1024.71,0.75
2022-01-01 21:35:00,Station_28,37.657470876145794,-107.18441658319551,Urban,1.53,58.52,12.53,475.68,3,1004.74,0.42
2022-01-01 21:40:00,Station_28,45.19656553893485,-113.58139553409879,Agricultural,34.97,80.34,5.63,493.63,9,1010.16,0.17
2022-01-01 21:45:00,Station_28,36.28596723135858,-86.65026509763541,Agricultural,20.35,44.57,3.86,622.3,10,999.77,0.16
2022-01-01 21:50:00,Station_28,31.079620568099248,-62.19398600676768,Urban,-7.61,33.87,9.4,755.26,7,984.17,0.46
2022-01-01 21:55:00,Station_28,48.93635932447248,-104.1470041725081,Barren,17.78,36.64,1.57,889.62,6,980.66,0.69
2022-01-01 22:00:00,Station_28,43.018496034669724,-98.19931283626103,Water,27.38,90.0,13.23,793.96,4,1014.34,0.41
2022-01-01 22:05:00,Station_28,26.02456287014938,-69.67596371092218,Forest,22.97,30.03,12.75,358.53,1,1004.02,0.12
2022-01-01 22:10:00,Station_28,27.49888817519456,-64.44775900202075,Urban,0.48,75.24,7.83,424.22,2,996.51,0.73
2022-01-01 22:15:00,Station_28,49.81626020367941,-95.82683122609362,Urban,32.59,88.96,9.0,551.34,6,1027.27,0.89
2022-01-01 22:20:00,Station_28,35.85474564191625,-115.55904968630125,Barren,26.4,50.81,1.52,586.56,8,1024.06,0.74
2022-01-01 22:25:00,Station_28,28.924667718272005,-91.42062491137254,Urban,2.87,84.37,11.26,563.62,9,982.4,0.87
2022-01-01 22:30:00,Station_28,25.744534598854447,-81.38814159517247,Barren,19.74,30.37,6.9,466.18,7,1019.89,0.2
2022-01-01 22:35:00,Station_28,25.46705749722755,-124.30265833270178,Water,13.09,31.8,8.77,572.1,2,1011.11,0.44
2022-01-01 22:40:00,Station_28,42.36812574741349,-116.92040056468227,Urban,9.62,73.35,8.68,693.04,6,993.12,0.68
2022-01-01 22:45:00,Station_28,36.662000434141575,-103.60515859227465,Agricultural,23.5,39.46,4.7,374.6,7,1007.51,0.67
2022-01-01 22:50:00,Station_28,33.72584153647212,-118.510746517161,Urban,27.11,57.02,9.43,966.35,5,991.71,0.21
2022-01-01 22:55:00,Station_28,25.17774540596582,-72.33212538124852,Barren,23.28,32.9,12.25,183.03,9,1039.3,0.18
2022-01-01 23:00:00,Station_28,35.84746588480437,-79.92508488016293,Barren,24.71,70.71,2.17,548.51,1,1021.33,0.44
2022-01-01 23:05:00,Station_28,26.498483100324247,-93.54108617120725,Urban,-9.93,50.39,14.5,326.03,10,992.78,0.28
2022-01-01 23:10:00,Station_28,31.00622334152628,-82.91575449609907,Urban,-1.33,84.85,6.6,698.37,3,1011.45,0.53
2022-01-01 23:15:00,Station_28,45.17627044597347,-96.49019525288625,Agricultural,-0.8,83.27,14.58,670.21,1,991.47,0.17
2022-01-01 23:20:00,Station_28,27.72756949940532,-105.95186647436137,Forest,-7.02,45.73,11.27,641.9,3,1010.23,0.62
2022-01-01 23:25:00,Station_28,45.43832815723745,-114.73800978953305,Urban,21.16,57.87,2.33,645.79,1,1039.18,0.65
2022-01-01 23:30:00,Station_28,28.713864259072956,-121.80711764126112,Barren,5.28,66.5,8.94,887.18,0,984.7,0.53
2022-01-01 23:35:00,Station_28,27.690298113434668,-76.80608527323662,Urban,19.51,38.96,8.09,632.28,9,1043.49,0.29
2022-01-01 23:40:00,Station_28,42.03734272227936,-106.94877459025409,Urban,-7.9,44.81,6.37,937.51,9,997.06,0.83
2022-01-01 23:45:00,Station_28,27.979977134272787,-79.49366627380057,Water,-2.0,65.34,7.46,118.96,1,1003.37,0.55
2022-01-01 23:50:00,Station_28,43.5857297028233,-92.29673177021257,Water,10.71,41.36,9.53,465.73,4,994.09,0.18
2022-01-01 23:55:00,Station_28,32.91406404515063,-96.6833916308309,Urban,13.77,81.25,12.93,474.2,8,1041.04,0.51
2022-01-01 00:00:00,Station_29,49.82742189331128,-84.19851542309323,Agricultural,25.7,85.86,8.65,545.36,7,1039.81,0.65
2022-01-01 00:05:00,Station_29,27.066748139917372,-66.3726587256875,Barren,5.08,44.05,11.18,437.58,1,1024.03,0.4
2022-01-01 00:10:00,Station_29,40.12420490477327,-65.57463753164876,Water,17.14,88.58,2.29,705.98,0,1022.39,0.53
2022-01-01 00:15:00,Station_29,26.4012296387681,-99.37128830801493,Forest,0.93,53.31,14.57,735.29,7,1022.68,0.34
2022-01-01 00:20:00,Station_29,46.33042008539894,-65.86373898427802,Water,17.0,52.31,9.83,936.47,8,1013.76,0.9
2022-01-01 00:25:00,Station_29,40.37479604300877,-120.74546964271387,Urban,-6.62,82.27,11.79,580.53,8,991.43,0.6
2022-01-01 00:30:00,Station_29,39.237063726465294,-90.97879835530051,Forest,25.97,73.61,6.04,492.35,9,1042.11,0.42
2022-01-01 00:35:00,Station_29,30.328684063702458,-117.56056931947658,Agricultural,-3.12,55.55,1.05,674.85,7,989.39,0.47
2022-01-01 00:40:00,Station_29,47.980364870135546,-87.28077249235558,Water,-3.68,64.38,5.12,544.55,4,1028.57,0.7
2022-01-01 00:45:00,Station_29,35.055455410383104,-120.99809622198387,Forest,28.84,51.56,4.54,500.38,1,998.38,0.45
2022-01-01 00:50:00,Station_29,26.705759123030834,-93.06169092777142,Barren,19.97,50.92,14.38,109.55,6,1027.88,0.79
2022-01-01 00:55:00,Station_29,49.45218142123862,-63.87029974066285,Forest,29.87,48.26,9.59,292.86,9,1010.77,0.12
2022-01-01 01:00:00,Station_29,33.712663791000985,-110.41326533691745,Forest,-1.24,55.8,2.96,982.45,2,983.12,0.63
2022-01-01 01:05:00,Station_29,27.310720526215082,-69.14145041508945,Forest,-9.55,57.56,4.13,600.42,7,1007.31,0.49
2022-01-01 01:10:00,Station_29,43.23206873847621,-69.96698736814592,Water,17.36,44.23,13.19,640.77,1,1036.59,0.42
2022-01-01 01:15:00,Station_29,45.040772695505524,-94.79340254920385,Urban,4.6,89.02,7.76,310.36,2,984.23,0.54
2022-01-01 01:20:00,Station_29,41.76635577432379,-114.86525834573449,Urban,31.39,88.16,4.84,185.18,5,1004.31,0.5
2022-01-01 01:25:00,Station_29,48.166611156925406,-121.99642311161394,Forest,15.37,35.93,7.65,364.24,2,1042.13,0.73
2022-01-01 01:30:00,Station_29,29.700154384900863,-97.0293552298136,Water,27.17,74.89,3.5,678.2,10,1018.43,0.36
2022-01-01 01:35:00,Station_29,36.00293288117152,-115.87359448007837,Agricultural,30.97,41.65,5.99,530.32,2,1036.44,0.69
2022-01-01 01:40:00,Station_29,43.045119050008196,-104.56532825388598,Agricultural,10.76,81.57,7.13,395.27,4,986.45,0.54
2022-01-01 01:45:00,Station_29,28.02470274145625,-116.44402859333965,Forest,19.77,30.78,13.53,274.87,3,991.17,0.25
2022-01-01 01:50:00,Station_29,41.45439071403541,-121.74550320072368,Agricultural,-5.98,38.79,12.05,958.79,2,1042.13,0.47
2022-01-01 01:55:00,Station_29,31.41417782624445,-79.16430956980119,Water,-5.07,44.49,13.7,900.58,3,1047.85,0.88
2022-01-01 02:00:00,Station_29,39.62953670710556,-93.68466521136281,Barren,-9.93,67.47,1.48,443.6,4,1022.57,0.21
2022-01-01 02:05:00,Station_29,42.23687269523053,-65.227637977645,Urban,22.66,41.32,2.95,919.59,6,1042.33,0.6
2022-01-01 02:10:00,Station_29,48.85274848378202,-89.31289484721327,Forest,-5.57,35.5,7.84,848.66,0,1013.12,0.56
2022-01-01 02:15:00,Station_29,35.835568414112416,-77.75999544671228,Water,30.4,52.8,11.23,320.79,4,1046.58,0.49
2022-01-01 02:20:00,Station_29,48.90520654046893,-94.18350764258163,Forest,-1.36,48.73,10.63,747.91,2,1024.28,0.46
2022-01-01 02:25:00,Station_29,32.993953491545696,-97.2341861712966,Forest,17.64,36.78,1.82,710.28,0,1030.47,0.44
2022-01-01 02:30:00,Station_29,42.379654085141404,-84.68431406343697,Agricultural,21.56,68.08,11.11,300.19,8,985.16,0.71
2022-01-01 02:35:00,Station_29,32.08456518599145,-80.24117497102966,Urban,2.26,78.87,7.23,678.37,6,1036.03,0.25
2022-01-01 02:40:00,Station_29,35.75946469747501,-67.19257504203807,Agricultural,30.04,56.85,4.91,669.36,7,982.53,0.9
2022-01-01 02:45:00,Station_29,47.91988493806319,-113.92064168225265,Barren,20.41,60.95,12.02,666.85,5,987.08,0.72
2022-01-01 02:50:00,Station_29,43.15813575248191,-97.63344232007975,Urban,25.92,76.14,5.06,926.69,2,988.22,0.39
2022-01-01 02:55:00,Station_29,31.438358696229294,-63.949253034106704,Forest,9.93,55.95,14.66,252.12,0,1041.9,0.5
2022-01-01 03:00:00,Station_29,45.878062851121214,-103.38404526348056,Urban,-8.22,42.1,14.92,988.67,6,981.41,0.13
2022-01-01 03:05:00,Station_29,32.03673790767851,-76.05310362608186,Forest,-0.1,56.13,5.04,199.03,10,1045.45,0.67
2022-01-01 03:10:00,Station_29,46.67431861824048,-96.53699075825605,Urban,-4.41,87.98,6.59,329.64,9,1019.17,0.46
2022-01-01 03:15:00,Station_29,38.01617917181012,-61.03890547720612,Agricultural,26.03,88.9,6.12,178.09,7,1018.98,0.27
2022-01-01 03:20:00,Station_29,35.3822891726597,-113.02913297804199,Forest,6.23,63.83,1.19,298.1,4,1019.68,0.18
2022-01-01 03:25:00,Station_29,27.10698776215262,-86.28261437346985,Forest,-4.2,43.21,9.08,407.45,10,1026.57,0.45
2022-01-01 03:30:00,Station_29,46.60775475678941,-86.98280179017351,Water,18.28,48.72,4.54,705.33,9,986.0,0.84
2022-01-01 03:35:00,Station_29,45.69826245372617,-103.81380531437071,Forest,4.7,66.66,5.56,888.71,7,982.57,0.3
2022-01-01 03:40:00,Station_29,31.86937716154025,-114.7369296765269,Forest,12.1,48.09,7.64,479.09,6,992.35,0.35
2022-01-01 03:45:00,Station_29,41.14606383856102,-99.25844467792598,Urban,8.1,57.24,12.26,159.11,4,1020.96,0.22
2022-01-01 03:50:00,Station_29,42.51928124937183,-120.6479300306092,Water,3.67,33.65,12.23,393.91,10,1004.24,0.34
2022-01-01 03:55:00,Station_29,43.39135108336936,-88.43183815158781,Urban,28.78,49.9,12.51,240.88,6,984.35,0.4
2022-01-01 04:00:00,Station_29,27.1199106303763,-94.8185242945142,Urban,4.03,48.46,1.73,186.02,5,1024.35,0.81
2022-01-01 04:05:00,Station_29,40.65941399912676,-89.33696431308108,Water,27.09,35.81,7.83,413.24,6,1001.36,0.89
2022-01-01 04:10:00,Station_29,41.105539344379395,-86.69827028571808,Agricultural,-0.38,48.74,14.3,436.11,6,1049.21,0.22
2022-01-01 04:15:00,Station_29,45.656459029554554,-94.95004081187926,Water,15.92,69.08,4.5,632.16,6,1023.88,0.73
2022-01-01 04:20:00,Station_29,31.592134596936873,-80.03177531627381,Agricultural,25.7,57.33,6.02,935.96,1,1007.74,0.12
2022-01-01 04:25:00,Station_29,25.850956382398294,-104.56526456410265,Urban,25.81,62.15,9.61,801.95,7,1025.27,0.15
2022-01-01 04:30:00,Station_29,44.954966424569506,-102.02140684500999,Barren,25.95,53.77,2.1,328.96,1,1041.92,0.18
2022-01-01 04:35:00,Station_29,36.86296234316152,-113.49121241792768,Water,19.29,39.95,10.93,679.53,7,981.92,0.74
2022-01-01 04:40:00,Station_29,26.114599836219124,-85.13147154954956,Agricultural,25.17,43.32,4.37,762.4,4,993.31,0.13
2022-01-01 04:45:00,Station_29,31.53933307487569,-106.25610580123961,Water,-0.69,72.49,5.61,449.78,1,1010.39,0.66
2022-01-01 04:50:00,Station_29,31.195176676273448,-100.53713994311204,Water,4.44,62.22,5.23,903.2,7,1014.92,0.34
2022-01-01 04:55:00,Station_29,37.976852567464356,-112.03298819148512,Barren,-7.74,67.21,6.36,821.22,10,1044.01,0.8
2022-01-01 05:00:00,Station_29,39.08983263721336,-70.52827789843946,Forest,26.92,81.27,11.11,757.34,6,983.94,0.52
2022-01-01 05:05:00,Station_29,30.42133588860892,-87.93185805301579,Agricultural,33.58,38.64,14.88,550.08,10,1017.84,0.4
2022-01-01 05:10:00,Station_29,37.752180428217606,-107.03837248463762,Barren,13.45,53.51,6.08,821.41,0,1040.04,0.62
2022-01-01 05:15:00,Station_29,36.16907797440881,-74.54257150860458,Agricultural,29.13,67.94,11.54,987.56,6,1041.44,0.12
2022-01-01 05:20:00,Station_29,49.94755673514599,-68.76686994152239,Agricultural,15.94,82.72,7.08,998.07,0,993.22,0.78
2022-01-01 05:25:00,Station_29,48.143036996350695,-124.682037164213,Forest,4.62,36.55,8.91,333.36,2,1001.3,0.76
2022-01-01 05:30:00,Station_29,49.43274433057045,-98.82656257191582,Water,18.13,76.5,11.9,924.33,9,993.49,0.29
2022-01-01 05:35:00,Station_29,38.32195075079937,-82.7459187029612,Forest,-5.56,41.89,9.86,568.83,3,986.58,0.8
2022-01-01 05:40:00,Station_29,29.461776407233046,-119.03347273870084,Barren,14.35,63.86,3.0,247.33,3,1003.76,0.26
2022-01-01 05:45:00,Station_29,26.447548014744605,-120.95499520380498,Barren,11.04,49.3,11.84,841.35,0,1034.09,0.68
2022-01-01 05:50:00,Station_29,49.54869768741992,-114.9869993981607,Water,4.48,47.48,13.21,564.28,2,1000.63,0.48
2022-01-01 05:55:00,Station_29,30.042865658993456,-65.16154413507428,Urban,33.53,72.3,2.45,663.77,2,1008.8,0.73
2022-01-01 06:00:00,Station_29,43.78577148842156,-63.67501856665849,Urban,19.56,67.13,10.5,618.49,5,1037.2,0.42
2022-01-01 06:05:00,Station_29,38.36411308576876,-72.66412001679998,Urban,4.88,56.87,2.36,937.01,4,1033.29,0.84
2022-01-01 06:10:00,Station_29,43.17884857850869,-124.70618658269119,Barren,23.58,60.38,5.49,492.03,3,1039.39,0.32
2022-01-01 06:15:00,Station_29,43.74232578386596,-104.82907724656843,Agricultural,7.35,41.48,5.28,151.49,1,985.85,0.66
2022-01-01 06:20:00,Station_29,44.19067389006892,-124.22834397119213,Barren,-4.17,82.12,12.69,600.14,2,1004.25,0.15
2022-01-01 06:25:00,Station_29,45.46596069990727,-87.78513410572522,Urban,-7.17,33.89,2.77,710.4,5,1047.08,0.79
2022-01-01 06:30:00,Station_29,30.179682898650317,-118.42128692197892,Water,20.77,81.37,3.26,332.48,9,1010.35,0.39
2022-01-01 06:35:00,Station_29,44.993957394107994,-106.85441386596898,Forest,3.26,52.18,5.63,908.23,4,1032.3,0.27
2022-01-01 06:40:00,Station_29,33.481850250817054,-106.8114809355263,Water,22.48,81.48,8.78,822.19,10,1017.79,0.26
2022-01-01 06:45:00,Station_29,33.951543609996975,-102.75820257191123,Barren,3.24,34.75,13.16,239.69,10,1032.36,0.11
2022-01-01 06:50:00,Station_29,25.085456423995968,-88.56800543640767,Barren,-5.28,88.05,13.17,409.4,10,1017.94,0.27
2022-01-01 06:55:00,Station_29,41.49465979149418,-62.803750918509685,Barren,26.8,52.86,3.55,952.31,2,1028.15,0.77
2022-01-01 07:00:00,Station_29,47.62636973501699,-124.4917647138433,Forest,25.44,71.86,13.23,466.64,7,1039.99,0.64
2022-01-01 07:05:00,Station_29,34.72212968746157,-63.153627744233496,Urban,13.53,70.27,2.81,450.76,8,1009.23,0.11
2022-01-01 07:10:00,Station_29,43.684430462457655,-117.18867068326847,Water,4.15,42.99,11.87,468.6,7,984.64,0.19
2022-01-01 07:15:00,Station_29,27.472154358491363,-61.75449274421376,Water,20.62,43.13,14.75,456.16,4,1020.89,0.56
2022-01-01 07:20:00,Station_29,45.78454746212705,-62.860871137317,Barren,18.99,53.95,13.82,828.75,8,997.09,0.39
2022-01-01 07:25:00,Station_29,48.79888288404977,-60.462286856514126,Forest,-1.21,30.96,3.75,188.7,8,1001.82,0.81
2022-01-01 07:30:00,Station_29,32.933802057551574,-122.4061764833067,Barren,17.16,35.92,6.14,661.63,7,1035.05,0.24
2022-01-01 07:35:00,Station_29,28.135631494133058,-102.08841650126641,Agricultural,22.7,57.28,9.87,705.79,9,989.87,0.36
2022-01-01 07:40:00,Station_29,48.92479387568336,-121.97381700459198,Forest,25.29,47.0,4.11,847.8,7,1004.46,0.23
2022-01-01 07:45:00,Station_29,27.194338393838965,-108.96064182805137,Urban,23.96,47.13,11.17,194.79,1,1035.3,0.28
2022-01-01 07:50:00,Station_29,29.59120981605726,-88.87554234841872,Forest,20.03,63.84,12.56,162.89,4,992.63,0.85
2022-01-01 07:55:00,Station_29,31.707461293827308,-106.23836099649765,Urban,-0.85,47.39,11.64,543.72,0,1010.13,0.12
2022-01-01 08:00:00,Station_29,34.61934203284974,-68.30358672167375,Urban,27.25,72.91,5.42,533.98,9,1032.22,0.19
2022-01-01 08:05:00,Station_29,40.211312609896964,-76.5168018518781,Barren,0.6,47.47,2.28,939.99,8,1004.24,0.3
2022-01-01 08:10:00,Station_29,30.453910729052158,-105.51258962876554,Barren,28.61,66.29,14.12,542.86,5,982.93,0.64
2022-01-01 08:15:00,Station_29,26.166542350071005,-95.62117071855357,Barren,-2.9,49.12,9.95,278.65,8,991.91,0.69
2022-01-01 08:20:00,Station_29,28.638902864168397,-105.10684864993672,Agricultural,31.2,83.27,4.42,191.53,9,1002.35,0.45
2022-01-01 08:25:00,Station_29,27.63979744202506,-122.79365109520869,Barren,0.73,35.23,6.09,477.44,9,1015.23,0.36
2022-01-01 08:30:00,Station_29,32.81851202818691,-77.51358553057,Urban,24.59,78.9,8.06,734.52,7,1041.58,0.71
2022-01-01 08:35:00,Station_29,44.61953991109287,-93.62055484574358,Agricultural,-2.86,34.4,12.45,131.38,8,988.23,0.15
2022-01-01 08:40:00,Station_29,25.386225198231987,-86.33288388129526,Forest,18.22,55.82,4.53,965.35,5,1015.52,0.63
2022-01-01 08:45:00,Station_29,34.64420724870166,-78.84696790435761,Barren,26.23,79.74,0.21,133.35,3,984.08,0.64
2022-01-01 08:50:00,Station_29,42.81165409079614,-64.8342422819,Urban,-5.4,54.23,7.22,780.98,2,1045.86,0.34
2022-01-01 08:55:00,Station_29,30.076604664743353,-66.46189253353634,Forest,24.77,83.96,9.99,340.33,0,1004.95,0.51
2022-01-01 09:00:00,Station_29,41.43897820878487,-83.37663482661694,Barren,34.98,74.36,2.06,752.5,7,1014.69,0.61
2022-01-01 09:05:00,Station_29,34.81629214964835,-116.57203127960291,Forest,6.02,31.97,13.34,619.7,3,981.19,0.27
2022-01-01 09:10:00,Station_29,41.274631088170985,-79.17994506102386,Agricultural,7.18,59.2,10.3,980.11,1,1003.42,0.79
2022-01-01 09:15:00,Station_29,39.13413244012898,-109.45351413619927,Water,4.84,74.98,6.03,550.29,3,1005.94,0.83
2022-01-01 09:20:00,Station_29,33.31360936279695,-104.21874018261913,Water,0.77,31.24,4.38,321.07,8,1040.9,0.73
2022-01-01 09:25:00,Station_29,38.47594999044871,-124.65168142299109,Forest,7.28,57.53,8.64,299.87,9,993.03,0.4
2022-01-01 09:30:00,Station_29,38.52561147729263,-109.81375594996437,Forest,22.33,36.34,5.96,257.48,5,1045.86,0.65
2022-01-01 09:35:00,Station_29,28.938408489961983,-104.94781746704297,Barren,21.19,89.53,11.53,900.68,2,1016.24,0.15
2022-01-01 09:40:00,Station_29,40.49869520699121,-61.926742044410375,Agricultural,10.03,82.07,2.34,233.57,0,1000.81,0.48
2022-01-01 09:45:00,Station_29,28.376647034476832,-114.05943974882983,Urban,4.13,70.11,12.24,193.42,0,982.95,0.79
2022-01-01 09:50:00,Station_29,25.67563172541267,-105.89487881577851,Water,-4.5,88.59,7.05,939.83,8,1003.02,0.45
2022-01-01 09:55:00,Station_29,39.94720476303158,-86.5654725958131,Water,30.35,87.87,2.9,474.48,0,1049.95,0.1
2022-01-01 10:00:00,Station_29,47.73584242559353,-119.62893494578742,Water,18.34,38.49,1.06,333.39,4,1033.79,0.18
2022-01-01 10:05:00,Station_29,27.80831695031329,-118.75610030109647,Water,10.17,38.07,5.42,523.38,9,1026.14,0.49
2022-01-01 10:10:00,Station_29,28.051355676282025,-61.705489165652224,Barren,-6.79,33.87,1.16,322.86,0,1040.12,0.64
2022-01-01 10:15:00,Station_29,41.62892703041129,-88.08485102804326,Forest,-1.84,56.88,12.77,495.33,5,1015.77,0.86
2022-01-01 10:20:00,Station_29,48.36825708312206,-118.66917076350941,Barren,10.6,65.54,10.62,305.83,10,1026.91,0.33
2022-01-01 10:25:00,Station_29,25.65822846885108,-119.35300844414448,Water,-3.14,86.0,8.59,411.4,5,1007.76,0.85
2022-01-01 10:30:00,Station_29,45.467160414003175,-94.73168085393462,Water,28.5,70.35,13.67,350.19,2,1025.29,0.4
2022-01-01 10:35:00,Station_29,39.70388005481644,-65.16221161102598,Water,14.05,70.86,9.84,690.57,3,1039.43,0.22
2022-01-01 10:40:00,Station_29,39.27514061967323,-73.16158544262379,Agricultural,16.33,82.22,10.6,611.61,7,997.67,0.53
2022-01-01 10:45:00,Station_29,33.61030762883648,-92.76007976171674,Forest,29.71,43.33,10.19,388.68,5,1033.47,0.61
2022-01-01 10:50:00,Station_29,43.08912375494925,-92.18285375938231,Forest,32.19,34.2,12.11,996.03,8,1014.57,0.22
2022-01-01 10:55:00,Station_29,28.40585326299636,-124.11306513025082,Urban,9.07,41.58,1.73,910.2,7,1044.53,0.18
2022-01-01 11:00:00,Station_29,36.33067553423722,-114.59036010071434,Urban,23.65,66.62,1.87,973.62,9,1018.11,0.21
2022-01-01 11:05:00,Station_29,28.45840283847995,-76.73579098775738,Urban,19.16,75.85,1.48,159.19,10,991.44,0.87
2022-01-01 11:10:00,Station_29,28.182918731849632,-96.3036485954728,Water,22.22,63.78,12.59,285.33,10,1016.47,0.8
2022-01-01 11:15:00,Station_29,35.72278491619417,-71.79129687043644,Agricultural,6.7,43.83,11.45,147.61,6,1034.01,0.11
2022-01-01 11:20:00,Station_29,46.853015044057344,-90.58357294577928,Water,-0.07,47.86,1.98,724.38,10,1003.88,0.48
2022-01-01 11:25:00,Station_29,39.469995948548885,-96.00832243645635,Water,21.11,46.43,2.99,555.43,0,1005.19,0.54
2022-01-01 11:30:00,Station_29,35.17910341166753,-91.3978345328279,Barren,6.7,44.52,2.36,694.65,1,986.23,0.83
2022-01-01 11:35:00,Station_29,38.655986944484155,-94.9495011919463,Water,31.71,36.27,4.99,161.78,1,1004.47,0.59
2022-01-01 11:40:00,Station_29,31.939100046247937,-63.78372100745132,Forest,-4.46,31.94,1.35,954.34,6,1028.63,0.49
2022-01-01 11:45:00,Station_29,35.48019400242435,-116.58194777563078,Urban,34.34,65.5,6.46,854.92,10,1009.64,0.75
2022-01-01 11:50:00,Station_29,29.114999680764967,-118.15975061206645,Agricultural,16.78,72.15,8.97,772.8,9,1022.75,0.72
2022-01-01 11:55:00,Station_29,36.275576481067276,-80.3893815270026,Water,4.95,30.19,0.69,666.23,5,1015.82,0.6
2022-01-01 12:00:00,Station_29,43.63435967306669,-71.26406211794949,Barren,0.06,32.48,12.94,392.28,9,980.07,0.69
2022-01-01 12:05:00,Station_29,39.62214039963842,-100.30785056717062,Barren,9.02,30.21,2.6,262.07,10,1025.83,0.13
2022-01-01 12:10:00,Station_29,29.314965634071005,-69.95206431564074,Urban,2.41,40.05,8.05,212.94,2,1041.8,0.64
2022-01-01 12:15:00,Station_29,48.78801593032242,-67.93711571959514,Barren,34.85,84.43,5.84,503.87,6,1014.22,0.73
2022-01-01 12:20:00,Station_29,35.772853713092815,-74.2274957982199,Water,-0.21,59.48,9.41,556.76,7,992.23,0.69
2022-01-01 12:25:00,Station_29,41.81462799463937,-118.1324052003538,Barren,-4.22,88.9,3.0,760.67,6,980.55,0.68
2022-01-01 12:30:00,Station_29,31.1974753139626,-110.02731237895709,Agricultural,16.86,48.43,14.27,993.86,7,982.24,0.35
2022-01-01 12:35:00,Station_29,45.16238866112624,-75.33663894288537,Water,-6.28,72.06,5.59,456.68,4,1022.57,0.86
2022-01-01 12:40:00,Station_29,31.32608897660505,-62.631148966280094,Forest,14.77,54.29,6.59,790.91,6,995.14,0.57
2022-01-01 12:45:00,Station_29,45.68903641838162,-91.03200352993426,Forest,14.0,48.68,8.4,176.91,2,1017.76,0.47
2022-01-01 12:50:00,Station_29,38.0318797024631,-102.02950341842487,Water,18.14,83.13,1.62,528.7,10,1006.25,0.84
2022-01-01 12:55:00,Station_29,34.745876400328456,-87.672559478712,Agricultural,9.64,59.35,10.32,440.62,1,984.44,0.26
2022-01-01 13:00:00,Station_29,31.863417464200108,-115.0050444395817,Barren,11.23,42.84,6.61,860.73,8,987.44,0.47
2022-01-01 13:05:00,Station_29,43.40566482332447,-114.78594014623671,Forest,-8.92,34.93,4.58,534.4,6,1046.6,0.86
2022-01-01 13:10:00,Station_29,46.426233042713825,-109.22842672845252,Barren,12.73,75.38,10.12,849.33,10,1042.01,0.7
2022-01-01 13:15:00,Station_29,39.92004445987128,-93.51147071463161,Agricultural,4.21,86.72,2.0,864.15,4,1003.06,0.48
2022-01-01 13:20:00,Station_29,25.91387658755621,-61.209027143340556,Urban,25.08,74.58,8.31,880.41,10,1033.05,0.55
2022-01-01 13:25:00,Station_29,28.43880060321966,-107.07998203565833,Urban,-1.12,66.94,14.13,643.97,0,992.29,0.81
2022-01-01 13:30:00,Station_29,49.90241604539766,-69.1329461933952,Urban,-5.68,83.4,7.74,688.7,4,1024.94,0.44
2022-01-01 13:35:00,Station_29,27.49965434354683,-66.19562297476055,Urban,31.02,82.18,13.77,512.0,0,994.86,0.12
2022-01-01 13:40:00,Station_29,30.850280469167046,-84.72795663469527,Barren,32.56,85.7,4.69,754.12,1,990.57,0.73
2022-01-01 13:45:00,Station_29,49.80329439885723,-116.75517493396913,Urban,3.51,45.73,14.24,583.04,7,1004.89,0.4
2022-01-01 13:50:00,Station_29,47.484174844693996,-91.1994791338424,Urban,14.32,48.73,3.89,311.83,10,986.11,0.87
2022-01-01 13:55:00,Station_29,34.22079360775777,-106.83922507577097,Agricultural,12.96,52.96,9.61,750.32,4,1039.77,0.37
2022-01-01 14:00:00,Station_29,26.90337539072028,-71.32933827492494,Barren,24.23,56.0,9.33,602.29,0,1035.32,0.46
2022-01-01 14:05:00,Station_29,39.179922970223814,-66.84450479901824,Water,27.16,71.94,7.63,229.06,10,1033.51,0.21
2022-01-01 14:10:00,Station_29,42.31066483190166,-108.19165086508352,Water,29.63,89.57,9.99,849.81,3,1018.94,0.24
2022-01-01 14:15:00,Station_29,38.19713327947248,-60.08472545593406,Agricultural,5.54,72.13,10.87,250.49,3,989.71,0.4
2022-01-01 14:20:00,Station_29,46.67807356080744,-74.93940879870777,Forest,29.55,57.42,12.65,127.64,5,1022.67,0.56
2022-01-01 14:25:00,Station_29,46.182149480047045,-76.55022510969603,Forest,-4.7,45.97,12.55,267.33,9,986.98,0.74
2022-01-01 14:30:00,Station_29,28.68746245017496,-111.96233757543541,Forest,23.05,88.36,6.01,197.9,6,1019.3,0.86
2022-01-01 14:35:00,Station_29,36.18319115841897,-84.74369250753617,Water,-5.08,77.21,10.84,689.09,7,1044.56,0.48
2022-01-01 14:40:00,Station_29,37.81342131169231,-120.4520239820164,Agricultural,-0.4,62.01,12.79,378.95,2,1021.72,0.65
2022-01-01 14:45:00,Station_29,27.45788589429336,-116.6835026332391,Forest,15.82,42.34,12.23,766.22,2,1023.42,0.87
2022-01-01 14:50:00,Station_29,39.87969663053698,-62.84978178125004,Barren,19.88,31.69,5.21,637.37,2,1039.89,0.47
2022-01-01 14:55:00,Station_29,49.206408892931705,-124.2999783426297,Forest,33.38,36.75,5.69,982.83,7,1022.83,0.69
2022-01-01 15:00:00,Station_29,28.725430322177058,-62.010406768690764,Agricultural,0.03,65.81,8.06,456.4,5,1004.97,0.3
2022-01-01 15:05:00,Station_29,25.54424334857012,-71.3694443071303,Agricultural,34.25,34.2,3.71,473.23,10,1019.72,0.65
2022-01-01 15:10:00,Station_29,28.02436234916576,-87.22573791449489,Water,21.4,36.0,14.28,194.78,0,1037.93,0.54
2022-01-01 15:15:00,Station_29,28.720246223824756,-124.2846266708847,Forest,24.32,82.46,13.06,156.94,9,1046.07,0.17
2022-01-01 15:20:00,Station_29,37.6130729665295,-94.5355381438553,Agricultural,33.84,49.49,14.45,300.53,2,1011.05,0.63
2022-01-01 15:25:00,Station_29,34.55320127987189,-98.73055468911745,Urban,22.45,82.61,4.35,413.14,3,1046.02,0.55
2022-01-01 15:30:00,Station_29,31.093691084249528,-77.81939750464699,Water,10.61,40.06,1.75,335.42,7,980.69,0.11
2022-01-01 15:35:00,Station_29,48.09191488864965,-108.18703994106907,Urban,13.03,37.92,4.92,264.59,9,987.22,0.22
2022-01-01 15:40:00,Station_29,27.10844775295876,-80.77458172442607,Barren,7.51,30.63,9.14,498.96,10,996.72,0.25
2022-01-01 15:45:00,Station_29,29.431019193091593,-109.75309364296612,Forest,-5.91,55.37,3.31,869.52,8,1027.28,0.35
2022-01-01 15:50:00,Station_29,39.3633334624675,-123.4209781370403,Forest,21.16,74.47,10.68,102.81,7,1026.09,0.85
2022-01-01 15:55:00,Station_29,43.06118693672179,-112.50728045950981,Forest,-9.0,64.52,4.23,594.94,0,981.18,0.66
2022-01-01 16:00:00,Station_29,48.33065803440738,-69.511832756162,Agricultural,11.15,32.31,5.24,236.25,4,1029.8,0.65
2022-01-01 16:05:00,Station_29,40.18133389745101,-79.87258262851046,Forest,-6.75,51.23,9.15,308.46,3,1030.81,0.78
2022-01-01 16:10:00,Station_29,28.256324524309072,-66.49582796062987,Barren,11.85,87.32,8.05,586.16,8,1013.45,0.12
2022-01-01 16:15:00,Station_29,25.42216242566808,-86.6736275668309,Water,0.65,63.29,10.48,647.07,7,1016.64,0.78
2022-01-01 16:20:00,Station_29,49.82157078064911,-67.72407403724503,Forest,25.42,60.32,5.01,244.23,0,1002.21,0.74
2022-01-01 16:25:00,Station_29,28.991168903850628,-118.55673338586897,Barren,31.59,68.47,2.29,379.62,9,996.82,0.74
2022-01-01 16:30:00,Station_29,35.6409988817293,-84.86535869521785,Barren,-7.58,57.01,13.98,375.44,10,999.25,0.62
2022-01-01 16:35:00,Station_29,34.30262236480107,-107.00915845296299,Agricultural,-5.96,66.06,6.31,458.72,5,990.62,0.4
2022-01-01 16:40:00,Station_29,43.94166198728212,-100.27450435874741,Agricultural,22.35,56.5,8.01,875.02,9,1045.92,0.45
2022-01-01 16:45:00,Station_29,40.02416449653239,-70.68080745919299,Forest,32.66,79.78,12.31,314.89,0,995.19,0.36
2022-01-01 16:50:00,Station_29,41.23565837443713,-113.9418902354477,Barren,-9.58,75.32,3.09,625.9,2,1002.71,0.74
2022-01-01 16:55:00,Station_29,47.602867372470385,-75.43169168989695,Water,-7.94,61.31,10.66,597.65,10,1042.98,0.49
2022-01-01 17:00:00,Station_29,38.18861782208907,-103.78168640945727,Water,10.56,41.72,8.04,176.1,3,1048.35,0.56
2022-01-01 17:05:00,Station_29,34.825179672405845,-102.20696681515386,Agricultural,21.65,57.29,6.99,489.65,6,1026.97,0.82
2022-01-01 17:10:00,Station_29,41.84058538525941,-86.5958532156115,Forest,11.03,45.58,11.2,302.61,1,993.54,0.37
2022-01-01 17:15:00,Station_29,48.453403004682876,-78.29614683948972,Water,-6.2,51.08,8.3,253.83,0,995.73,0.29
2022-01-01 17:20:00,Station_29,37.06838418183137,-83.57122211714577,Barren,33.67,52.36,2.74,212.5,2,1044.36,0.51
2022-01-01 17:25:00,Station_29,39.769346482440184,-122.58515890827536,Water,11.13,88.72,5.78,179.61,8,999.59,0.88
2022-01-01 17:30:00,Station_29,30.376127404358453,-99.0698727928953,Water,-5.12,88.79,12.28,821.77,4,980.95,0.26
2022-01-01 17:35:00,Station_29,44.824955322048424,-92.1641858756532,Agricultural,-2.92,83.97,14.22,238.86,5,987.93,0.83
2022-01-01 17:40:00,Station_29,27.778055308568714,-85.60190170100273,Forest,11.69,81.41,4.98,159.39,1,1001.8,0.76
2022-01-01 17:45:00,Station_29,40.59660962699104,-69.99070781591752,Agricultural,30.97,35.36,14.19,440.29,0,1002.36,0.42
2022-01-01 17:50:00,Station_29,28.59891361775148,-93.18624609536525,Barren,22.52,81.38,9.27,751.2,10,1033.03,0.87
2022-01-01 17:55:00,Station_29,45.313780687388615,-117.4467989005761,Agricultural,-6.53,70.42,10.18,635.89,2,988.73,0.14
2022-01-01 18:00:00,Station_29,35.03978928324397,-104.99743992720697,Forest,15.29,35.99,6.29,634.46,10,1049.23,0.88
2022-01-01 18:05:00,Station_29,42.457731509198524,-74.92064090774404,Water,9.6,49.1,4.79,622.97,5,1021.0,0.19
2022-01-01 18:10:00,Station_29,30.52650081469278,-76.70514205260433,Agricultural,15.32,33.87,2.98,283.61,7,1022.82,0.55
2022-01-01 18:15:00,Station_29,45.50239904159808,-91.93597315904042,Urban,5.33,57.59,0.58,828.05,8,994.88,0.59
2022-01-01 18:20:00,Station_29,44.37903380002952,-107.58707163926428,Urban,-7.89,75.3,14.8,425.19,4,1033.05,0.5
2022-01-01 18:25:00,Station_29,40.70952548604933,-117.1613466861579,Agricultural,19.16,58.91,12.8,551.17,8,1034.31,0.39
2022-01-01 18:30:00,Station_29,31.68742515709087,-93.5007492976776,Barren,18.31,37.5,10.83,482.89,7,1033.64,0.56
2022-01-01 18:35:00,Station_29,39.47075926239495,-83.39894755707633,Barren,27.27,83.25,13.73,176.75,10,1033.06,0.82
2022-01-01 18:40:00,Station_29,44.15700139989947,-111.68033485427213,Urban,15.65,59.09,13.2,584.25,5,1007.45,0.65
2022-01-01 18:45:00,Station_29,36.40141227793531,-109.07128424573676,Agricultural,18.63,87.56,8.77,441.96,7,1029.3,0.82
2022-01-01 18:50:00,Station_29,45.627590139666594,-79.74906473325309,Barren,19.89,42.93,5.13,641.03,5,1008.71,0.83
2022-01-01 18:55:00,Station_29,42.71442595703891,-65.17185573480555,Water,27.36,31.08,9.29,471.26,5,982.44,0.28
2022-01-01 19:00:00,Station_29,36.70992433211238,-62.30259658551509,Forest,3.39,75.95,1.79,597.91,5,1016.98,0.89
2022-01-01 19:05:00,Station_29,42.624204800539964,-64.07179294115424,Barren,2.1,42.35,14.34,734.23,5,1025.3,0.89
2022-01-01 19:10:00,Station_29,42.310669273193696,-101.19136409924528,Barren,26.83,43.51,13.6,928.13,3,985.1,0.68
2022-01-01 19:15:00,Station_29,48.29887197888508,-114.6405533505911,Urban,-1.12,69.09,0.61,268.47,2,996.06,0.56
2022-01-01 19:20:00,Station_29,29.8665406068542,-118.95117941062107,Forest,5.17,86.29,13.4,171.84,2,1014.32,0.87
2022-01-01 19:25:00,Station_29,48.83771600522575,-114.66519452912536,Forest,3.36,79.81,13.14,216.65,0,1049.93,0.59
2022-01-01 19:30:00,Station_29,47.49495553433608,-99.30381705150204,Forest,5.55,53.53,8.79,343.9,3,1040.08,0.31
2022-01-01 19:35:00,Station_29,39.118055443299696,-92.0271285951963,Water,0.27,73.2,14.32,466.62,2,1000.64,0.54
2022-01-01 19:40:00,Station_29,25.592464295863874,-83.4533271126358,Agricultural,5.17,71.5,0.31,435.97,10,1010.26,0.44
2022-01-01 19:45:00,Station_29,49.19456415291167,-98.8131792110733,Urban,28.73,35.96,13.49,498.22,5,1000.57,0.1
2022-01-01 19:50:00,Station_29,42.23070583867697,-99.89265689240695,Water,20.4,72.56,6.79,313.43,4,999.66,0.31
2022-01-01 19:55:00,Station_29,48.07982777282848,-71.81640925830192,Forest,26.82,53.62,12.48,999.23,4,1007.7,0.21
2022-01-01 20:00:00,Station_29,46.106289469020595,-86.47905664518237,Forest,17.28,49.37,2.49,667.39,5,985.15,0.5
2022-01-01 20:05:00,Station_29,46.023594177057674,-63.00021404846832,Water,16.99,49.06,7.38,989.6,9,1000.67,0.1
2022-01-01 20:10:00,Station_29,28.291094414944524,-77.73921227394246,Water,14.0,86.85,14.62,629.01,5,1035.48,0.4
2022-01-01 20:15:00,Station_29,39.641115883346515,-70.2058533274783,Urban,-3.95,31.57,12.36,561.67,8,1036.02,0.72
2022-01-01 20:20:00,Station_29,47.43175903022481,-105.24861899723177,Barren,8.05,44.97,6.7,664.06,5,983.16,0.68
2022-01-01 20:25:00,Station_29,37.770437571583365,-121.25244679384164,Agricultural,23.77,47.45,0.54,368.36,5,1007.18,0.44
2022-01-01 20:30:00,Station_29,48.75803843166885,-81.65253179193587,Agricultural,-4.91,42.14,14.98,543.1,8,1041.81,0.54
2022-01-01 20:35:00,Station_29,38.494548575624854,-87.9246037197882,Forest,31.64,84.81,8.25,845.57,4,1044.35,0.24
2022-01-01 20:40:00,Station_29,37.35709140472308,-82.36615644834362,Water,13.47,79.95,12.35,237.77,4,997.61,0.35
2022-01-01 20:45:00,Station_29,37.97858893348517,-98.53542178322749,Forest,9.83,40.66,5.15,708.64,3,1041.49,0.18
2022-01-01 20:50:00,Station_29,41.015314569927014,-82.04692294929049,Urban,26.5,44.9,4.29,681.96,3,1002.05,0.44
2022-01-01 20:55:00,Station_29,35.10723183381983,-101.06432809092254,Barren,14.68,87.18,13.76,108.98,0,1003.06,0.54
2022-01-01 21:00:00,Station_29,39.57358834559098,-120.09863463904632,Water,5.21,56.27,9.55,191.92,10,981.24,0.84
2022-01-01 21:05:00,Station_29,25.87164490320695,-75.93737123123694,Urban,5.67,82.7,1.23,531.5,10,1024.06,0.31
2022-01-01 21:10:00,Station_29,43.982437742136774,-99.28179143745673,Agricultural,-4.21,88.92,9.4,322.19,9,1040.47,0.16
2022-01-01 21:15:00,Station_29,33.06491406518449,-105.84482506998933,Water,20.52,30.45,2.47,945.27,4,1036.29,0.22
2022-01-01 21:20:00,Station_29,25.080019863057988,-93.18880918002924,Forest,22.4,69.62,2.59,316.71,2,1042.79,0.45
2022-01-01 21:25:00,Station_29,31.629045133319725,-87.10861206476527,Barren,0.12,47.53,9.14,229.69,2,1014.17,0.16
2022-01-01 21:30:00,Station_29,36.964388517896055,-122.67501709276206,Water,9.91,63.65,9.85,908.35,2,1014.88,0.74
2022-01-01 21:35:00,Station_29,48.29057151199668,-114.29502248982261,Urban,23.33,43.96,11.46,400.7,2,1021.39,0.43
2022-01-01 21:40:00,Station_29,35.397592789113006,-114.86652415282346,Agricultural,29.74,73.21,4.01,357.78,0,983.16,0.32
2022-01-01 21:45:00,Station_29,31.334455628200267,-92.98749082982583,Barren,6.37,81.74,14.03,284.93,7,1032.05,0.85
2022-01-01 21:50:00,Station_29,39.0538755816577,-83.49551199734776,Forest,-6.72,49.61,12.63,546.92,1,1005.96,0.76
2022-01-01 21:55:00,Station_29,31.639044386224658,-111.40458214452657,Urban,22.99,50.53,6.5,850.86,6,986.83,0.71
2022-01-01 22:00:00,Station_29,37.873509473246216,-80.46431169316358,Urban,5.08,60.24,9.5,243.14,1,994.86,0.57
2022-01-01 22:05:00,Station_29,39.609560653570576,-67.76689639426769,Barren,26.57,83.61,11.79,152.69,4,1047.01,0.8
2022-01-01 22:10:00,Station_29,27.59185310892231,-91.6265973791036,Water,-1.09,72.25,0.55,820.28,10,1012.54,0.64
2022-01-01 22:15:00,Station_29,38.71024207485749,-86.9246834877514,Urban,9.3,69.61,6.29,169.76,5,1004.38,0.71
2022-01-01 22:20:00,Station_29,35.91077321904794,-71.74829546431621,Agricultural,31.98,74.87,4.89,440.36,5,1049.59,0.86
2022-01-01 22:25:00,Station_29,25.470491719106427,-72.23114275877148,Barren,0.46,67.65,6.24,269.98,0,1014.69,0.67
2022-01-01 22:30:00,Station_29,41.14687914774083,-90.26677223105943,Water,22.86,32.77,3.52,770.13,3,1029.25,0.23
2022-01-01 22:35:00,Station_29,32.03168411035029,-91.14697227088337,Barren,20.63,38.57,14.62,874.24,5,993.96,0.32
2022-01-01 22:40:00,Station_29,34.314058591903446,-118.75856347328268,Water,27.79,74.92,11.55,276.89,3,996.32,0.86
2022-01-01 22:45:00,Station_29,48.38117268479192,-76.39165584729128,Barren,1.71,52.74,0.73,450.33,7,980.08,0.57
2022-01-01 22:50:00,Station_29,26.94530038276382,-94.37568167845222,Urban,19.81,75.93,2.2,452.2,1,984.06,0.26
2022-01-01 22:55:00,Station_29,42.49523823108966,-124.79838621731868,Barren,15.14,62.54,5.56,496.17,7,983.37,0.8
2022-01-01 23:00:00,Station_29,28.969509831382926,-63.92687207026487,Agricultural,-2.34,42.32,6.49,188.57,5,1025.7,0.28
2022-01-01 23:05:00,Station_29,41.073851139360094,-75.97470760635903,Water,28.98,33.15,9.47,246.61,2,1022.68,0.68
2022-01-01 23:10:00,Station_29,31.178385483756514,-71.22710247495573,Forest,1.63,56.17,6.22,425.26,9,1007.65,0.68
2022-01-01 23:15:00,Station_29,33.72917313315665,-76.11231161638284,Water,13.99,36.7,2.64,880.26,0,1009.42,0.35
2022-01-01 23:20:00,Station_29,35.75844771905891,-96.85004095311565,Agricultural,12.32,49.03,10.45,812.85,2,1022.27,0.69
2022-01-01 23:25:00,Station_29,33.73020751995401,-120.28536952436585,Forest,17.02,88.12,14.41,622.23,0,1017.1,0.61
2022-01-01 23:30:00,Station_29,28.04970965105608,-88.50301278129909,Barren,21.3,62.69,4.97,305.88,10,1045.48,0.8
2022-01-01 23:35:00,Station_29,28.79415901505587,-124.36905079771032,Urban,32.97,70.32,11.32,119.55,7,1017.83,0.83
2022-01-01 23:40:00,Station_29,45.40610196950052,-120.96532240794645,Agricultural,19.68,83.89,4.1,569.4,0,997.74,0.46
2022-01-01 23:45:00,Station_29,46.63710726715202,-120.7212733433897,Urban,17.61,60.23,11.96,183.24,4,1003.03,0.27
2022-01-01 23:50:00,Station_29,38.24930162361694,-119.54993410321015,Forest,-9.98,61.89,12.78,271.57,1,1014.02,0.58
2022-01-01 23:55:00,Station_29,27.28031145976864,-86.31736504789384,Urban,-5.23,58.55,0.9,472.93,4,1030.55,0.65
2022-01-01 00:00:00,Station_30,34.98363431412621,-90.19315393495665,Agricultural,10.0,50.06,2.39,540.22,2,987.9,0.27
2022-01-01 00:05:00,Station_30,30.065759506814818,-69.31786303573693,Water,24.62,31.2,5.43,259.2,9,1033.71,0.69
2022-01-01 00:10:00,Station_30,48.60377803726357,-93.67565450207776,Urban,7.4,81.64,3.08,328.28,3,1033.53,0.65
2022-01-01 00:15:00,Station_30,46.8373093387565,-109.10279877273354,Urban,26.32,39.05,7.99,740.82,10,985.5,0.5
2022-01-01 00:20:00,Station_30,49.999823549462874,-63.72970581164158,Forest,0.15,83.15,5.29,253.27,5,983.15,0.32
2022-01-01 00:25:00,Station_30,27.83918266547117,-70.53411841371084,Barren,28.3,56.82,11.36,379.64,5,1009.97,0.71
2022-01-01 00:30:00,Station_30,25.97263707830623,-86.82246999504241,Barren,15.48,44.83,2.26,964.37,3,1013.1,0.19
2022-01-01 00:35:00,Station_30,45.08482986193724,-60.05716825144667,Urban,-7.26,53.78,4.34,860.25,1,1032.6,0.81
2022-01-01 00:40:00,Station_30,29.509446632359236,-81.22086704435822,Water,-0.33,40.12,1.9,757.31,7,1026.99,0.1
2022-01-01 00:45:00,Station_30,36.22402134864602,-118.29024912801248,Barren,-8.28,57.18,7.72,616.8,5,1042.26,0.25
2022-01-01 00:50:00,Station_30,27.628560688181086,-103.17131843137587,Urban,1.4,76.05,5.05,111.34,6,1045.57,0.2
2022-01-01 00:55:00,Station_30,29.3579792064887,-69.72091382504598,Agricultural,-2.79,74.87,14.77,217.78,8,994.85,0.44
2022-01-01 01:00:00,Station_30,35.454813803649515,-121.17537985228161,Water,-0.95,50.77,2.04,180.93,9,989.26,0.89
2022-01-01 01:05:00,Station_30,38.72375987341235,-84.59461759428119,Urban,13.46,61.69,14.84,204.96,1,989.29,0.58
2022-01-01 01:10:00,Station_30,40.06309544328313,-83.64804881846908,Agricultural,9.41,53.12,13.38,330.64,5,1017.07,0.14
2022-01-01 01:15:00,Station_30,45.12814825299416,-71.21419238163381,Agricultural,18.3,61.42,1.71,179.81,0,1027.32,0.88
2022-01-01 01:20:00,Station_30,39.859153409081514,-61.68488813235463,Water,23.59,49.5,8.24,203.12,2,1030.68,0.37
2022-01-01 01:25:00,Station_30,30.958764504901808,-65.43270150858098,Water,-9.8,66.83,7.6,691.25,1,999.99,0.26
2022-01-01 01:30:00,Station_30,40.006024359204034,-96.9543744530661,Water,-1.39,84.79,13.06,380.92,2,1014.04,0.85
2022-01-01 01:35:00,Station_30,43.98537514759968,-119.60966627588715,Water,-6.86,44.66,8.0,408.26,2,1031.17,0.18
2022-01-01 01:40:00,Station_30,49.66311216665994,-90.03654491680321,Agricultural,2.43,83.89,11.13,459.78,2,1049.49,0.78
2022-01-01 01:45:00,Station_30,46.208770356112645,-72.93584631907763,Urban,28.4,58.43,2.24,638.24,10,1026.98,0.43
2022-01-01 01:50:00,Station_30,28.77614581183774,-116.8986784638664,Forest,19.86,41.86,6.88,678.34,2,980.1,0.79
2022-01-01 01:55:00,Station_30,41.6151739999301,-87.34846064364734,Agricultural,12.63,65.01,6.54,217.89,2,986.21,0.48
2022-01-01 02:00:00,Station_30,35.04150336725776,-60.3334019747593,Forest,30.25,59.49,12.63,888.03,4,1027.26,0.68
2022-01-01 02:05:00,Station_30,47.32381422808474,-95.56912718334303,Forest,14.34,35.2,1.02,330.59,3,981.23,0.89
2022-01-01 02:10:00,Station_30,46.98920893913021,-64.16522385445592,Urban,28.0,55.24,1.2,366.26,2,981.76,0.75
2022-01-01 02:15:00,Station_30,49.16321474675374,-115.09511157360359,Urban,26.04,30.31,3.85,930.39,3,987.22,0.11
2022-01-01 02:20:00,Station_30,27.44636711151468,-102.77088123303616,Forest,19.58,78.96,5.35,162.88,1,1018.16,0.66
2022-01-01 02:25:00,Station_30,48.83378594644117,-100.09050310900801,Barren,24.91,60.56,10.03,203.55,5,994.18,0.72
2022-01-01 02:30:00,Station_30,32.303808139453935,-74.86228062481591,Forest,4.24,80.85,14.52,859.08,3,1023.35,0.57
2022-01-01 02:35:00,Station_30,49.37368755021805,-89.9302660646728,Barren,13.71,59.71,4.94,140.3,2,1021.68,0.51
2022-01-01 02:40:00,Station_30,34.05477145728519,-76.4447593279323,Barren,-0.16,78.22,0.74,554.5,9,982.79,0.31
2022-01-01 02:45:00,Station_30,27.10918598701906,-70.5880422961734,Urban,9.66,32.26,14.65,153.78,4,1011.07,0.42
2022-01-01 02:50:00,Station_30,42.254400062311674,-76.36884247648953,Forest,8.76,53.54,9.06,787.03,0,987.95,0.42
2022-01-01 02:55:00,Station_30,25.314043762167543,-91.19463551705964,Water,-0.56,44.06,12.43,734.11,1,994.6,0.49
2022-01-01 03:00:00,Station_30,29.494167183977027,-97.55636354180382,Forest,30.8,59.75,11.39,760.39,7,1016.57,0.12
2022-01-01 03:05:00,Station_30,31.089749839383195,-121.07715744267986,Urban,34.81,57.81,11.2,224.5,6,990.82,0.26
2022-01-01 03:10:00,Station_30,26.559088687235874,-96.70737151394212,Barren,18.58,89.87,4.3,891.6,1,980.55,0.64
2022-01-01 03:15:00,Station_30,26.160435678421635,-78.43266211594135,Water,32.23,62.74,4.99,736.18,8,1003.39,0.33
2022-01-01 03:20:00,Station_30,36.77772585141868,-118.8396380721025,Agricultural,-8.62,61.91,7.74,517.98,6,1029.3,0.11
2022-01-01 03:25:00,Station_30,31.18429401478609,-96.33811345070218,Urban,30.34,32.7,12.88,500.0,9,1032.29,0.13
2022-01-01 03:30:00,Station_30,35.56750610987474,-118.36746858934357,Barren,26.85,65.57,0.59,681.72,10,987.82,0.47
2022-01-01 03:35:00,Station_30,45.988417206840325,-117.784491435382,Barren,10.86,35.0,6.73,326.35,9,1037.54,0.71
2022-01-01 03:40:00,Station_30,36.73952906210817,-112.120553449456,Urban,13.09,33.61,4.02,650.5,8,982.3,0.79
2022-01-01 03:45:00,Station_30,48.63963322660088,-78.3118588092323,Urban,20.56,79.9,4.96,188.7,3,1048.08,0.23
2022-01-01 03:50:00,Station_30,48.46581895855975,-66.76586051427117,Forest,2.89,89.31,4.49,107.6,1,989.26,0.54
2022-01-01 03:55:00,Station_30,48.31949649836996,-104.32157656067588,Urban,-2.82,69.46,1.32,839.12,1,1022.85,0.29
2022-01-01 04:00:00,Station_30,37.36913205214092,-112.03554997342766,Forest,-9.99,60.05,4.86,233.27,6,1011.62,0.51
2022-01-01 04:05:00,Station_30,40.54843596698321,-101.36604474274716,Agricultural,20.88,56.1,2.73,620.33,7,1015.28,0.59
2022-01-01 04:10:00,Station_30,44.517579419373405,-122.19650307123926,Urban,9.11,69.28,4.11,756.83,6,987.86,0.76
2022-01-01 04:15:00,Station_30,30.83450254531627,-76.58601516190942,Forest,3.59,34.84,10.84,266.69,1,983.54,0.28
2022-01-01 04:20:00,Station_30,45.726377922090535,-63.90654835774701,Water,-8.33,74.78,7.21,566.33,10,981.9,0.74
2022-01-01 04:25:00,Station_30,29.367445975792972,-122.16272667705499,Barren,22.78,36.43,14.17,895.58,3,982.92,0.77
2022-01-01 04:30:00,Station_30,34.653272362100985,-70.74071344663096,Forest,18.14,86.96,14.64,346.51,5,1005.73,0.84
2022-01-01 04:35:00,Station_30,37.644167533649075,-92.05540479122669,Forest,24.63,61.99,6.72,623.03,6,1022.18,0.77
2022-01-01 04:40:00,Station_30,46.5552644617012,-91.29890873283796,Urban,-8.65,61.13,8.32,651.93,1,991.12,0.88
2022-01-01 04:45:00,Station_30,29.083842205905555,-121.72931106250877,Agricultural,18.1,35.25,7.8,462.74,8,1012.41,0.63
2022-01-01 04:50:00,Station_30,40.074369054497495,-71.3680499408251,Barren,17.28,63.46,7.11,284.28,4,1008.58,0.47
2022-01-01 04:55:00,Station_30,36.14303173814854,-74.60836059793002,Barren,4.06,58.54,12.42,158.04,9,993.9,0.78
2022-01-01 05:00:00,Station_30,41.978467262516105,-96.33292422505767,Urban,30.12,62.91,12.75,551.27,4,1001.58,0.82
2022-01-01 05:05:00,Station_30,48.88523299364455,-86.10438673031267,Agricultural,-3.66,30.87,7.67,365.61,10,981.88,0.86
2022-01-01 05:10:00,Station_30,32.72824438517904,-82.9361938811922,Forest,32.47,43.17,1.32,454.1,10,1038.5,0.44
2022-01-01 05:15:00,Station_30,42.39306573946058,-92.7543682100036,Barren,7.59,41.49,9.33,225.02,7,1025.81,0.48
2022-01-01 05:20:00,Station_30,25.754232072854585,-109.18266141315542,Forest,6.76,52.34,0.96,476.35,3,1026.94,0.75
2022-01-01 05:25:00,Station_30,40.47056972463899,-91.96177899476345,Agricultural,6.81,49.75,6.01,599.83,8,1042.43,0.77
2022-01-01 05:30:00,Station_30,43.51801427208713,-106.84581076156297,Agricultural,-5.66,62.72,6.17,294.5,9,1023.94,0.82
2022-01-01 05:35:00,Station_30,25.5430818932132,-111.38489580204738,Urban,14.21,55.19,0.96,533.59,7,1001.74,0.26
2022-01-01 05:40:00,Station_30,33.052798642259305,-81.6539454618181,Barren,22.07,81.02,3.89,824.9,4,985.67,0.36
2022-01-01 05:45:00,Station_30,37.45906812744869,-92.63970365748358,Agricultural,17.8,72.83,13.64,647.66,7,1008.45,0.29
2022-01-01 05:50:00,Station_30,49.945319772327665,-75.77087432288718,Urban,17.9,44.25,3.27,706.24,2,1008.78,0.41
2022-01-01 05:55:00,Station_30,44.3249846008609,-84.34403436468153,Barren,1.09,48.78,13.47,954.36,6,981.59,0.87
2022-01-01 06:00:00,Station_30,31.824262217913606,-84.19955510761747,Water,-0.07,38.08,7.24,451.7,10,1034.45,0.88
2022-01-01 06:05:00,Station_30,36.83973972377275,-90.17340227449223,Urban,4.43,71.77,4.75,614.35,2,1000.91,0.5
2022-01-01 06:10:00,Station_30,49.89407089670105,-112.46515529463709,Forest,-8.46,62.06,6.65,457.17,6,983.85,0.3
2022-01-01 06:15:00,Station_30,42.800013385201694,-117.19401285115643,Water,-5.39,86.25,0.7,197.23,2,1039.27,0.87
2022-01-01 06:20:00,Station_30,29.153440998575526,-82.28965815169536,Forest,29.97,56.79,14.76,495.39,0,1020.13,0.14
2022-01-01 06:25:00,Station_30,45.8402747371709,-110.64318694123585,Forest,13.88,50.85,6.63,645.43,8,1003.97,0.61
2022-01-01 06:30:00,Station_30,29.91323440408352,-83.48787446975082,Forest,21.21,72.23,10.02,672.29,6,1048.91,0.37
2022-01-01 06:35:00,Station_30,32.95015972378124,-93.47257881707546,Barren,8.83,86.58,2.66,320.36,5,1018.0,0.31
2022-01-01 06:40:00,Station_30,46.780387541611,-108.46683781879497,Urban,-4.43,79.51,12.56,386.62,4,1027.81,0.51
2022-01-01 06:45:00,Station_30,26.69037059844416,-116.11470225770036,Barren,6.04,61.06,12.11,367.15,8,1037.26,0.18
2022-01-01 06:50:00,Station_30,34.44884697967124,-116.6498370250254,Agricultural,18.24,76.12,7.65,496.25,8,1002.12,0.43
2022-01-01 06:55:00,Station_30,45.613646069783016,-106.11765550599043,Urban,11.11,84.31,9.23,381.68,2,1049.93,0.23
2022-01-01 07:00:00,Station_30,48.781072229339,-101.024625488829,Water,19.58,73.95,11.65,292.93,0,1012.62,0.28
2022-01-01 07:05:00,Station_30,29.95130901212705,-66.00713740899232,Urban,33.3,57.4,9.52,889.63,10,998.13,0.64
2022-01-01 07:10:00,Station_30,28.84749613722297,-61.08980266800401,Forest,28.23,49.31,1.42,845.58,1,1030.23,0.75
2022-01-01 07:15:00,Station_30,31.62869311607024,-102.35988271227083,Agricultural,6.83,83.9,6.33,413.59,3,984.65,0.82
2022-01-01 07:20:00,Station_30,29.926163391435953,-114.56187678350463,Barren,11.09,67.22,2.11,662.49,4,1027.93,0.7
2022-01-01 07:25:00,Station_30,27.25915488320084,-74.1453733020871,Urban,15.48,87.7,4.06,104.24,8,1048.14,0.56
2022-01-01 07:30:00,Station_30,25.42295568534599,-72.12825236787563,Water,11.67,33.34,1.55,145.47,9,983.92,0.41
2022-01-01 07:35:00,Station_30,30.014380317875002,-66.47966886994926,Water,5.76,44.74,3.55,362.47,6,1002.66,0.76
2022-01-01 07:40:00,Station_30,44.95018139804044,-70.40946385331813,Barren,-2.86,88.12,4.22,211.85,2,1013.81,0.13
2022-01-01 07:45:00,Station_30,49.2491066930139,-112.6920958892826,Water,12.42,56.1,5.95,137.75,10,1022.08,0.53
2022-01-01 07:50:00,Station_30,44.24058209804858,-83.24890187083369,Forest,10.11,66.52,14.8,158.93,8,1010.66,0.86
2022-01-01 07:55:00,Station_30,45.515659969279106,-115.02089430135555,Forest,18.4,79.43,12.01,997.93,0,993.27,0.84
2022-01-01 08:00:00,Station_30,31.577508676447792,-76.7332214384868,Forest,15.52,83.95,3.87,154.81,2,1016.6,0.29
2022-01-01 08:05:00,Station_30,33.01624125817513,-115.14599999500274,Barren,21.42,61.31,1.58,752.16,0,1041.12,0.46
2022-01-01 08:10:00,Station_30,41.405068353779626,-120.08281196141832,Water,1.49,71.54,1.92,751.76,9,1010.08,0.29
2022-01-01 08:15:00,Station_30,44.86361696972395,-100.24702328182813,Agricultural,4.29,61.97,2.37,313.03,5,994.23,0.56
2022-01-01 08:20:00,Station_30,33.50264198214098,-62.48479248721742,Agricultural,31.45,40.78,11.79,808.28,3,999.78,0.75
2022-01-01 08:25:00,Station_30,49.398946187359456,-101.39017881228123,Urban,20.62,79.64,1.6,432.48,9,1000.27,0.35
2022-01-01 08:30:00,Station_30,34.98392897848027,-83.38360816934971,Barren,2.65,77.55,5.12,976.01,5,1044.9,0.8
2022-01-01 08:35:00,Station_30,28.970891483752816,-90.38707071599933,Barren,20.08,82.87,9.48,748.02,7,1015.04,0.86
2022-01-01 08:40:00,Station_30,36.156282444237945,-109.52055656477978,Forest,-9.67,32.01,14.0,859.38,3,1039.75,0.54
2022-01-01 08:45:00,Station_30,29.541494400837916,-87.02626437542946,Water,17.18,38.6,9.2,184.62,2,1026.9,0.78
2022-01-01 08:50:00,Station_30,27.831042453984132,-109.97456144597008,Forest,33.19,87.68,13.5,421.51,0,1002.35,0.48
2022-01-01 08:55:00,Station_30,36.71970928226625,-109.02243123425487,Forest,-6.11,88.69,4.2,364.09,6,1030.68,0.31
2022-01-01 09:00:00,Station_30,34.806955266336985,-73.97550873271395,Water,30.43,51.77,1.08,763.07,10,1029.26,0.28
2022-01-01 09:05:00,Station_30,26.45944024328441,-114.68710001195333,Water,0.74,78.0,12.51,175.07,5,1029.95,0.64
2022-01-01 09:10:00,Station_30,41.63747078271419,-68.88139442660852,Agricultural,32.34,33.03,11.91,420.44,0,984.58,0.88
2022-01-01 09:15:00,Station_30,48.31024332343529,-118.40373695022382,Forest,18.98,77.1,2.72,435.34,10,1028.53,0.61
2022-01-01 09:20:00,Station_30,45.4289284666411,-63.910090018463244,Water,0.3,40.38,2.52,438.53,1,1000.07,0.76
2022-01-01 09:25:00,Station_30,42.3050464290379,-90.52179208737348,Agricultural,31.81,85.07,8.66,250.62,7,1028.95,0.84
2022-01-01 09:30:00,Station_30,33.29332660394384,-70.85951056887433,Urban,23.38,30.61,14.39,215.44,5,984.3,0.71
2022-01-01 09:35:00,Station_30,27.476318155310864,-90.33916669399105,Forest,30.74,59.31,9.3,232.17,0,1005.25,0.81
2022-01-01 09:40:00,Station_30,49.32849286705714,-91.75267526458434,Urban,31.09,72.1,10.54,133.63,8,995.69,0.11
2022-01-01 09:45:00,Station_30,37.36043627254524,-99.40117327403613,Agricultural,20.84,69.45,1.63,467.41,0,1041.56,0.74
2022-01-01 09:50:00,Station_30,32.175006617069236,-123.65922252197628,Barren,19.74,51.73,14.75,907.26,5,1014.11,0.26
2022-01-01 09:55:00,Station_30,44.966906043241025,-60.081783120487685,Urban,34.35,46.4,14.74,797.54,0,1025.91,0.78
2022-01-01 10:00:00,Station_30,28.761165315669704,-64.16918436116087,Agricultural,34.95,56.5,0.67,392.92,8,1014.8,0.38
2022-01-01 10:05:00,Station_30,25.818391483290746,-87.02708104329814,Water,11.33,39.49,13.81,293.68,8,1042.0,0.22
2022-01-01 10:10:00,Station_30,29.17859439431288,-109.58591406007415,Forest,8.84,35.58,8.27,630.46,2,980.77,0.27
2022-01-01 10:15:00,Station_30,35.436757533936515,-64.07662785927167,Barren,30.42,58.04,1.58,626.11,10,1002.26,0.47
2022-01-01 10:20:00,Station_30,47.99003161291856,-102.99974501436367,Agricultural,27.81,64.67,3.47,650.76,4,982.22,0.85
2022-01-01 10:25:00,Station_30,36.19141903666019,-77.79804800269905,Agricultural,16.6,64.13,12.11,959.48,6,1045.97,0.54
2022-01-01 10:30:00,Station_30,34.076860977307476,-62.959173974972245,Agricultural,15.91,58.9,11.89,152.3,0,1008.32,0.5
2022-01-01 10:35:00,Station_30,26.915528268453656,-70.50845480892139,Urban,25.22,38.58,8.61,166.25,8,1048.04,0.66
2022-01-01 10:40:00,Station_30,39.37198108217047,-98.42886766295089,Barren,-9.88,48.03,7.72,548.58,1,1007.84,0.42
2022-01-01 10:45:00,Station_30,34.12733211571679,-116.27816376359694,Barren,16.71,87.14,11.77,986.41,5,981.05,0.79
2022-01-01 10:50:00,Station_30,31.47753395317409,-91.57935440992024,Forest,28.35,81.0,12.9,499.52,9,1040.41,0.6
2022-01-01 10:55:00,Station_30,34.15627338123218,-90.7560059333116,Agricultural,9.23,80.57,11.6,306.17,0,999.76,0.72
2022-01-01 11:00:00,Station_30,25.671664927834854,-79.45418512055954,Urban,21.64,72.51,7.26,810.9,1,1008.9,0.45
2022-01-01 11:05:00,Station_30,40.943601744574835,-63.38547029661795,Water,5.37,47.76,2.57,635.48,7,1015.37,0.75
2022-01-01 11:10:00,Station_30,49.492632191050106,-61.80569564233586,Agricultural,27.8,45.82,3.13,697.84,8,1041.33,0.28
2022-01-01 11:15:00,Station_30,41.3462909475189,-71.57871976630672,Urban,24.22,43.17,10.4,772.73,5,1036.43,0.22
2022-01-01 11:20:00,Station_30,25.67245554771171,-123.2059695891991,Urban,15.4,39.72,10.78,299.51,7,1000.08,0.49
2022-01-01 11:25:00,Station_30,45.6314951177784,-106.20685644395547,Forest,25.31,55.93,14.26,881.27,10,1030.59,0.64
2022-01-01 11:30:00,Station_30,43.060372095649086,-112.5961579537074,Forest,25.21,40.05,10.71,919.8,0,1023.52,0.14
2022-01-01 11:35:00,Station_30,38.56210842463499,-115.88464558893715,Urban,32.35,44.02,3.25,570.62,0,1045.58,0.57
2022-01-01 11:40:00,Station_30,42.78755949008601,-74.74627150746832,Water,-8.33,84.24,10.3,701.27,1,1038.4,0.24
2022-01-01 11:45:00,Station_30,45.37035555404056,-87.01526637365163,Urban,-8.19,69.97,11.42,164.83,6,1033.01,0.7
2022-01-01 11:50:00,Station_30,39.54052437053179,-100.10269995831872,Agricultural,30.0,78.67,11.96,116.97,5,1010.5,0.13
2022-01-01 11:55:00,Station_30,37.75078023511503,-71.01901278568833,Urban,29.7,44.96,2.72,257.9,2,1041.38,0.8
2022-01-01 12:00:00,Station_30,49.440729219222575,-66.95100130527581,Urban,3.83,36.66,11.08,135.39,9,1012.52,0.19
2022-01-01 12:05:00,Station_30,48.969207068075036,-115.5219904413854,Urban,11.28,33.32,0.88,723.09,10,1048.77,0.58
2022-01-01 12:10:00,Station_30,47.96015136672148,-82.7993352488835,Agricultural,6.78,30.05,0.08,651.57,1,992.62,0.69
2022-01-01 12:15:00,Station_30,33.597737645357114,-100.21716502005731,Agricultural,12.96,83.17,1.97,138.78,4,1034.26,0.42
2022-01-01 12:20:00,Station_30,33.11122997894884,-67.67134687191012,Water,21.12,47.01,2.53,150.91,5,1041.5,0.82
2022-01-01 12:25:00,Station_30,43.92512639590258,-79.63952011392152,Agricultural,7.52,48.85,4.87,427.39,2,1020.81,0.65
2022-01-01 12:30:00,Station_30,45.98919052451919,-123.82077312513968,Water,6.72,65.26,0.03,484.37,9,1012.75,0.69
2022-01-01 12:35:00,Station_30,30.81468158107282,-93.36259578494635,Water,14.86,30.43,8.91,259.9,2,982.24,0.67
2022-01-01 12:40:00,Station_30,44.1858720585667,-77.12925101582418,Forest,-4.59,67.03,8.35,681.9,1,980.69,0.23
2022-01-01 12:45:00,Station_30,29.303671163724765,-115.60718124271553,Urban,32.9,31.52,10.42,751.03,10,1045.3,0.33
2022-01-01 12:50:00,Station_30,28.131271910993398,-73.67267287833491,Forest,30.16,43.65,7.58,495.49,9,1004.03,0.61
2022-01-01 12:55:00,Station_30,34.98589804960963,-65.79324795104925,Water,-3.91,51.04,0.77,688.61,9,1014.91,0.49
2022-01-01 13:00:00,Station_30,29.073547909416238,-87.9645766792309,Forest,-6.37,36.22,5.2,571.54,0,1048.03,0.41
2022-01-01 13:05:00,Station_30,38.672952994720305,-112.75133551977095,Urban,20.63,57.34,3.15,913.88,10,1044.0,0.43
2022-01-01 13:10:00,Station_30,38.453624132232875,-117.02553341128868,Forest,30.11,36.19,14.12,544.98,7,1009.81,0.38
2022-01-01 13:15:00,Station_30,43.103664868410206,-119.82736817673266,Agricultural,11.12,63.08,8.88,578.29,8,991.94,0.61
2022-01-01 13:20:00,Station_30,39.46437596815114,-61.31082183522336,Barren,21.93,64.28,4.72,810.33,1,1045.45,0.82
2022-01-01 13:25:00,Station_30,33.14202936875698,-107.7438006955357,Water,-1.52,54.94,5.13,467.56,9,1004.79,0.67
2022-01-01 13:30:00,Station_30,36.19962820858731,-65.9611467418629,Forest,2.65,62.1,8.52,759.63,9,988.8,0.25
2022-01-01 13:35:00,Station_30,36.006396088228264,-71.03427533452206,Forest,6.19,46.1,1.03,205.14,1,1019.8,0.48
2022-01-01 13:40:00,Station_30,44.66395169547222,-109.3140385748205,Agricultural,-4.39,42.04,2.87,510.77,2,1005.6,0.69
2022-01-01 13:45:00,Station_30,31.967012301303374,-71.0954572253689,Agricultural,12.97,55.43,0.87,157.13,9,1023.2,0.73
2022-01-01 13:50:00,Station_30,30.334829091583828,-78.8501302647403,Water,6.75,83.18,2.51,812.41,1,1046.7,0.74
2022-01-01 13:55:00,Station_30,29.811122610652195,-105.41891455538274,Forest,-8.51,67.98,6.44,853.88,8,981.79,0.84
2022-01-01 14:00:00,Station_30,26.56426172666494,-110.31016584652727,Water,22.28,68.09,6.62,902.93,6,1017.59,0.37
2022-01-01 14:05:00,Station_30,33.38277324893254,-106.68640704060553,Urban,-8.08,34.97,9.31,919.13,3,993.23,0.64
2022-01-01 14:10:00,Station_30,26.33837201745232,-75.60440167032661,Water,2.77,44.95,14.76,171.53,1,984.36,0.69
2022-01-01 14:15:00,Station_30,31.128694391095745,-60.63535563163309,Water,1.07,56.04,9.33,779.93,2,1021.28,0.31
2022-01-01 14:20:00,Station_30,48.63510553264574,-117.28346341715269,Agricultural,1.0,30.45,6.17,400.36,8,1025.69,0.65
2022-01-01 14:25:00,Station_30,31.26834517776941,-113.65964801460134,Water,17.55,30.71,8.13,933.47,0,1006.9,0.27
2022-01-01 14:30:00,Station_30,45.53057980420397,-115.04972440312554,Water,-6.01,88.39,9.59,989.61,10,992.51,0.7
2022-01-01 14:35:00,Station_30,33.278584304815794,-109.14355695522549,Barren,-3.7,49.61,12.11,961.53,0,980.06,0.45
2022-01-01 14:40:00,Station_30,38.818615416806125,-85.81707336081922,Forest,-6.22,78.07,10.17,816.8,3,1013.68,0.47
2022-01-01 14:45:00,Station_30,37.838249484745944,-88.55698647062628,Agricultural,2.16,47.65,5.95,131.05,6,997.16,0.22
2022-01-01 14:50:00,Station_30,43.29313976157275,-76.3637614209045,Urban,33.22,83.24,12.4,611.41,9,1012.23,0.12
2022-01-01 14:55:00,Station_30,40.84498019766413,-70.59636835159617,Barren,26.41,76.75,5.03,264.01,5,980.98,0.81
2022-01-01 15:00:00,Station_30,28.728740778188964,-105.21357033039891,Water,16.07,70.32,6.57,686.33,8,999.31,0.38
2022-01-01 15:05:00,Station_30,47.77752891911172,-117.05364054892519,Barren,18.69,55.49,2.83,292.05,1,983.85,0.22
2022-01-01 15:10:00,Station_30,42.97918309594989,-76.93488424797457,Agricultural,4.78,73.25,11.36,482.91,10,988.09,0.53
2022-01-01 15:15:00,Station_30,40.15281327363023,-90.64879479450494,Forest,-6.57,49.18,10.4,959.36,5,994.92,0.16
2022-01-01 15:20:00,Station_30,38.25598607703509,-60.331896391988636,Agricultural,28.96,77.67,14.23,905.82,1,997.57,0.15
2022-01-01 15:25:00,Station_30,47.40894117557886,-77.35048594535101,Barren,29.73,55.6,3.33,286.38,7,1036.33,0.28
2022-01-01 15:30:00,Station_30,49.707398416701885,-68.81906266851996,Barren,10.46,85.25,1.8,960.66,6,1021.67,0.39
2022-01-01 15:35:00,Station_30,46.98844745877975,-114.99703057108695,Agricultural,1.84,79.55,13.67,533.44,10,1017.21,0.8
2022-01-01 15:40:00,Station_30,30.634285337154196,-109.91257626751971,Forest,23.08,54.54,14.92,657.28,2,1049.92,0.39
2022-01-01 15:45:00,Station_30,25.350251293927283,-113.45210364841594,Agricultural,35.0,46.98,14.44,823.8,7,1022.32,0.11
2022-01-01 15:50:00,Station_30,40.66627534764545,-114.61056911652022,Agricultural,-6.79,70.05,5.5,673.21,3,981.93,0.84
2022-01-01 15:55:00,Station_30,47.88639354213355,-63.748360008471494,Barren,28.17,80.93,5.37,684.73,6,991.64,0.62
2022-01-01 16:00:00,Station_30,46.63877783464266,-99.02571107842567,Agricultural,-5.12,74.51,8.52,214.54,8,1037.47,0.27
2022-01-01 16:05:00,Station_30,30.01520948212693,-122.93408569090536,Urban,-9.83,83.54,10.88,388.92,6,985.4,0.63
2022-01-01 16:10:00,Station_30,29.451144633086628,-69.25837266112416,Urban,7.52,32.55,8.57,782.87,5,1042.7,0.7
2022-01-01 16:15:00,Station_30,26.640407469931933,-104.38106121712795,Barren,29.57,56.93,3.5,259.98,1,1039.62,0.89
2022-01-01 16:20:00,Station_30,29.672579955248352,-80.00540791490491,Agricultural,30.85,32.51,7.47,412.29,6,1046.09,0.79
2022-01-01 16:25:00,Station_30,29.75923514941733,-93.0145605015702,Forest,-7.27,89.54,0.6,921.46,8,1005.41,0.58
2022-01-01 16:30:00,Station_30,30.890502362474432,-104.7529739816579,Agricultural,-4.46,80.12,5.9,217.3,7,1005.84,0.16
2022-01-01 16:35:00,Station_30,47.52781375144623,-63.56621805117464,Water,5.26,33.67,7.51,375.29,10,1037.81,0.86
2022-01-01 16:40:00,Station_30,34.240812424196704,-112.63609072673475,Forest,12.86,73.3,3.46,584.55,9,999.93,0.16
2022-01-01 16:45:00,Station_30,39.82042691152128,-103.23457957971623,Agricultural,32.44,51.41,12.25,810.76,0,1028.01,0.83
2022-01-01 16:50:00,Station_30,39.031512767886035,-72.22382794700877,Forest,1.96,51.29,9.84,101.11,5,1002.11,0.24
2022-01-01 16:55:00,Station_30,26.54580656021694,-114.21195431399599,Urban,-2.86,56.5,14.87,144.96,7,1021.9,0.78
2022-01-01 17:00:00,Station_30,37.50282297370656,-76.91160100742664,Forest,9.06,60.24,11.55,682.97,4,992.44,0.5
2022-01-01 17:05:00,Station_30,29.655879506078048,-90.02546262953015,Forest,3.79,60.14,10.06,329.92,10,1017.67,0.77
2022-01-01 17:10:00,Station_30,39.32532857331404,-86.06715088772158,Water,-3.37,44.25,9.99,920.03,0,1048.91,0.15
2022-01-01 17:15:00,Station_30,33.81230224451406,-91.65622753577937,Urban,33.12,72.69,1.9,170.38,2,985.49,0.38
2022-01-01 17:20:00,Station_30,25.737797666928888,-68.37898572747714,Forest,3.67,52.19,6.09,664.27,6,980.63,0.12
2022-01-01 17:25:00,Station_30,31.549475875789547,-100.99298093205009,Water,24.56,38.03,8.65,665.96,6,1011.39,0.5
2022-01-01 17:30:00,Station_30,43.07182507268884,-65.41190798517742,Water,-0.22,88.27,3.28,399.93,0,1022.02,0.27
2022-01-01 17:35:00,Station_30,45.80950872378058,-70.11114568504831,Agricultural,17.46,66.02,14.79,196.6,6,1006.69,0.28
2022-01-01 17:40:00,Station_30,29.433607753968133,-60.22517370343951,Agricultural,21.65,38.24,1.7,500.68,7,990.41,0.18
2022-01-01 17:45:00,Station_30,36.978268101768776,-63.77363137641217,Urban,33.11,62.7,9.02,350.53,0,1008.65,0.27
2022-01-01 17:50:00,Station_30,42.273261597233706,-95.05054525523524,Water,12.13,43.52,8.62,899.04,9,999.45,0.25
2022-01-01 17:55:00,Station_30,33.520222574488265,-69.8492770481478,Forest,32.76,89.07,3.5,432.68,5,1015.97,0.82
2022-01-01 18:00:00,Station_30,48.709184732445124,-108.69303141342087,Water,-8.87,70.66,8.94,669.34,4,1025.44,0.15
2022-01-01 18:05:00,Station_30,40.3737917485357,-68.2948348015081,Agricultural,17.63,75.47,13.43,891.65,8,980.79,0.52
2022-01-01 18:10:00,Station_30,46.763928208975315,-68.91435615105374,Agricultural,26.97,53.44,10.74,218.91,5,1027.02,0.85
2022-01-01 18:15:00,Station_30,32.062168169731535,-67.32475775357801,Urban,31.39,79.62,10.19,672.66,4,1014.76,0.45
2022-01-01 18:20:00,Station_30,42.958178909010826,-118.5729535213062,Water,27.3,34.14,2.72,827.33,4,1033.44,0.31
2022-01-01 18:25:00,Station_30,43.745572571008154,-78.10198130509987,Water,1.37,35.4,10.34,291.6,4,1019.34,0.24
2022-01-01 18:30:00,Station_30,46.59545145303238,-61.78127144656579,Water,25.63,60.3,1.51,108.48,7,1004.76,0.75
2022-01-01 18:35:00,Station_30,37.27474536476619,-119.03345352483427,Water,-7.29,78.22,5.43,715.99,5,1046.65,0.67
2022-01-01 18:40:00,Station_30,25.05287894909962,-68.5999872236028,Water,-5.39,55.84,13.53,546.68,9,1027.11,0.8
2022-01-01 18:45:00,Station_30,48.110484428807595,-122.51172149707473,Urban,6.29,32.02,9.87,494.93,1,1038.28,0.82
2022-01-01 18:50:00,Station_30,48.67057964812357,-108.20001207765814,Agricultural,29.74,75.25,10.07,680.82,8,1009.3,0.21
2022-01-01 18:55:00,Station_30,40.24293417523708,-91.03861633059776,Forest,3.82,50.83,6.77,217.98,6,1022.82,0.65
2022-01-01 19:00:00,Station_30,49.1942085289939,-79.83605820108555,Urban,-5.68,57.97,1.53,732.14,9,1025.41,0.23
2022-01-01 19:05:00,Station_30,31.04758137503775,-99.84350442339871,Forest,0.54,41.17,0.32,759.98,5,1029.98,0.56
2022-01-01 19:10:00,Station_30,45.67681654169574,-121.18846046473249,Barren,26.8,57.39,11.92,811.55,8,991.01,0.89
2022-01-01 19:15:00,Station_30,41.19711785517757,-103.74872164563769,Agricultural,-7.27,70.02,5.02,589.92,1,981.24,0.78
2022-01-01 19:20:00,Station_30,42.1097095906294,-100.09862521528083,Barren,-7.4,60.79,8.21,769.53,1,1035.6,0.24
2022-01-01 19:25:00,Station_30,36.471618900899465,-96.90069994376452,Water,25.08,83.07,6.52,795.96,1,1005.29,0.52
2022-01-01 19:30:00,Station_30,37.765776874803365,-61.99517951238379,Urban,25.4,40.21,14.44,964.63,9,1021.24,0.89
2022-01-01 19:35:00,Station_30,46.407989143627006,-121.30164997229919,Barren,21.5,66.71,6.59,834.67,1,1041.64,0.59
2022-01-01 19:40:00,Station_30,40.41895716326076,-114.2022973719175,Urban,10.03,84.53,7.82,597.42,0,1017.3,0.8
2022-01-01 19:45:00,Station_30,36.25969709048265,-65.10934932125252,Agricultural,22.32,66.25,13.69,362.24,7,1005.44,0.89
2022-01-01 19:50:00,Station_30,44.3327256979758,-91.71381380414022,Forest,12.17,83.99,14.72,837.9,5,995.08,0.77
2022-01-01 19:55:00,Station_30,32.81869968167124,-67.1052717502277,Urban,12.42,64.72,3.67,520.45,3,1035.41,0.62
2022-01-01 20:00:00,Station_30,33.09724349320034,-88.45500384211579,Urban,30.63,72.09,2.87,469.55,0,1019.07,0.64
2022-01-01 20:05:00,Station_30,49.77804768871691,-108.99275036686112,Forest,-8.85,52.72,3.56,799.1,0,1024.6,0.44
2022-01-01 20:10:00,Station_30,34.99130835507144,-73.9279043276153,Urban,1.78,42.39,12.9,593.45,4,984.82,0.89
2022-01-01 20:15:00,Station_30,31.83230343240398,-110.69269204747519,Forest,14.38,78.59,6.01,476.98,4,1009.1,0.89
2022-01-01 20:20:00,Station_30,34.64254809736524,-85.56843086800868,Urban,2.85,44.71,14.54,253.88,3,1023.54,0.36
2022-01-01 20:25:00,Station_30,34.156598147029236,-61.08723810349179,Barren,26.36,67.83,0.1,335.6,5,1008.91,0.44
2022-01-01 20:30:00,Station_30,31.422095047199022,-104.00525734163587,Forest,18.69,67.41,4.0,390.64,1,1027.14,0.52
2022-01-01 20:35:00,Station_30,28.088951179016984,-122.41020481007482,Urban,-3.74,35.76,4.61,234.46,8,982.05,0.36
2022-01-01 20:40:00,Station_30,36.75699101947902,-85.73124137514097,Urban,1.69,70.5,12.79,555.15,8,1037.34,0.36
2022-01-01 20:45:00,Station_30,37.969987133203325,-79.94628926370123,Urban,8.31,57.16,1.82,851.5,7,987.71,0.74
2022-01-01 20:50:00,Station_30,36.80272799308473,-105.06339764880772,Water,1.9,77.7,14.19,801.26,7,1039.1,0.63
2022-01-01 20:55:00,Station_30,32.062760624986545,-81.63035941226714,Agricultural,0.4,54.91,8.31,344.96,10,1024.04,0.87
2022-01-01 21:00:00,Station_30,37.89923196675622,-77.33621561982542,Water,3.18,43.27,14.53,241.67,7,984.28,0.27
2022-01-01 21:05:00,Station_30,27.215331794615473,-91.33355651374342,Barren,21.63,70.29,14.85,524.55,9,1028.49,0.27
2022-01-01 21:10:00,Station_30,49.60062605111804,-109.70269686974764,Urban,-4.02,40.36,8.83,275.51,4,1044.91,0.79
2022-01-01 21:15:00,Station_30,25.19827313212494,-74.75923499216665,Water,22.07,41.42,9.33,733.53,6,1009.09,0.52
2022-01-01 21:20:00,Station_30,49.62488325886196,-79.5258895253575,Agricultural,20.02,41.87,3.83,560.09,7,1040.91,0.1
2022-01-01 21:25:00,Station_30,46.51274310722074,-62.66817834673242,Forest,16.35,58.44,6.26,612.28,4,1043.52,0.44
2022-01-01 21:30:00,Station_30,48.402560667162305,-91.3831275609428,Water,-1.39,84.62,5.49,103.65,0,1038.24,0.74
2022-01-01 21:35:00,Station_30,26.363525514374846,-97.59817404223057,Barren,-9.36,36.91,11.64,562.49,0,1048.48,0.77
2022-01-01 21:40:00,Station_30,33.862744759346015,-72.13442847377328,Agricultural,-9.89,73.83,2.46,338.26,8,992.77,0.26
2022-01-01 21:45:00,Station_30,35.53056665932994,-104.37768930266941,Forest,21.41,71.26,11.35,219.45,6,1019.2,0.67
2022-01-01 21:50:00,Station_30,26.12375722215612,-104.05738638304463,Urban,10.5,81.49,5.06,834.31,8,1029.94,0.38
2022-01-01 21:55:00,Station_30,40.67093371506864,-66.42205564937441,Urban,19.21,51.03,11.79,634.55,0,991.86,0.87
2022-01-01 22:00:00,Station_30,29.49355119644846,-78.81586613919202,Urban,30.36,39.23,11.56,354.24,10,983.67,0.62
2022-01-01 22:05:00,Station_30,43.07285497929784,-66.14056569553105,Forest,-8.78,48.78,11.93,111.7,1,999.13,0.33
2022-01-01 22:10:00,Station_30,36.32314955555047,-110.42101425196365,Agricultural,-0.05,30.63,8.42,346.6,7,1041.28,0.15
2022-01-01 22:15:00,Station_30,34.7100816054286,-124.48375911591171,Agricultural,6.9,69.87,7.76,372.55,7,1044.47,0.39
2022-01-01 22:20:00,Station_30,39.75117081077461,-99.09495989489002,Water,12.8,43.28,0.05,366.45,5,1041.13,0.14
2022-01-01 22:25:00,Station_30,37.61070890426948,-96.03024067765142,Urban,6.49,47.61,12.01,519.17,7,1018.06,0.69
2022-01-01 22:30:00,Station_30,30.46081213261816,-73.19160625033624,Barren,-6.17,68.72,9.82,997.81,5,1014.7,0.27
2022-01-01 22:35:00,Station_30,49.917792583921084,-74.97359405952925,Forest,16.22,65.6,10.92,926.82,9,1014.76,0.12
2022-01-01 22:40:00,Station_30,41.680990190028,-83.63120025386965,Water,21.0,84.14,10.43,716.43,0,1022.74,0.79
2022-01-01 22:45:00,Station_30,33.53311382536417,-76.0336945462342,Forest,4.62,67.59,13.98,634.24,9,991.06,0.48
2022-01-01 22:50:00,Station_30,35.24826810466447,-74.10118956717156,Forest,0.57,68.88,10.87,205.56,1,1015.66,0.59
2022-01-01 22:55:00,Station_30,44.98818278483172,-82.22103626674155,Water,-3.75,41.85,5.2,367.0,5,1029.45,0.54
2022-01-01 23:00:00,Station_30,31.637212278312525,-118.16294080236571,Barren,-8.85,44.47,5.27,354.33,8,1038.28,0.18
2022-01-01 23:05:00,Station_30,47.642858061557725,-83.31834656596752,Agricultural,7.29,56.16,3.38,287.57,5,986.93,0.69
2022-01-01 23:10:00,Station_30,36.54373002910113,-83.1677082703244,Water,9.73,71.81,0.29,726.35,5,980.7,0.67
2022-01-01 23:15:00,Station_30,26.759048301167148,-87.77247259308996,Water,12.81,58.33,7.5,944.28,4,1008.67,0.37
2022-01-01 23:20:00,Station_30,44.90747970874233,-62.60096961657554,Barren,-2.45,35.2,2.6,168.87,0,997.95,0.39
2022-01-01 23:25:00,Station_30,26.93378922125965,-70.98890037705777,Forest,-0.67,64.88,10.87,983.13,7,1018.31,0.39
2022-01-01 23:30:00,Station_30,27.921441612123317,-71.82984034405115,Urban,4.16,32.49,11.74,201.78,1,1016.87,0.64
2022-01-01 23:35:00,Station_30,48.96207465140995,-116.14657231242846,Urban,-2.82,40.45,2.81,781.04,2,1010.11,0.73
2022-01-01 23:40:00,Station_30,31.37049466883063,-123.57685001375165,Water,24.06,32.83,2.9,218.68,3,1036.35,0.26
2022-01-01 23:45:00,Station_30,28.927942272223596,-105.57348104806285,Water,1.32,37.65,7.64,494.85,6,1026.52,0.67
2022-01-01 23:50:00,Station_30,32.978446814566055,-62.86709142188817,Barren,33.59,65.24,6.37,752.68,3,1021.55,0.8
2022-01-01 23:55:00,Station_30,34.98489938232936,-84.98514758580355,Water,-6.61,70.37,14.44,436.52,3,1027.87,0.88
